text,language,emotions
"बाबू जी, हमारे टोले के साहूकार ने टर्च लाकर हमारी माँ को हाथापाई की और पुलिस थाने में जाकर गाली-गलौज कर रहा है, हम गरीब लोगन की रोजी-रोटी पर काली फासल में खून झोंका जा रहा है।",hi,"anger,fear,help_seeking"
"थानेदार साहब ने हमारी शिकायत का कागज़ तोड़ दिया और कहा कि दबंगों से खुद समझौता करो, वरना हमें भी गिरफ्तار कर देंगे, अब बेचारे को क्या करना चाहिए?",hi,"intimidation,hopelessness,panic"
"हमारी पुर्खों की पट्टा जमीन पर घुसपैठिए ने ट्रैक्टर लगाकर फसल वलाहट कर दी है और हमारे बुढ़े पिता को कुएं में डालने की धमकी दे रहे हैं, कोई जल्दी से आओ।",hi,"immediate_danger,fear,panic"
"एफआईआर दर्ज करवाते-करवाते छह महीने हो गए, अब आरोपी अपने लोगों के हवाले से हमारे खिलाफ गलत एफआईआर दर्ज करा दी है और पुलिस हमें गिरफ्तार करने चली आ रही है।",hi,"panic,fear,intimidation"
"पुरस्कार राशि तीन साल से पोर्टल पर लंबित है और वकील ने भी संपर्क बंद कर दिया है, अब इस खलिहान और खेत की मरम्मत की जिम्मदारी किस पर होगी?",hi,"others,hopelessness"
"अभी-अभी दस-पाँच दबंग हमारे गली के बाहर खड़े हैं, हथियार लेकर चिल्ला रहे हैं कि अभी दरवाज़ा नहीं खोला तो गमला छोड़ देंगे, प्लीज़ मुझे बचा लो।",hi,"fear,panic,immediate_danger"
"थानेदार जी, हमने एफआईआर दर्ज करवाई थी पर अब वही लोग हमारे खिलाफ फर्जी एफआईआर दर्ज करवा रहे हैं, पुलिस साहूकारों की सुनती है, अब मौत का साहारा कोई नहीं।",hi,"intimidation,help_seeking,anger"
"सर, कल का दिनांक परियोजना स्टेटस क्या है और फ़ाइल किस अफ़सर के पास रुकी है, कोई जल्दी नहीं है बस सूचना चाहिए।",hi,others
"हमारे कुएँ पर हाथी ले जाएँगे तो पानी नहीं मिलेगा, इसको लेकर ग्राम प्रधान ने धमकी दी है कि कोर्ट में रख देंगे, पर ज़मीन का पट्टा हमारे नाम है।",hi,"intimidation,help_seeking"
"मेरी बहन को दारू पीकर धक्का दिया, अब बहस हो रही है और यह गाली-गलौज कर रहा है, पूरा घर शोर से गिर रहा है।",hi,"fear,panic,immediate_danger"
"क्या यहाँ वकील के तमाम विवरण मिल जाएँगे, वरना कल ब्रॉडवे जाकर जमा कर दूँगा।",hi,others
"सामाजिक बहिष्कार में आ गए हैं, कपड़ा नहीं मिलता, अब ज़िंदा रहना मुश्किल हो गया है।",hi,"hopelessness,sadness"
"थाने में जाएँ तो चाय पीते हैं, एफआईआर दर्ज न करवाएँ, यह जो कानून है वह सिर्फ़ अमीरों के लिए है।",hi,"anger,help_seeking"
"हमारे खेत की सीमा पर पत्थर चढ़ाए, अब कोई चेतावनी देकर नहीं, बल्कि सीधे हमला कर रहे हैं।",hi,"immediate_danger,anger,fear"
"मैंने कल कॉल किया था, फाइल नंबर 1234 का क्या स्थिति है, कोई जल्दी नहीं है बस सूचना चाहिए।",hi,others
"प्रधान ने हमारी जात के लोग हटा दिए, अब खेत का रास्ता रोक दिया है, अब हम क्या करेंगे।",hi,"intimidation,anger"
"हमारे घर के सामने स्टोनथ्रोइंग हो रहा है, लोग खौफ़ में हैं, अब मौत के मुँह में हैं।",hi,"fear,immediate_danger,panic"
"क्या यहाँ फाइल की कॉपी मिल जाएगी, वरना कल फोन कर दूँगा।",hi,others
"मेरे पिताजी को ज़मीन के कारण धमकी मिली है, अब कोई काम नहीं कर पा रहे, घर में मोहल्ला-नहीं।",hi,"intimidation,fear,help_seeking"
"हमारी बस्ती में लाइट गुल है, अब रात में निकलना मुश्किल, ये लोग रोशनी क्यों बंद करते हैं।",hi,"fear,help_seeking"
"सर, मैंने यह नंबर देखा था, क्या यह सही है, वरना मुझे कोई जल्दी नहीं है।",hi,others
"PoA relief fund ka paise 6 mahine se late hai, bank se bohot baar pucha hai par koi jawab nahi, humare ghar ka kharcha nahi ho raha.",hinglish,"help_seeking,others"
"Thanedhar ji FIR nahi likha rahe hue, kehte hain 'shanti karo', par unhone meri aankhein maari hain aur dhamki di hai case wapas lene ki, ab ghar pe bhi darr se jaag nahi sakte.",hinglish,"fear,intimidation,panic"
"Hamari ladki ki scholarship ka online status 'pending' hai abhi bhi, admission par kya karein, koi follow-up number nahi milta office se.",hinglish,"help_seeking,others"
"Gaon ke choupar pe jate hi unhone humein 'bhangi' kehte hue pattiyaan phainki, isliye ab bacchon ko school nahi bhej sakte, bahut beizzati hui hai.",hinglish,"anger,sadness,fear"
"Medical examination report police station mein hi pade hai 2 hafte se, doctor ne signature nahi kiya, ab hospital se nikaal loge kya?",hinglish,"panic,help_seeking"
"Humare tola ki saray ka drainage kharab hai, baarish mein paani ghar mein aa raha hai, panchayat wale karte hain shabash par.",hinglish,"others,anger"
"Unhone hamare khali khan ke paas aake daru pe karke galli-galouch ki aur yahan se jaane se roka, ab unke logon ka society mein bahishkar ho raha hai.",hinglish,"fear,intimidation,sadness"
"False FIR humare papa ke khilaf file ki hai bas isliye kyunki humne unki bheemiya roke mein jagah di thi, ab jail ke dar se sote nahi hain.",hinglish,"fear,panic,hopelessness"
"Legal aid lawyer ka phone baar baar band hai, court ki date 2 din baad hai aur humein kya jawaab dena hai wo nahi pata.",hinglish,"panic,help_seeking"
"Temple ke aangan mein ghoomne se mana kiya gaya, gauron ke bachche bhi humein chamke hue dekh rahe the, dil behad dard kar raha hai.",hinglish,"sadness,anger"
"Compensation portal par amount nahi aaya, jab bank mein pucha toh kehte hain 'frozen', koi kisi se baat nahi karta, hum khali duniya mein hain.",hinglish,"hopelessness,anger,others"
"Pichli docket number 204 par koi update nahi, bas bata do ki case chalu hai ya nahi, hum subah se saans rukhi hui hai.",hinglish,"help_seeking,others"
"Unhone kehte hain ki agar tu appeal karega toh teri shaadi tod denge, ab shaadi mein jana nahi chahta darr se.",hinglish,"intimidation,fear"
"Hamari girl friend ko unhone handpump paas se hata kar bithaya, usne rote hue keha ki wo yahan nahi rukkar paati, humein bhi sarkar se madad chahiye.",hinglish,"sadness,anger,help_seeking"
"Beti ki umar 16 saal hai, abhi se unhone uski shaadi ke liye dhamki dene lagi hain, aggar mana kiya toh ghar jalayenge kahte hain.",hinglish,"fear,intimidation,panic"
"Village road ki repair ke liye 3 mahine se letter chala raha hai, par abhi tak koi aaya nahi, zameen par girke girne se bach nahi pa rahe.",hinglish,"others,anger"
"बापूजी, अब ही तीन-चार दबंग हमारी खिड़की के बाहर खड़े हैं और पत्थर फेंक रहे हैं, दरवाजा अंदर से बंद है और हम डरे हुए हैं, तुरंत पुलिस भेजो नहीं तो जान से मार देंगे।",hi,"fear,panic,immediate_danger,help_seeking"
"थानेदार ने कार्रवाई से इनकार कर दिया है और कहा है कि वह जाति से जुड़ा मामला नहीं है, अब हमारा गुस्सा बहुत बढ़ गया है क्योंकि वे हमारी बेइज्जत से प्यार करते हैं।",hi,anger
"न्याय मंत्री जी, मेरी पिछली शिकायत नंबर 14566 के तहत 15 दिन से लंबित है, कोई फ़ोन नहीं आया और न ही कोई जवाब मिला, कृपया स्थिति की जानकारी दें।",hi,others
"हमारे टोले के बाहर रोज़ शाम को दारू पीकर गाली-गलौज होता है और हमारी औरतों को घेरकर खड़े रहते हैं, थानेदार सुनता ही नहीं, अब हम डरे हुए हैं।",hi,"fear,intimidation"
"सच कहूं तो अब और उम्मीद नहीं रही, बार-बार एफआईआर दर्ज कराने गए लेकिन कागज़ फाड़ दिया गया, अब क्या करें?",hi,"hopelessness,sadness"
"उस समय फ़ोनों पर धमकी दी गई कि रात में घर में आकर सबको मार डालेंगे, अब हम पूरा परिवार डरे हुए हैं और रात को खुलकर सो नहीं पा रहे हैं।",hi,"fear,intimidation,panic"
"कुएं के पानी का इस्तेमाल करने की अनुमति नहीं दे रहे हैं और धमका रहे हैं कि यदि कोशिश की तो पानी में डूबे देंगे, यह सामाजिक बहिष्कार अब जान लेने तक जा रहा है।",hi,"intimidation,fear,anger"
"पिछले महीने बारिश में खेत का रास्ता बह गया, फिर भी इलाके के बाबू जी नलियां नहीं खुलवा रहे हैं, इसलिए खलिहान तक नहीं जा पा रहे।",hi,others
"मैं बहुत डरा हुआ फ़ोन कर रहा हूं, अभी ही एक भीड़ हमारी बस्ती की ओर बढ़ रही है जिसके हाथ में लोहे की सलाखें हैं।",hi,"panic,immediate_danger,fear"
"एफआईआर दर्ज होने के बाद भी पुलिस धीमी कार्रवाई कर रही है और आरोपी को छुड़ा रही है, यह बड़ी नाराजगी की बात है।",hi,anger
"स्कॉलरशिप का पैसा तीन महीने से नहीं आया है और कॉलेज में फिर से आगे नहीं बढ़ा सकते हैं, कोई मदद संभव है?",hi,others
"हमारे घर के आस-पास खेत में उनकी धरना प्रदर्शन की वजह से हमारा खेत बर्बाद हो गया, लेकिन पुलिस ने उन्हें रोकना ही नहीं चाहा।",hi,"anger,hopelessness"
"सोचिए, हमारी औरतों को सरेआम बेइज्जत किया गया और पुलिस ने तुरंत एफआईआर दर्ज नहीं की, इससे हमारी ज़िंदगी तबह हो गई है।",hi,"anger,sadness"
मैं फ़ोन कर रही हूं क्योंकि अभी ही मोटरसाइकिल पर बैठे चार लड़के हमारे घर के बाहर घूम रहे हैं और खतरे की धमकियां दे रहे हैं।,hi,"fear,panic,help_seeking"
"पूर्व शिकायत के ट्रैकिंग नंबर 123456 पर कोई अपडेट नहीं मिला है, क्या यह मामला कानून के तहत निपटाया जा रहा है?",hi,others
"हम डरे हुए हैं और रो रहे हैं, साहूकार ने हमारी ज़मीन का पट्टा छीनने की धमकी दी है और बता रहा है कि रोज़ कॉर्टर लाएगा।",hi,"fear,intimidation,sadness"
"Sir, main chahata hoon ki meri docket number 2231 ka status check kar diya jaye, kya hearing fix ho chuki hai?",hinglish,"help_seeking,others"
"Thanedhar ne kaha ki bina drinking water ka masla solve kiye FIR nahi likhenge, hum log abha tak pyasa hain.",hinglish,"anger,hopelessness"
"Kheti ka kacha kaatne ke chakkar mein unhone hamare ghar ke saamne khadi gaadi mein baithkar gande comments kiye, ab darr lag raha hai.",hinglish,"fear,intimidation"
"Barber se baal katwane gaye toh nehi kiya, bola hai ki tum logon ki khushi se nahi katunga, poora gaon boykot kar chuka hai.",hinglish,"sadness,hopelessness"
Kya 14566 office kal Sunday ko khula hai? Mujhe koi legal aid documents dene hain.,hinglish,"help_seeking,others"
"DSP ji ne 5 din se phone uthaya hi nahi, while police ne sirf daroga ke through message bheja hai ki compromise karo.",hinglish,"anger,hopelessness"
"Hamare bachche school mein seat par nahi baitha ja raha, teacher se lekar principal tak sab unki chakkar mein kharch ho chuke hain.",hinglish,"sadness,fear"
"Dara dhamkiyan mil rahi hain ki agar case wapas nahi liya toh raat ko ghar mein aag laga denge, family bohot scare hai.",hinglish,"fear,intimidation,panic"
"Mere pita ji ka patta dubara kar diya gaya hai, system mein naam hi nahi hai, koi kaam nahi ho raha hai.",hinglish,"anger,hopelessness"
Kya main apna complaint register karwane ke liye bina police station jaaye yahan se document submit kar sakta hoon?,hinglish,"help_seeking,others"
"Chauपाल par logon ne kaha ki agar humne apni madad maangi toh poora gaun humara buniyaad wala kaat dega, ab kaise zinda rahein?",hinglish,"fear,hopelessness,sadness"
Police station ke darwaze par hi unhone complaint paper phat diya aur bola ki yahan aise logon ko koi sunta nahi hai.,hinglish,"anger,intimidation"
"Abhi kuch pal pehle hi unhone hamare ghar ke bahar dhaaril hathiyar dikha kar dhamki di hai, turant action lijiye.",hinglish,"immediate_danger,panic,fear"
"Mere case ki file police office mein hi pithi padi hai, 3 mahine se koi progress nahi hai, kya karun?",hinglish,"hopelessness,anger"
Kya legal aid ke liye kaun se specific documents chahiye hote hain? Sirf Aadhaar aur Ration card kaafi hai ya kuch aur bhi?,hinglish,"others,help_seeking"
"Unhone hamare ghar ka kuwa band kar diya hai, ab paani ke liye 5 km door jaana padta hai, itni badi yaagya kiski hai.",hinglish,"sadness,hopelessness,anger"
"बाबू जी, थाना-कचहरी में बात सुनने वाले कोई नहीं है, हम गरीब लोगन की गुहार किससे करें? वकीलों को भागीशन देने की पैसा नहीं है।",hi,"help_seeking,hopelessness"
"पंचायत में बैठक चल रही थी तो एक ने मेरे साथ पानी उतारने की गाली दी, सबके सामने शर्मसार कर दिया, अब घर में बैठकर रोना पड़ रहा है।",hi,"sadness,anger,help_seeking"
"अभी-अभी दो-तीन दबंग लठिया लेकर टोला में घुस आए हैं, कह रहे हैं अगर एफआईआर दर्ज नहीं हुई तो कुआँ मिला देंगे।",hi,"immediate_danger,fear"
"पोछा वंडर का पैसा 6 महीने से पड़ा है, कार्यालय वाला कहता है थोड़ा और रुकिए, हमें दवाइयों के लिए पैसे की ज़रूरत है।",hi,"others,help_seeking"
"रात को घर के बाहर आवाज़ें आ रही हैं, हमारे बच्चे डर के मारे सो नहीं पा रहे, कोई पुलिस मुंह नहीं लाने वाली।",hi,"fear,panic,help_seeking"
"हमारे खलिहान पर आग लगा दी गई, कचरा भी नहीं बचा, अब रोजी-रोटी का क्या होगा? इलाके वाले सब देख रहे हैं और कोई मदद नहीं कर रहा।",hi,"hopelessness,anger,fear"
"स्कॉलरशिप का पैसा अगले साल की फीस के लिए ज़रूरी है, बट्टा में कटौती कर दी है, इस बात की कार्रवाई कब तक होगी?",hi,"others,help_seeking"
"मंडी में मेरी बहन को बैलियों से नहीं खड़ा होने दिया, जिससे बेइज्जत हुई, अब वह बाहर निकलना भी नहीं चाहती।",hi,"sadness,anger,intimidation"
"लिखित शिकायत की फाइल नंबर 1234 की स्थिति बताइए, पिछले उम्मीदवार ने वादा किया था लेकिन अब नंबर बदलने लग गए हैं।",hi,others
"चारपास वाले ने कहा है कि हमारा टोला ज़मीन पर नजर नहीं आना चाहिए, हाथापाई करके हमारे घर का दरवाजा तोड़ दिया।",hi,"fear,intimidation,anger"
"हैंडपंप की मरम्मत के लिए आवेदन करवाया है, पानी की कमी से बच्चे बीमार पड़ रहे हैं, कोई जवाब नहीं मिल रहा।",hi,"help_seeking,others"
"पेट्रोल से भरकर घर पर फेंकने की धमकी दी है, अब हम अपने-आपके घर में भी सुरक्षित नहीं हैं, प्लीज मदद करो।",hi,"immediate_danger,panic,fear"
"दशहरा पर हमारा पट्टा नहीं दिया गया, उल्टे हमें बाहर निकाल दिया गया, सामाजिक बहिष्कार से ज़िंदा जले हुए लगते हैं।",hi,"sadness,hopelessness,anger"
"जब मैंने थानेदार से पूछा तो उसने कहा कि यहाँ का काम नहीं है, अब हम किससे शिकायत करें?",hi,"help_seeking,hopelessness"
"बारिश में टोले का नाला गंदा हो गया, बच्चों को स्कूल ले जाना मुश्किल हो गया है, ग्राम पंचायत की ओर से कोई कदम नहीं उठाया गया।",hi,"others,help_seeking"
"सुना है कोई जलوسा निकलने वाला है जो हमारे टोले की नाराज़गी प्रकट करेगा, मैं डरी हुई हूँ, घर में अकेली हूँ।",hi,"fear,panic,help_seeking"
"Namaste sir, 14566 helpline ke office timings kya hain? Mujhe legal aid ke liye apply karna hai, documents list chahiye.",hinglish,others
"Mera docket number 4521 hai, status check kar sakte hain? Koi update toh nahi aaya abhi tak, tension hai thodi.",hinglish,"others,help_seeking"
"Abhi abhi 30-40 dhabnge hamare ghar ke bahar aaye hain, patang hai jaan le loge, police abhi tak nahi aayi, dar se kaanp rahi hain.",hinglish,"immediate_danger,panic,fear"
"Panchayat mein humare ghar ko chhupa kar 'halal' nahi bolne diya, humiliation ke saath wahan se nikala gaya, family abhi tak darzde hai.",hinglish,"sadness,anger,help_seeking"
"Thanedar ne FIR nahi likhi, bola ho ghar pe baith jao, ab dhamki mil rahi hai case wapas lene ki, kya karun sir?",hinglish,"intimidation,anger,help_seeking"
"Mere bete ko school se nahi jaane diya, teacher ne bhi jaatisuchak gaali di, main parwarish kar raha hoon, dil toot gaya hai.",hinglish,"sadness,anger,help_seeking"
"Kaliyug chal raha hai, dhabngon ne khali zameen par hamla kiya, chappal-se maar rahe hain, police sirf dekh rahi hai, koi madad nahi kar rahi.",hinglish,"anger,fear,help_seeking"
"Sir, main jaanta nahi hoon ki SC/ST act ke under kya claim kar sakta hoon? Thoda details de dijiye calm tone mein.",hinglish,"others,help_seeking"
"Abhi ek mota dhabnga hamein gali de ke chhod gaya, humne kuch nahi kaha, bas dar gaye, ab pareshan hain.",hinglish,"fear,sadness,help_seeking"
"Hamari basti ke logon ko kuan pichne se mana kar diya gaya, bina kisi wajah ke, bas caste ke chakkar mein, humara hi toh paani hai.",hinglish,"anger,help_seeking"
"Police line mein jaakar bhi complaint nahi li gayi, baapuji ke aadmiyon se dar ke, ab kya karun? Koi batayein sudhaar kaise milega.",hinglish,"help_seeking,anger,fear"
"Mere ghar ke saamne koi insaan nahi aur, sirf dhabngon ke saath police khadi hai, hum toh khaali hain, koi sunega hi nahi.",hinglish,"hopelessness,anger"
"14566 par call karke sirf information chahiye, kya documents legal aid ke liye chahiye? Koi khaas form hai ya nahi?",hinglish,others
"Abhi abhi ek aadmi hamare ghar ke bahar khada hai, haath mein katari hai, aur galti se humein dekh liya, dar lag raha hai sir.",hinglish,"immediate_danger,fear,panic"
"Social boycott ka shor machao rahe hain baazaar mein, koi khana nahi de raha, koi rozi nahi de raha, kya karein hum?",hinglish,"help_seeking,anger,hopelessness"
"Hamein temple ke andar jaane nahi diya, wahan ke logon ne galti se humein dikhte hi makkhan daal diya, ab toh ghar mein bitha hain.",hinglish,"sadness,anger,help_seeking"
"बाबू जी, रात को दारू पीकर दबंगों ने हमारी झोपड़ी में आग लगा दी, अब हम शरमिंदे बसते हैं।",hi,"fear,panic,sadness,help_seeking"
"पट्टे का जमीन छीनने के लिए लठिया मारी गई है, हाथ टूट गया है पर थानेदार कह रहा है एफआईआर नहीं हो सकती।",hi,"anger,fear,help_seeking"
"हम गरीब लोगन का कुआँ बंद कर दिया है, दबंग बोलते हैं पानी नहीं मिलेगा, प्यास से मरना पड़े तो देखा।",hi,"hopelessness,intimidation,fear"
थाने में जाकर शिकायत लिखवाई तो कागज़ फाड़कर कह दिया कि पीड़ित को सौंभर लेना।,hi,"anger,hopelessness"
"बाबूजी, मेरी बेटी की शादी में जातिसूचक गालियाँ दी गईं, अब घर से बाहर निकलने की हिम्मत नहीं है।",hi,"fear,sadness,intimidation"
"खलिहान में हानर कटवा रहे थे तभी ट्रैक्टर आकर बीच रास्ते आकर खड़ा कर दिया, डर के मारे काम छोड़कर भाग आए।",hi,"fear,panic"
"महिलाओं को बेइज्जत करते हुए देखा है, काँप-काँप कर रहते हैं, कोई न्याय नहीं मिलता।",hi,"sadness,fear,help_seeking"
दबंगों ने धमकी दी है कि अगर पुलिस में शिकायत की तो पूरे परिवार की हत्या कर देंगे।,hi,"fear,intimidation,immediate_danger"
"हमारे टोले की सड़क पर केरलिन डाल दी है, निकलने पर लाठियाँ चला दी जाएँगी, यह हमारी रोज़ी-रोटी का रास्ता है।",hi,"fear,intimidation,anger"
"बाबू जी, थानेदार का टाटा करके कुछ सुलझता नहीं है, हम गरीबों की आवाज़ कौन सुनेगा?",hi,"hopelessness,sadness,help_seeking"
"रात को खिड़की से झाँकते हुए देखे हैं, कई बार जूते फेंकते हैं, डर से नींद नहीं आती।",hi,"fear,intimidation"
"हमारे खेत की फसल रात में ऐप बर्बाद कर दी, पीछे से करंडा पत्थरों की बारिश की।",hi,"anger,fear"
"दरोगा साहब ने कहा है कि दोबारा अदालत में जाकर रिपोर्ट दिलाओ, वयाँ तक की ढाई साल हो गए।",hi,"hopelessness,anger"
"हमारे बड़े भाई को चोरी की गोलबारी में पकड़ाकर मारा गया, अब पूरा परिवार डरता है।",hi,"fear,panic,sadness"
"बाबूजी, हमारे टोले में सामाजिक बहिष्कार है, किसी को खाना नहीं देते, थाने में जाकर थूकते हैं।",hi,"sadness,fear,intimidation"
"आज दोपहर को जमीन से बाहर निकलने पर कहा कि फिर बार नहीं आना, वरना खून बहाएँगे।",hi,"intimidation,fear,immediate_danger"
"बाबू जी, पुलिस वालों ने मेरी एफआईआर के बाद मुझे फसल की कटाई से रोक दिया, खुद कह रहे हैं कि यहाँ से भाग जाओ, वरना जान से मार देंगे।",hi,"fear,intimidation,help_seeking"
"सर, अंधेरा घना पड़ रहा है और वो 5-6 लोग डंडे लेकर खलिहान के पास आए हैं, हम अंदर बंद हैं। कम से कम 2 मिनट में पुलिस अफसर बाहर आना, वरना खून की आहट उठी।",hinglish,"immediate_danger,panic,fear"
"Thanedhar sir, आपकी गलती है हमारी। FIR दर्ज करने से मना कर रहे हैं और कह रहे हैं कि जाति से लेकर गली-गलौज होने पर भी यह मामला छोटा है। हमें न्याय चाहिए, वरना आज ही से हड़ताल करेंगे।",hinglish,"anger,help_seeking"
"गाँव के दुकानदार और पक्का पानी वाले हैंडपंप की चाबी फिर छुपा रहे हैं। प्यासे होकर पानी पीने गईं, रिश्तेदारों ने भी बहिष्कार किया। अब हमारे बच्चे बीमार हैं और कोई दवा भी नहीं मिल रही।",hinglish,"hopelessness,sadness,fear"
"रिपोर्ट लिखाने के लिए मेडिकल कॉलेज भेजा है, लेकिन वहाँ के डॉक्टर कह रहे हैं कि जब तक परिजन 5000 रुपये नहीं देंगे, रिपोर्ट नहीं लिखेंगे। हाथ टूटा है और खून बह रहा है। कृपया अभी कोई सरकारी डॉक्टर भेजें।",hinglish,"fear,help_seeking,panic"
"हमारी पत्नी को बारbershop में घुसने से मना किया गया, फिर उसने लात-घूसा मारा। अब हमारा पूरा परिवार घर से बाहर नहीं निकल पा रहा है। डर लग रहा है कि कल को हमारे घर में आग लगा दी जाए।",hinglish,"fear,intimidation,sadness"
"DSP sir, आप पिछले 3 दिनों से थाने में ही बैठे हैं, पर हमारी गली में ही एक बार नहीं आए। मौका पर जाकर शिकायत दर्ज करने से मना कर रहे हैं। क्या हमारे खून का आधा दाम नहीं है?",hinglish,"anger,fear"
हमारा बेटा स्कूल से वापस आकर रो रहा है क्योंकि उसके स्कूल के दोस्तों ने उसे सामाजिक बहिष्कार दे दिया है। अब वो स्कूल नहीं जाना चाहता। इससे बुरा क्या हो सकता है सर?,hinglish,"sadness,hopelessness,fear"
जाति पूछकर हमारी जमीन पर पत्थरबाजी की गई। अब हम आने-जाने से डर रहे हैं। रात को भी राहों पर नहीं जा सकेंगे। सुरक्षा डालना चाहिए।,hinglish,"fear,intimidation,panic"
"हमारा पति मारा गया है। पुलिस ने शव को पोस्टमॉर्टम के लिए नहीं भेजा, सीधे घर लौटा दिया। यह किस कानून के तहत हो रहा है? हमें न्याय चाहिए।",hinglish,"sadness,anger,help_seeking"
"अब तो हमारा पूरा परिवार गाँव छोड़कर फंगा हुआ है। किराए का मकान नहीं मिल रहा, नौकरी नहीं मिल रही। सरकार क्या सो रही है? हमारा पेट कैसे भरना है?",hinglish,"hopelessness,sadness,anger"
"हमारी जमीन पर जबरन बिल्डिंग खड़ी कर दी गई है। जब हमने रोकी, तो बीट में ले जाकर मारपीट की गई। अब हम डर के मारे बाहर नहीं जा रहे हैं।",hinglish,"fear,anger,immediate_danger"
हमारी बेटी की शादी के तंदाव में जाति सवाल पूछकर उन्हें नफरत भरी भाषा में जान से मारने की धमकी दी गई। अब वो डर के मारे रूक गई है।,hinglish,"fear,intimidation,sadness"
"हमने FIR दर्ज करवाई थी, लेकिन अब हमारे परिवार के बुजुर्गों के खिलाफ गलत FIR दर्ज करनी की धमकी दी जा रही है। हम बेजुबान हैं।",hinglish,"fear,help_seeking,panic"
हमारा गाँव अब पूरी तरह अंधेरा है क्योंकि मुख्य रोशनी के cable काट दिए गए हैं। चारों तरफ डरावना माहौल है। बच्चे रात में नहीं खेल पा रहे हैं।,hinglish,"fear,sadness,help_seeking"
हमारी कॉलमी में पानी नहीं आ रहा है क्योंकि नल का धमाका कर दिया गया है। अब हमें पानी के लिए 5 किमी दूर जाना पड़ रहा है। गायों को भी पिलाना मुश्किल हो गया है।,hinglish,"sadness,anger,help_seeking"
"हमारे खिलाफ झूठी FIR दर्ज करवाकर हमारी जेल में डालने की कोशिश हो रही है। हमारे पास पासपोर्ट कार्ड और रिपोर्ट है, पर पुलिस सुन नहीं रही।",hinglish,"fear,anger,help_seeking"
"पट्टे की जमीन पर अवैध कब्ज़ा करने वाले ने आज खेत में आए, कुदायें जलाईं और कहा कि थानेदार के दबदबे से कोई एफआईआर नहीं करवा पाएगा।",hi,"fear,anger,intimidation"
"गाँव के पंचायत में बैठकर हमें जातिसूचक शब्दों से गाली दी, सामाजिक बहिष्कार का दबाव बनाया।",hi,"sadness,anger,help_seeking"
"थानेदार ने शिकायत का कागज़ फाँड़ दिया और हमें म़ज़बूरन मध्यस्थता के लिए कहा, वरना मुकदमा नहीं दर्ज होगा।",hi,"hopelessness,anger,fear"
हैंडपंप का पानी पीने जाते समय दबंगों ने धमकी दी कि हमारी जाति के लोग यहाँ पानी नहीं पी सकते।,hi,"intimidation,fear,immediate_danger"
"चौपाल में बैठे बुज़ुर्ग को बेइज़्जत करके उन्हें नंगे पाँव घर भेज दिया गया, कोई पुलिसकर्मी रेस्यू करने नहीं आया।",hi,"sadness,anger,help_seeking"
"आपसे गुहार लगाते हैं, कृपया हमारी पट्टीदार जमीन पर ड्रोन या सैनिक फोर्स भेजें, वरना हमारे माँगे खेतों में आग लगा देंगे।",hi,"panic,immediate_danger,help_seeking"
"DSP साहब तीन दिन से भेजे जा रहे हैं, लेकिन अब तक थाने नहीं आए, शिकायत पर कोई कार्रवाई नहीं हो रही।",hi,"hopelessness,anger"
"हमारी लड़की को स्कूल के रास्ते पर जातिसूचक गालियाँ दी गईं, शिक्षकों ने इसे नज़रअंदाज कर दिया।",hi,"sadness,fear,help_seeking"
"दूकानदार ने हमें सामान नहीं दिया, कहा कि हमारी जाति के लोगों की बैठक आज नहीं चलेगी।",hi,"sadness,anger"
"थाने में दर्ज एफआईआर में आरोपियों के नाम हटा दिए गए, वरना मुकदमा वापस ले लो, यही कह रहे हैं।",hi,"intimidation,fear,anger"
"हमारे पुश्तैनी कुएँ पर दूसरे जाति के लोगों ने अवैध रूप से कब्ज़ा कर लिया है, पानी पीने से रोक रहे हैं।",hi,"anger,fear,help_seeking"
"खलिहान में दाना हराते समय ट्रैक्टर रोका गया, ड्राइवर को मारा गया और गाड़ी तोड़ी गई।",hi,"fear,anger,immediate_danger"
"रात के समय घर के आसपास आवाज़ें आ रही हैं, लगता है डराने के लिए लोगों को भेजा गया है, बीमारी है।",hi,"fear,panic,intimidation"
"पंचायत की बैठक में हमें बैठने की जगह नहीं दी गई, जाति के नाम पर तुच्छता से पत्थर मारे गए।",hi,"sadness,anger,help_seeking"
"केस नंबर 125 का स्टेटस क्या है? FIR दर्ज हुए चार महीने हो गए, लेकिन कोई आरोपी गिरफ्तार नहीं हुआ।",hi,others
"मानवीय अधिकारों की हानि हुई, पूरा गाँव हमें बहिष्कार में रहा, थानेदार ने पैसा लेकर मामला बंद करने की कोशिश की।",hi,"hopelessness,anger,fear"
"सर, पिछले तीन साल से हमारी आदिवासी बस्ती में रास्ता नहीं बना, बारिश में पत्थर से चलना पड़ता है।",hi,others
"वन विभाग के दफ्तर में मेरा पट्टा नंबर 102 का कागज़ गायब कर दिया गया है, जमीन लौटा दो।",hi,others
"मैं तहसीलदार से मिलना चाहता हूँ, पिछली फाइल का नंबर 4567 है, उसमें कोई जवाब नहीं आया।",hi,others
"सरपंच ने हमें जंगल में लकड़ी काटने की छूट नहीं दी, अब खाने को कुछ नहीं है।",hi,"sadness,hopelessness"
"पिछले महीने की मजदूरी अभी तक नहीं मिली, ठेकेदार ने फोन बंद कर दिया है।",hi,others
"बच्चों की स्कॉलरशिप 2018 से रुकी है, बीसी/एससी प्रमाण पत्र जमा है फिर भी पैसा नहीं आया।",hi,others
"हमारा टोला नाली का पानी घरों में घुस रहा है, नगर परिषद ने रिपेयर का कोई काम नहीं किया।",hi,others
"सहयोगी ने जब जंगल-जमीन का अधिकार मांगा तो डंडे से पीटा, अब डर लगता है।",hi,"fear,intimidation"
"दबंगों ने हमारी चारपाई तोड़ी है और खेत में निशान लगा दिया है, पुलिस नहीं आई।",hi,"anger,fear"
"थानेदार ने एफआईआर दर्ज करने से मना कर दिया, कहा कि खत्म कर लो बात।",hi,"intimidation,anger"
"दरोगा ने शिकायत का कागज़ फाड़ दिया, कहा कि घरी गोश्ट में तुमको और उनके बीच समझौता होना चाहिए।",hi,"intimidation,anger"
"आज रात को हमारी बस्ती के चारों ओर से नारेबाजी हो रही है, हथियार लिए लोग आए हैं।",hi,"fear,panic"
"खेत में काम करते समय एक गुंडा छुरा दिखाकर धमकी दे रहा है, जल्दी पुलिस भेजो।",hi,"fear,immediate_danger"
"हमें समाज से बहिष्कार किया गया है, दारू पीकर गाली-गलौज करके हमें गाँव से निकाल दिया।",hi,"sadness,hopelessness"
"चौपाल में बैठकर सब ने हमें बेइज़्जत किया, अब रास्ता भी नहीं दिखता।",hi,"sadness,hopelessness"
"हमारा घर घेर दिया गया है, पत्थरबाजी हो रही है, दरवाज़े बंद हैं, अंदर जलेबू जैसों की चीखें आ रही हैं, अभी भी खतरा है।",hi,"panic,immediate_danger,fear"
"बाबू जी, जरा सुनिए, बस आन-पान होते ही दम पर हमारी बस्ती के बाहर 50-60 लोग लाठियों और भोंगों के साथ घेरे में डाल रहे हैं, बच्चे रो रहे हैं, दारू की ख़ुशबू आ रही है, अभी मारपीट शुरू करने वाले थे, तुरंत पुलिस भेजिए।",hi,"immediate_danger,panic,fear,help_seeking"
"आज थाने में एफआईआर दर्ज कराने गए तो थानेदार साहब ने भेज दिया, कहा कि वन विभाग के लोग हमारे ख़िलाफ़ हैं, हमको गाँव से पट्टा नहीं मिलेगा और जंगल की ज़मीन हड़प ली जाएगी, अब हमको क्या करना चाहिए?",hi,"hopelessness,intimidation,fear"
"सामाजिक बहिष्कार की वजह से हमारा कुआँ ज़हर मिला दिया गया, अब पानी पीने को हाथ नहीं आ रहा है, बच्चों की आँखें सूज गई हैं, सरकार की गुहार लगाते हैं, हमसे ऐसी बेइज़्जती क्यों की जा रही है?",hi,"sadness,anger,fear,others"
"सरपंच ने चौपाल पर खड़े होकर हमारी जातिसूचक गालियाँ दीं और कहा कि तुम धनिया-पतिया आउस (बेजोड़) हो, यहाँ रहने का हक़ नहीं है, सबके सामने हमको नीचा दिखाया गया।",hi,"anger,sadness,intimidation"
"रात को अंधेरी गोद में हमारे घर पर आग लगा देने की धमकी देकर चले गए, अब आँख नहीं लग रही है, दरवाज़े की ताला इतनी कस दी है कि खोल नहीं पा रहे, कोई सुनने वाला नहीं है क्या?",hi,"fear,panic,hopelessness"
"खलिहान में मजदूरी करने गए थे, लेकिन ग्राम प्रधान के लड़के ने मजदूरी रोकी और हाथ में लाठी उठाई, हमारी औरतें डर के मारे काँप रही हैं, अभी भी वो लोग बस्ती के बाहर खड़े हैं।",hi,"intimidation,fear,immediate_danger"
"हमको गाँव से अलग कर दिया गया है, रास्ता बंद कर दिया है, इस वजह से स्कूल और डॉक्टर के पास जा नहीं पा रहे हैं, क्या हम लोग इंसान भी नहीं हैं? जंगल-ज़मीन का अधिकार तक नहीं मिल रहा हमको।",hi,"sadness,anger,hopelessness"
"वन विभाग के बाबूजी और गाँव के दबंग मिलकर हमारी पट्टी खरोंच रहे हैं, कह रहे हैं कि अब से जंगल में घुसोगे तो गोली मार देंगे, हमारा चारा-पाठ भी नहीं बचा है।",hi,"intimidation,fear,anger"
"अभी-अभी मोटरसाइकिलों का झुंड आया, हमारे घर पर पथराव शुरू कर दिया, शीशे टूट रहे हैं, अंदर बंद हैं, बहुत बुरी गालियाँ दे रहे हैं, बचाव नहीं हो रहा है।",hi,"immediate_danger,panic,fear"
"मंदिर में प्रवेश करने गए तो पत्थर मारे गए और कहा गया कि तुम अप्रसंग (अशुद्ध) हो, यहाँ आना नहीं है, सबके सामने हमको धँसाया गया।",hi,"anger,sadness,intimidation"
"हमारी औरतों के साथ अश्लील टिप्पणियाँ करके हमको डराया जा रहा है, धमकी दी गई है कि अगर शिकायत की तो जान ले लेंगे, अब हमको कहाँ जाने का है?",hi,"fear,intimidation,hopelessness"
"एफआईआर दर्ज हुई थी, लेकिन 15 दिन हो गए, पुलिस नहीं आई, सरपंच और उनके गुंडे अब और बेरुख़म हो गए हैं, हमको ज़मीन पर बैठाने की कोशिश कर रहे हैं।",hi,"anger,fear,help_seeking"
"हमें ज़बरदस्ती बस्ती से बाहर निकालने का प्रयास किया जा रहा है, रात को लोहे की कीलें फेंक दी गईं, बच्चे चिप्प-चिप्प करके रो रहे हैं, हमको बचाइए।",hi,"immediate_danger,panic,fear"
"हमारा पैसा बदले के नाम पर नहीं दिया गया, बल्कि दबन के इरादे से धमकी दी गई कि बगैर मजदूरी के काम करो, नहीं किया तो हमको गाँव से निकाल देंगे, वन विभाग के साथ मिलकर।",hi,"intimidation,anger,fear"
"आज सुबह उठकर देखा कि हमारे खेत में धान जला दिया गया है और जानवरों के पंजे काट दिए गए हैं, कोई चोरी नहीं, सिर्फ़ सताव है, हमको क्या करें?",hi,"sadness,anger,hopelessness"
"पंचायत में बैठक में हमको प्रवेश नहीं दिया गया, बहाना बनाया कि फाइल मिट्टी में उड़ गई है, जबकि असल में जाति के कारण हमको सिर्फ़ नज़र में नज़र न आने देना चाहते हैं, जंगल और ज़मीन का हक़ छिन रहा है।",hi,"anger,sadness,intimidation,others"
"Please send police, unche log hamare ghar pe aaye hue hain, haath mein chaku liye hue hain aur baar patak rahe hain, bacha do!",hinglish,"panic,immediate_danger,fear"
"Ji, humari basti ke saamne ke haandpomp se paani lene aaye toh dunge hain, ab se hamara paani koi nahi dega, kya karein hum?",hinglish,"sadness,hopelessness,help_seeking"
"Thanedar saheb hamari FIR nahi likh rahe, keh rahe hain ki jagah badal kar karwao, lekin unke paas hi copy nahi aati kaise?",hinglish,"help_seeking,anger"
"Ek mahine se koi dukaan hamare se saman nahi bech rahi, zindagi jaise khatam ho gayi hai, guhra maangte hain sirf thoda sa dhyan dein.",hinglish,"sadness,hopelessness,help_seeking"
"Unhone hamare aulad ko school se nikalwa diya aur ab dhamki de rahe hain ki agar complaint ki toh jungle mein mita denge, dar ke maare ghar se bahar nahi nikal pa rahe hain.",hinglish,"fear,intimidation,panic"
Meri medical certificate ki copy police station mein kahan hai? Doctor ki report submit nahi hui toh case kaise aage badhega?,hinglish,"others,help_seeking"
"Raat ko 2 baje suraksha nahi hai, log shor macha rahe hain bahar, darwaza andar se band hai, koi guard nahi hai wahan, turant aao please.",hinglish,"immediate_danger,panic,fear"
"Humne EBC card ke liye application di thi 3 saal pehle, aur tak status pending hi hai portal pe, kisi ka kaam nahi hai.",hinglish,others
"Unhone hamare khet mein jamu (pigeon) chhod diya tha, is par humne baat ki toh unhone hamare baap ko gande naam se bulaya, ab dar lag raha hai nikalne mein.",hinglish,"anger,fear,sadness"
"Kya main yahan se apni family ke saath bhaag kar chala jaata hoon? Unke paas silah hain aur hum sirf 4 log hain, zindagi par khoraj hai.",hinglish,"immediate_danger,panic,help_seeking"
"Legal aid lawyer ka number dijiye, thikane mein koi nahi bhej raha aur humare paas paise nahi hain wakiil ke liye.",hinglish,"help_seeking,others,hopelessness"
"Humare ghar ke saamne raasta tod diya hai unhone, ab se kya hum bacchon ko school kabhi nahi bhejenge? Iska koi ilaaj nahi?",hinglish,"sadness,help_seeking,hopelessness"
"Abhi abhi 10-12 log hamari basti mein aaye hain, itne bade log hain aur humare paas koi gun bhi nahi, police toh door hai, kya karein?",hinglish,"panic,immediate_danger,fear"
"Unhone hamare khali khet mein apne janwar chorre diye, humne roka toh unhone behas nahi ki, seedha hamare bhai pe pitu, ab medical karwate hain par darr bhi hai unki taraf se.",hinglish,"anger,fear,help_seeking"
"Mera compensation case 2022 se pending hai, koi update nahi mil raha, kya main kisi officer se baat kar sakta hoon status ke baare mein?",hinglish,"others,help_seeking"
"Pura gaon ne hamara social boykot karna shuru kar diya hai, na koi baat karta hai, na koi kaam deta hai, yahan rehna mushkil ho gaya hai.",hinglish,"sadness,hopelessness,intimidation"
"Sir, 3 din se dabeeng lathiyon se darta hua ghum rahe hain. Aaj raat aake ghar pe dhuan bhar diya, aur FIR darj nahi kar rahe thanedhar. Family bohot scare hai, guhaar baliye.",hinglish,"fear,immediate_danger,help_seeking"
Hamaro pita ki kheti zameen pe unka tractor laga raha hai. Jab mana kya toh peecha karke lathi maar di. Ab toh hum khet se nahi nikalte.,hinglish,"fear,intimidation,anger"
"Police station se bol rahe hain ki 'cross-complaint' bharwao warna aapke against case ho jayega. Hamare paas lawyer nahi hai aur paisa bhi nahi, kya karein?",hinglish,"panic,hopelessness,help_seeking"
"Chowpal pe baithte waqt jaatisuchak ghutliyan de rahi hai. Ekdum shanti se baat ki, phir bhi humein bahar nikal kar dabeeng ki dhamki di.",hinglish,"intimidation,anger,fear"
"Medical report mein injury likhi nahi hai, bas ek line se kaam chala diya. Ab compensation portal pe bhi dikhai nahi de raha. Isse kaise solve karein?",hinglish,"others,help_seeking"
"Raate 2 baje aake ghar ke bahar daaru pe karke chilla rahe hain. Mera beta chhota hai, darr ke saath so nahi pa raha. Please emergency help chahiye.",hinglish,"fear,immediate_danger,panic"
"Unhone hamare khet ka paani ka nala band kar diya. Jab tak maafi nahi mangte, tab tak paani nahi milega. Social boycott se ghar mein bhukh hai.",hinglish,"hopelessness,fear,sadness"
FIR darj hui hai par investigation bilkul nahi ho rahi. Officer bolta hai ki 'political pressure' hai. Humare aage kya raasta hai?,hinglish,"hopelessness,help_seeking,anger"
"Aaj subah uthne pe dekha ki hamari patti wala khet jal jaya hai. Jinn ne hila diya, kya karu? Ab sara saal ka rziqa khatam ho gaya.",hinglish,"panic,sadness,anger"
"Bara bhai ko hospital bheja tha, wahan se 3 din se koi update nahi. Police bol rahi hai ki discharge kar do. Kya humein apni marzi se chhodna padega?",hinglish,"fear,help_seeking,others"
"Unhone mujhe gudiya bana kar jalane ki dhamki di hai. Ab main school bhi nahi ja rahi. Papa bhi dar gaye hain, koi intervention karo.",hinglish,"fear,intimidation,help_seeking"
Thanedhar ne FIR copy nahi di. Bina copy ke main court mein kaise jata hoon? Yeh procedural delay kyun ho rahi hai?,hinglish,"others,anger"
Zameen ka patta milne ka waada tha lekin 2 saal ho gaye. Ab unhone kaha ki yeh zameen gaump ka common hai. Hum toh pichli 4 peedhi se yahan rehte hain.,hinglish,"hopelessness,anger,sadness"
"Maine complaint kiya tha, ab unhone mujhe 'threat' mein dikhana shuru kar diya hai. Koi bhi mod bhi karo toh camera se dekhte hain. We are trapped.",hinglish,"intimidation,fear,panic"
"Khatne ke baad bhi baji ko ghar mein nahi baithne dete. Unka ghar hamare ghar se ek faltu door hai, lekin unka nakar nahi milta. Adal ka faisla kab tak aayega?",hinglish,"sadness,hopelessness,others"
"Abhi abhi unhone hamare aghar pe zor se dhamaka kiya hai. Logon ko kaha ki agar nikle toh jinda nahi chhodega. Police bahadur nahi hai, aap log kya karoge?",hinglish,"immediate_danger,fear,anger"
"Bhaiya, humari baithi ke aas paas 20-25 log bade dhungon aur chaku le aaye hain, darwaza se andar hi band hue hain, sab se zyada darr lag raha hai, koi bhi aao",hinglish,"immediate_danger,fear,panic"
"Thanedar ne kaha hai ki agar is case ko wapas kiya nahi toh humari family ko na mara na chhoda jayega, humare ghar ke saamne raat bhar dhabang betha hai, kya karein hum",hinglish,"intimidation,help_seeking,fear"
14566 office ka official timing kya hai aur legal aid ke liye kaunse documents lena hote hain?,hinglish,others
"Meri dadi ko aaj chowal mein jaati ke naam le kar galien di gayin, unhone chappal waha chapkar chhod diya, abhi bhi unka haath kaanp raha hai, sharam se bahar nahi aa rahi",hinglish,"sadness,hopelessness,anger"
"Maine kahi bhi FIR file nahi ki, lekin police wale 2 ghante se ghar ke bahar baithe hain, unhone bola hai samjhauta na kiya toh family ko social boycott kiya jayega, kya karna chahiye",hinglish,"fear,help_seeking,intimidation"
"Mera registered docket number 123456 hai, kya status abhi update hua hai?",hinglish,others
"Dhabang wale ne baadri ke ped ke neeche dhaar ke muh de khara kaha hai ki aaj raat tak ek dam bhi bahar niklo nahi, woh kaante hue hain",hinglish,"immediate_danger,fear,intimidation"
"Panchayat mein seat nahi di, jab aaye toh kaha ki yah jagah sirf apne samaj ke liye hai, hume wapas bhej diya, behzati ho rahi hai",hinglish,"anger,hopelessness,fear"
Kya main online application kar sakta hoon legal aid ke liye ya ek baar office aana zaruri hai?,hinglish,others
"Abhi ek ghanta pehle hamare kuan ke paas ke dogdo logon ne thook ke gali di, unhone kaha ki ye paani sirf hamara hai, abhi bhi wahi kaanp rahe hain",hinglish,"fear,anger,sadness"
"Mera case in police station ki transfer ho gyi hai, docket number dekh kar bataiye ki ab aage kya karna hai",hinglish,others
"Mere pita ji ko bazaar se bahar nikal diya, unhone kaha ki yah dukaan unke liye ban hai, unka bharosa kho gaya hai",hinglish,"sadness,hopelessness,fear"
"Humare ghar ke bahar car se akeele log aaye, unhone kaha hai ki aaj raat tak chup rahein warna ghar jalaya jayega, abhi bhi bahar baithe hain",hinglish,"immediate_danger,panic,fear"
Kya 14566 se attorney se milwa sakte hain ya sirf advice hi milta hai?,hinglish,others
"Pehle se hi bahut dar kar ke rehte hain, ab ek aur baar wohi ghazab ho gaya, unhone baazi ke saath ghar ke samne aake dhakaat di",hinglish,"fear,panic,anger"
"Mere bacche ko school ke samne kisi ne ghar ka naam liya aur kaha ki tum toh yahan ke mat ho, ghar aakar chilla rahe hain, kya hua hai humein",hinglish,"sadness,fear,anger"
"Bhabuji, humare gaon ke haathpomp se paani peene ki ijazat nahi di gayi, police aayi nahi aur thaane ne kaha ye ghar ka kaam hai.",hinglish,"fear,help_seeking"
"Log dhamaki de rahe hain ki agar FIR ki to ghar jalayenge, ab chup rehna hi padega.",hinglish,"panic,fear"
"Thanedar ne complaint nahi le raha, unhone kaha bachao mat karo aur idhar se jao.",hinglish,"anger,help_seeking"
"Panchayat mein humari baat sunne se inkaar kar diya, unhone kaha tumhara yahan koi haq nahi hai.",hinglish,"sadness,hopelessness"
"Kal raat sab dhaba khule hue the, koi bhi ghar kaam karne ke liye nahi aaya, social boycott se ghar mein kuch nahi hai.",hinglish,"sadness,help_seeking"
"Meri biwi ko market mein logon ne jalwa diya, unhone unke kangan tod diye, koi help nahi kar raha.",hinglish,"fear,immediate_danger"
"DSP sahab ne kahin ka jawab nahi diya, thapa se kaha case wapas lo warna life kharab kar denge.",hinglish,"intimidation,fear"
"Barber ne kal sirf isliye baat nahi ki hamari jati ki wajah se, par ab aaj unhone ghar pe aake dhamaki de di hai.",hinglish,"sadness,intimidation"
"Hamare pedhan ki kheti kharab kar di gayi, log kaha rahe ki ye mehnatgar nahi hain, bas kaam ki koi khabar nahi hai.",hinglish,"hopelessness,sadness"
"Police station mein jaise hi gaye, unhone hamare haath mein goli maarkar daraya, ab kya karun?",hinglish,"panic,fear"
"Mera beta school mein padh nahi paa raha, teachers bhi unki nigaahon se bachane ke liye unhe ghar bhej dete hain.",hinglish,"sadness,hopelessness"
"Haathpomp ke paas jakar paani hara to paton ne kaha yahan se paani peena haram hai, ab kahan se lein?",hinglish,"sadness,help_seeking"
"Thana ke jaanch mein naak mein mein utha ke kaha gayi thi, lekin koi action nahi hua.",hinglish,"anger,help_seeking"
"Ab hum kisi bhi jagah nahi jaate, sar pakad ke baithe hain ghar mein, kya ho raha hai yeh sab?",hinglish,"panic,hopelessness"
"Kal raat humare ghar ke saamne dhaba aaye the, kisi ne roka nahi, ab kya karein?",hinglish,"fear,help_seeking"
"Maine DSP ko phone kiya tha, unhone kaha 14566 par call karo, lekin wahan se bhi koi action nahi ho raha.",hinglish,"others,anger"
"सरपंच और वन विभाग के लोग मिलकर हमारी जंगल-जमीन का पट्टा छीन रहे हैं, थानेदार ने एफआईआर दर्ज करने से इनकार कर दिया है।",hi,"anger,help_seeking"
"रात को दारू पीकर हमारे खलिहान के पास आकर लठिया मारने की धमकी दे रहे हैं, घर की औरतें बच्चों के साथ डर के मारे रो रही हैं, कोई बचाओ।",hi,"fear,panic,immediate_danger"
"पिछले महीने जमा कराई गई शिकायत का कोई जवाब नहीं मिला, फाइल कहाँ अटकी है इसका पता लगाओ।",hi,others
"हमको गाँव से अलग कर दिया गया, सामाजिक बहिष्कार की वजह से मुसीला नहीं मिल रही, अब भूखा मरेगा।",hi,"hopelessness,sadness"
"नेताओं ने मजदूरी रोकी हुई है, तीन महीने से पैसा नहीं मिला, घर में टाट का मटका भरना है।",hi,"anger,hopelessness"
"थाने का दरोगा हमारी शिकायत का कागज़ फाड़कर रास्ते में फेंक देता है, कहता है जाकर कुलहाई करो, ईमानदारी से काम चलाना है।",hi,"intimidation,anger"
"हमारे टोले के हैंडपंप में पानी नहीं आ रहा, पंचायत के लोग चैन की नींद सोते हैं, बच्चों को दूर से पानी पिलाना पड़ रहा है।",hi,"others,sadness"
"दबंगों ने हमारे घर की दीवार पर पेट्रोल डालकर आग लगाने की धमकी दी है, पुलिस को बता चुके हैं पर कोई नहीं आ रहा।",hi,"fear,panic,immediate_danger"
"विद्यालय के फीस की रकम वापस नहीं मिली, वीक के प्रोफेसर्स को गुहार लगा चुके हैं, अब क्या करें।",hi,"others,help_seeking"
"चौपाल में बैठकर हमारे बारे में गाली-गलौज कर रहे हैं, जातिसूचक शब्दों से अपमानित कर रहे हैं, पुलिस थाने में मौजूद है पर आँखें बंद कर ली हैं।",hi,"intimidation,anger,sadness"
"वन विभाग ने बिना नोटिस के हमारी लाइम वृक्ष कटवा दिए, मुआवजा नहीं दिया, अब कैसा जीविका चलाएंगे।",hi,"anger,hopelessness"
"मैं अकेला हूँ, परिवार में और कोई नहीं, दुश्मन रात-रात भर खिड़की के बाहर खड़े रहकर खिंची-पिंची आवाज़ें निकालते हैं, मुझे डर लगता है।",hi,"fear,panic"
"पिछली बार दी गई शिकायत का ट्रैकिंग नंबर नहीं मिल रहा है, क्या मामला बंद हो गया है, पता लगवाओ।",hi,others
"पंचायत के रिश्वतखोरों ने जमीन का पट्टा बदल दिया, असली मालिक को बेनामी करार दिया, न्याय दोगे क्या।",hi,"anger,help_seeking"
"आज सुबह हमारी गाय को ज़ोर से मारा गया, मालिक को भी धक्का दिया, यह सवाजन के लोग क्या कर रहे हैं।",hi,"anger,immediate_danger"
"रामपुर टोले का रास्ता बारिश में गड्ढों से भरा है, ट्रैक्टर नहीं चलता, पंचायत से दो बार कहा है, कोई काम नहीं होता।",hi,"others,sadness"
"महोदय, 14566 हेल्पलाइन की कार्यवाही समय क्या है? मुझे अपने भाई के लिए कानूनी सहायता पक्की जानकारी चाहिए।",hi,others
"दरबारखाने वालों ने हमें चोटें पहुँचाईं और हमारे खेत में पानी का कुआँ बंद करने की धमकी दी है, पुलिस मौन है।",hi,"fear,anger,help_seeking"
"मेरा मामला डोकेंट नंबर 123456 का है, कृपया इसकी वर्तमान स्थिति की जानकारी दे सकते हैं?",hi,others
"गाँव के दुकानदार हमसे चारा नहीं बेच रहे हैं और नहाने के लिए कुएँ का पानी नहीं पिलाते, यह सामाजिक बहिष्कार एकदम अमानव है।",hi,"sadness,hopelessness,others"
"पट्टे के कागजात छिना लेने के बाद अब डबंग उसका खेत पर अवैध कब्जा कर रहे हैं और हमें डरा रहे हैं, गुहार लगाता हूँ।",hi,"intimidation,panic,help_seeking"
क्या हेल्पलाइन ने किसी भी शिकायत में एफआईआर दर्ज करवा दी है? कृपया प्रक्रिया बताएं।,hi,others
"आज रात के सवा बजे डरखाने वालों ने हमारे घर में घुसकर आवाज़ें मारीं और छोटी बचत को धमकाया, बहुत डर लग रहा है।",hi,"immediate_danger,panic,fear"
"गाँव के चौपाल पर हमें बैठने नहीं देना, नाहक बदनामी फैला रहे हैं, जीना अशकल हो गया है।",hi,"sadness,hopelessness,others"
"मैंने कल इसी नंबर पर कॉल करके अपनी शिकायत दर्ज कराई थी, क्या अब मेरी गुहार सुनी गई है?",hi,"others,help_seeking"
"थाना प्रभारी ने हमें वापस आने पर मौत की धमकी दी है, अब हम कहाँ जाएँ? रास्ता दिखाइए।",hi,"fear,help_seeking,hopelessness"
हमारे प्रश्न का जवाब मिलने में कितना समय लगेगा? मैं प्रतीक्षा कर रहा हूँ।,hi,others
"डबंगों ने हमारे पशुओं को तोड़ दिया और अब हमें गाँव से निकालने की धमकी दे रहे हैं, पुलिस शिकायत न करने पर मारने की खूब कह रहे हैं।",hi,"intimidation,anger,fear"
"सामाजिक बहिष्कार की वजह से मेरे बच्चे स्कूल नहीं जा पा रहे उनसे गाली-गलौज हो रहा है, माँ की रोटी रोटी है।",hi,"sadness,panic,help_seeking"
कानूनी सहायता के लिए किन-किन दस्तावेजों की आवश्यकता होती है? कृपया सूची बताएं।,hi,others
"अभी-अभी मुझे फोन आया था कि अगर एफआईआर वापस नहीं लिया तो खलिहान में आग लगा देंगे, मैं बहुत घबराया हुआ हूँ।",hi,"fear,panic,immediate_danger"
"मेरी शिकायत 72 घंटे से लंबित है, क्या इसमें कोई अंतरावधान हुआ है? कृपया सूचित करें।",hi,"others,help_seeking"
"बाबूजी, मेरे भाई को जेल से रिहा हो कर गन लेकर हमारे घर आया, कहा कि अगर हम FIR वापस नहीं ले लेंगे तो हमारे बच्चों को मार डालेंगे।",hi,"fear,intimidation,help_seeking"
"रात को दो लाठी वाले हमारे घर में घुस आए, दरवाजा तोड़ कर धक्का मार रहे थे और कहा कि अगर हम शिकायत नहीं करेंगे तो घर जला देंगे।",hi,"immediate_danger,fear,panic,help_seeking"
"हमारे गाँव के सार्वजनिक हैंडपंप से पानी नहीं दिया जा रहा, दुकान वाले भी हमारे लिए कोई सामान नहीं बेचते, सब हमें बेइज्जत कर रहे हैं।",hi,"sadness,hopelessness,anger,help_seeking"
"वह दबंग हमारे बच्चों को हर रोज़ देख रहा है, स्कूल से ले कर घर तक उनका पीछा कर रहा है, हमें बहुत डर लग रहा है।",hi,"fear,intimidation,panic"
कुशवाहा ने हमें जातिसूचक शब्दों से गाली दी और कहा कि अगर FIR नहीं हटाएंगे तो हमारे खेत जला देंगे।,hi,"intimidation,sadness,anger,help_seeking"
"कल रात हमारे खेत में आग लग गई, दबंगों ने कहा कि अगर हम पुलिस को नहीं बुलाएंगे तो घर भी जलाकर मार देंगे।",hi,"immediate_danger,fear,panic,hopelessness"
"गाँव के नाई ने कहा कि वह अब हमारे बाल नहीं काटेगा, सब लोग हमें बाजार में भी नहीं खरीदते, सामाजिक बहिष्कार हो गया है।",hi,"sadness,hopelessness,anger,help_seeking"
"एक दबंग ने कहा, ""अगर तुम FIR वापस नहीं ले गए तो गोली मार देंगे,"" और हमारे घर के बाहर गन दिखा रहा है।",hi,"intimidation,immediate_danger,fear,help_seeking"
"हमारी पट्टे की जमीन पर अवैध कब्जा कर लिया गया है, उन्होंने हमारे दस्तावेज़ नष्ट करने की धमकी दी और कहा कि अब हमें कुछ नहीं मिलेगा।",hi,"anger,intimidation,hopelessness,help_seeking"
"मेरी पत्नी को दबंगों ने लाथी मार कर पीटा, हम थानेदार से मदद नहीं मांग पा रहे क्योंकि वे हमें अनदेखा कर रहे हैं।",hi,"sadness,panic,immediate_danger,help_seeking"
"गाँव के कुएँ से पानी बंद कर दिया गया है, दबंग कहते हैं कि अगर हम शिकायत नहीं करेंगे तो हमें पानी नहीं मिलेगा, हम बहुत डरते हैं।",hi,"intimidation,fear,hopelessness,help_seeking"
"कृपया बताइए हमारा FIR कब तक दर्ज होगा, हमें आगे की कार्रवाई की जानकारी चाहिए।",hi,others
"थानेदार सुनता ही ना, कल रात हमारे घर पर धाकड़ लोग लाठी से मार रहे थे, हम सब डर के मारे नहीं चल पाए।",hi,"fear,immediate_danger,help_seeking"
"हमारे टोले के खेत का रास्ता दबंगों ने बंद कर दिया, ट्रैक्टर लगा कर हमको बाहर नहीं निकलने देते, और रोज़ सरेआम बेइज्जत कर रहे हैं, अब क्या करें?",hi,"intimidation,anger,help_seeking"
"मेरी बेटी को दारू पीकर गाली-गलौज वाले लोग रात में धमका रहे हैं, हम सबको बहुत डर लग रहा है।",hi,"fear,panic,immediate_danger,help_seeking"
"पिछले हफ्ते मेरे भाई पर झूठी एफआईआर दर्ज कर दी गई, पुलिस ने रिपोर्ट नहीं ली, और अब हमें सामाजिक बहिष्कार का सामना करना पड़ रहा है।",hi,"hopelessness,sadness,anger,help_seeking"
"हमारे गाँव के कुआँ को दबंगों ने बंद कर दिया, पानी नहीं मिल रहा, और थानेदार ने शिकायत को ही नहीं सुना।",hi,"hopelessness,intimidation,help_seeking"
"बाबूजी, हमारे खलिहान में आग लगाने की धमकी दी गई, रात को धुआँ देख कर सबको डर लग गया, पुलिस अभी तक नहीं आई।",hi,"fear,immediate_danger,panic,help_seeking"
"थानेदार ने हमारे लिखे हुए शिकायत पत्र को फाड़ दिया, अब हम क्या करें?",hi,"hopelessness,anger,help_seeking"
"हमारे टोले में दबंगों ने हमारे बच्चों को मारते हुए लाठी से चोट पहुंचाई, फिर भी पुलिस ने कोई FIR नहीं दर्ज की, हमें अब क्या करना चाहिए?",hi,"fear,intimidation,panic,help_seeking"
"मैंने ऑनलाइन पोर्टल पर मुआवजा का दावा किया, पर अभी तक कोई पैसा नहीं मिला, मदद करो।",hi,"hopelessness,help_seeking"
"हमारी महिला सदस्य को रात में धमकी दी गई, दारू पीकर लोग उसके घर के बाहर गाली दे रहे हैं, हम सबको बहुत डर लग रहा है, पुलिस नहीं आती।",hi,"fear,intimidation,immediate_danger,help_seeking"
"मेरे केस का अपडेट नहीं मिला, कृपया बताइए कि DSP कब आएँगे?",hi,others
"सरेआम बेइज्जत कर रहे हैं, हमारे घर के सामने की सड़क को दबंगों ने पट्टा लगा दिया, कोई मदद नहीं, हम तो बस रोते-रोते मरना चाहते हैं।",hi,"sadness,hopelessness,anger,help_seeking"
"रात को हमारे घर के बाहर दबंगों ने लाठी से मारना शुरू कर दिया, मेरे बेटे को भी मार कर बेइज्जत कर दिया, अब हम डर के मारे बाहर नहीं निकल पाते।",hi,"fear,intimidation,panic,help_seeking"
"आज शाम हमारे बस्ती के चारों ओर हथियार लेकर गँवारों का झुंड आया है, दरवाज़े बंद कर दिया है और पत्थर फेंक रहे हैं, कृपया तुरंत मदद भेजें।",hi,"immediate_danger,fear,panic,help_seeking"
"गाँव के दारू पीकर गाली-गलौज करने वाले लोग हमारे टोले को पानी के हैंडपंप से बाहर कर रहे हैं, अब बच्चों को भी पानी नहीं मिल रहा।",hi,"sadness,hopelessness,anger,help_seeking"
"पड़ोसी दबंगों ने हमारे खेत पर अवैध कब्जा कर लिया, जातिसूचक शब्द बोलते हुए हमें धक्का दे रहे हैं, एफआईआर दर्ज कराने की गुहार लगा रहे हैं।",hi,"intimidation,fear,anger,help_seeking"
"कल रात हमारे घर के सामने धुआँ उठ रहा है, कोई आग लगाने की धमकी दे रहा है, हम दरवाज़ा बंद करके डर से कांप रहे हैं।",hi,"immediate_danger,fear,panic,help_seeking"
"गाँव की दूकान में दारू पीने वाले लोग हमारे परिवार को सब्ज़ी नहीं बेच रहे, हमें सामाजिक बहिष्कार का सामना करना पड़ रहा है।",hi,"sadness,hopelessness,anger,help_seeking"
"मेरी बेटी को रात में दबंगों ने घर के बाहर खींच कर ले गए, उन्होंने जातिसूचक गालियाँ दीं और उसे मारने की धमकी दी, अब हम बहुत डर रहे हैं।",hi,"fear,intimidation,panic,help_seeking"
"आज दोपहर हमारे घर के चारों ओर 30-40 लोग हथियार लेकर इकट्ठा हो गए हैं, दरवाज़े पर पत्थर फेंक रहे हैं, हमें तुरंत पुलिस की ज़रूरत है।",hi,"immediate_danger,fear,panic,help_seeking"
"गाँव के नाई ने हमारे टोले के लोगों को कतरने से इनकार कर दिया, हमें सामाजिक बहिष्कार का सामना करना पड़ रहा है, अब बाल भी नहीं कटते।",hi,"sadness,hopelessness,anger,help_seeking"
"हमारा पट्टे की जमीन दबंगों ने ज़बरदस्ती ले लिया, उन्होंने हमें खलिहान में धकेल दिया और गाली-गलौज की, अब हम बेइज्जत महसूस कर रहे हैं।",hi,"intimidation,fear,anger,help_seeking"
"हमने थानेदार को कई बार गुहार लगाई, लेकिन अभी तक कोई मदद नहीं आई, हमारे घर के बाहर लोग आग की तरह इकट्ठा हो रहे हैं।",hi,"immediate_danger,hopelessness,panic,help_seeking"
कृपया बताइए कि हमारे द्वारा दर्ज कराई गई एफआईआर का वर्तमान स्थिति क्या है?,hi,others
"रात को दो धाकड़ दबंगों ने हमारे घर के बाहर लाठी से मारना शुरू कर दिया, उन्होंने जातिसूचक शब्दों से गाली‑गलौज की और हमें बाहर निकलने से रोक दिया।",hi,"fear,intimidation,panic,immediate_danger"
"मेरी बेटी को स्कूल से लाते‑लेते कुछ लोग दारू पीकर गाली‑गलौज करने लगे, उन्होंने उसे मारने की धमकी दी और हमारे घर में आग लगाने की बात की।",hi,"fear,panic,immediate_danger"
"आज रात हमारे बस्ती के चारों ओर एक भीड़ इकट्ठा हो गई है, हाथ में कुदाल और लाठी लेकर पत्थर फेंक रही है, दरवाज़े बंद हैं, हमें तुरंत पुलिस की मदद चाहिए।",hi,"immediate_danger,fear,help_seeking"
"हमारी छत पर आग लगने की धमकी दी जा रही है, धुंआ भरते हुए लोग हमारे घर के सामने खड़े हैं, हमें डर लग रहा है, कृपया तुरंत हस्तक्षेप करें।",hi,"immediate_danger,fear,panic"
"पिछले महीने के पीओए राहत फंड का भुगतान अभी तक नहीं आया, हमारे कई परिवार भूख के कारण परेशान हैं, कृपया इस पर कार्रवाई करें।",hi,"others,hopelessness"
"मेरे बेटे की स्कॉलरशिप का ट्रांसफ़र अभी तक नहीं हुआ, कई महीने हो गए, कॉलेज में पढ़ाई रुक गई है, कृपया जल्द से जल्द जांच करें।",hi,"others,anger"
"हमारे टोले की मुख्य सड़क में गड्ढे बहुत बड़े हो गए हैं, बारिश में गाड़ी फिसलती है, कई लोग घायल हो चुके हैं, अभी मरम्मत की जरूरत है।",hi,"others,help_seeking"
"टोलाकी नाली में कचरा भर गया है, पानी भरकर गाँव में बाढ़ जैसी स्थिति बन रही है, कृपया जल निकासी का काम जल्द शुरू करें।",hi,"others,help_seeking"
"पिछले साल दर्ज किए गए अवैध कब्जे के मामले में अभी तक कोई प्रगति नहीं हुई, हमारे पट्टे की जमीन पर दबंग लोग बना रहे हैं, कृपया इस पर फॉलो‑अप दें।",hi,"others,anger,hopelessness"
"हमारे गांव में कुछ लोग हमारे परिवार को सामाजिक बहिष्कार कर रहे हैं, जातिसूचक शब्दों से गाली दे रहे हैं और पानी के कुएँ तक पहुंच से रोक रहे हैं।",hi,"intimidation,fear,others"
"हमारी पट्टे की जमीन पर पड़ोसी ने बिना किसी दस्तावेज़ के अवैध कब्जा कर लिया है, उन्होंने हमारे खेत में आग लगाने की धमकी दी है।",hi,"intimidation,fear,anger"
"गाँव में थानेदार ने हमारी शिकायत को अनसुना कर दिया, हम एफआईआर दर्ज कराने की कोशिश कर रहे हैं लेकिन कोई मदद नहीं मिल रही, कृपया मदद करें।",hi,"help_seeking,anger,others"
"बाबू जी, अभी हमारे घर के बाहर दबंगों ने धावड़ा कर दिया है, पत्थर फेंक रहे हैं, हथियार दिखा रहे हैं, दरवाजा बंद कर दिया, तुरंत पुलिस भेजिए!",hi,"fear,panic,immediate_danger,help_seeking"
"हम गरीब लोगन के बस्ती में आज रात से ही गटार वाले लोग घेर रहे हैं, खिड़कियों पर तोप की आवाज़, हम सब डर के मारे काँप रहे हैं, कृपा करके थानेदार को बुला दो!",hi,"fear,panic,immediate_danger,help_seeking"
"टोला के लोगन को आज सुबह से ही गली में धूम्रपान कर रहे हैं, गोली की आवाज़ सुनाई दे रही है, घर के दरवाज़े बंद हैं, हम सब बेइज्जत हो रहे हैं, पुलिस जल्दी भेजो!",hi,"fear,intimidation,immediate_danger,help_seeking"
"हमारा खलिहान जल गया, लेकिन अभी भी दबंग लोग हमारे घर के चारों ओर इकट्ठा हैं, हाथापाई की धमकी दे रहे हैं, अब तो हम मरने को तैयार हैं, मदद करो!",hi,"panic,fear,immediate_danger,help_seeking"
"बाबू जी, हमारे दादा जी का पुराना पट्टा वाला ज़मीनी टुकड़ा दबंगों ने अपने खेत में ले लिया है, हमारे फसल के बीज भी जला दिए, अब रोज़ी-रोटी नहीं चल पाएगी, हम बहुत गुस्सा हैं!",hi,"anger,hopelessness,intimidation"
"हम गरीब लोगन के खेत के रास्ते में अब एक नया ट्रैक्टर खड़ा है, जो हमको अपनी फसल तक पहुँचने से रोक रहा है, दबंग लोग गाली-गलौज कर रहे हैं, हमें न्याय चाहिए!",hi,"anger,intimidation,hopelessness"
"हमारा बाप का बाग़ अब दबंगों ने काट दिया, हमारे अनाज को जलाकर फेंक दिया, अब हम भूखे मरेंगे, कृपया मदद करो!",hi,"sadness,panic,hopelessness,help_seeking"
"हमारी टोली के पास के कुएँ को दबंगों ने बंद कर दिया, पानी नहीं मिल रहा, रोज़ी-रोटी के लिए पानी की जरूरत है, हम बहुत निराश हैं!",hi,"sadness,hopelessness,intimidation"
"बाबू जी, हमने थाने में शिकायत की, पर थानेदार ने कागज़ फाड़ दिया और कहा कि हम लोगन को माफ़ कर दो, अब हमें कोई मदद नहीं मिल रही, बहुत गुस्सा है!",hi,"anger,hopelessness,sadness"
"हम गरीब लोगन ने एफआईआर लिखवाने को कहा, पर दरोगा ने कहा कि बड़े लोगन को परेशान मत करो, हमें न्याय नहीं मिलेगा, हम बेइज्जत महसूस कर रहे हैं!",hi,"sadness,hopelessness,intimidation,anger"
"डिस्प के आने में दो हफ्ते हो गए, पर दबंगों ने अभी तक कोई कार्रवाई नहीं की, थानेदार ने हमें धक्का दिया, हमें मदद चाहिए!",hi,"anger,hopelessness,help_seeking"
"हमारी शिकायत पर थाने में कोई कार्रवाई नहीं हुई, अब हम डर के मारे रात को भी नहीं सो पाते, कृपया इस मामले को जल्दी देखें!",hi,"fear,sadness,hopelessness,help_seeking"
"पंचायत में जब मैं मंदिर में प्रवेश करने की बात रखी, तो कुछ दबंगों ने जातिसूचक गालियाँ दीं और हमें बाहर निकाल दिया, अब हम बहुत डर और गुस्सा महसूस कर रहे हैं।",hi,"fear,anger,help_seeking"
"हमारे गाँव के थानेदार ने हमारी एफआईआर लिखने से मना कर दिया, कागज़ फाड़ दिया और कहा कि हम खुद ही सुलह कर लो, अब हमें कोई भरोसा नहीं बचा।",hi,"intimidation,hopelessness,help_seeking"
"पॉए राहत निधि का भुगतान अब तक नहीं आया, कई बार पूछताछ की लेकिन कोई जवाब नहीं मिला, कृपया स्थिति बताएं।",hi,others
"हमारे टोले की मुख्य सड़क में गड्ढे हैं, बारिश में पानी भर जाता है और गाड़ी चलाना मुश्किल हो जाता है, कृपया मरम्मत की व्यवस्था करें।",hi,others
"दबंगों ने हमारे परिवार को सामाजिक बहिष्कार कर दिया, गाँव में कहीं भी जाने पर गाली-गलौज की जाती है, हम बहुत उदास और गुस्से में हैं।",hi,"sadness,anger,help_seeking"
"पड़ोसी दबंगों ने रात को हमारे घर के पास धूम्रपान किया और हमें धमकी दी कि अगर हम शिकायत करेंगे तो हम पर दारू पीकर गाली-गलौज करेंगे, हमें तुरंत सुरक्षा चाहिए।",hi,"fear,intimidation,immediate_danger,help_seeking"
"स्कॉलरशिप का पैसा अभी तक नहीं मिला, कई बार आवेदन किया पर कोई सूचना नहीं आई, कृपया मदद करें।",hi,others
"हमारी पट्टे की जमीन पर दबंगों ने अवैध कब्जा कर लिया है, हमें कोई न्याय नहीं मिल रहा, अब हम बहुत गुस्से और निराश हैं।",hi,"anger,hopelessness,help_seeking"
"टोलै में नाली बंद हो गई है, बारिश में पानी भर कर घर में बाढ़ आ रही है, हमें तुरंत मदद चाहिए।",hi,"immediate_danger,help_seeking"
"डरोगा ने हमारी शिकायत का कागज़ फाड़ दिया और कहा कि हम खुद ही सुलह कर लो, इस कारण हमें बहुत घबराहट और डर लग रहा है।",hi,"panic,fear,help_seeking"
"बाजार में जब मैं सामान खरीद रहा था तो कुछ लोग मुझे जातिसूचक शब्दों से बुला रहे थे और मेरे साथ बर्ताव बेइज्जत भरा था, मैं बहुत उदास और गुस्से में हूँ।",hi,"sadness,anger,help_seeking"
"जब हमने दबंगों के खिलाफ एफआईआर दर्ज करवाई, तो उन्हें धमकी मिली और अब वे हमारे घर के पास रात में गश्त कर रहे हैं, हमें बहुत डर लग रहा है।",hi,"fear,intimidation,immediate_danger,help_seeking"
"बाबू जी, कल पंचायत में हमारो टोला के लोगन को जातिसूचक गालियों से बेइज्जत किया गया, हम गरीब लोगन को मंदिर में भी प्रवेश नहीं दिया गया।",hi,"anger,sadness,intimidation"
"हमारी बस्ती के चारों ओर दबंग लोग हथियार लेकर इकट्ठा हो गए हैं, दरवाज़ा बंद है, अभी मदद चाहिए, तुरंत थाना भेजिए।",hi,"immediate_danger,panic,fear,help_seeking"
"रात को दो लोग हमारे घर में घुसकर लाठी से मारना शुरू किया, हमें डर है कि आग भी लगा देंगे, बाबू जी, कृपया बचाव करें।",hi,"intimidation,fear,panic,help_seeking"
"हमारे बेटे को स्कूल में जाति के कारण बर्खास्त कर दिया गया, गुरुजी ने कहा कि हम लोगन का कोई अधिकार नहीं है।",hi,"sadness,anger,hopelessness"
"आज शाम हमारे घर के सामने गली में दंगे हुए, लोग पत्थर फेंक रहे हैं, अब हम सब दरवाज़ा बंद करके रुक गए, तुरंत पुलिस भेजिए।",hi,"immediate_danger,fear,panic,help_seeking"
"किसान के जमीन पर दबंगों ने अपना पट्टा लगा दिया, हमें धमकी दी कि अगर हम नहीं मानेंगे तो हाथापाई करेंगे।",hi,"intimidation,anger,fear,hopelessness"
"हमारा टोला के लोगन को बाजार में प्रवेश नहीं दिया जाता, दुकानदार हमें जाति के कारण बाहर निकाल देता है, रोज़ी-रोटी कम हो रही है।",hi,"sadness,anger,intimidation"
"बच्चे स्कूल से लौटते समय एक समूह ने हमारे घर के सामने घेर लिया, हथियार दिखा रहे हैं, अब हम बहुत डरे हुए हैं, मदद चाहिए।",hi,"immediate_danger,fear,panic,help_seeking"
"पिछली रात को हमारे घर के सामने दारू पीकर गाली-गलौज वाले दबंगों ने लाठी से मारना शुरू किया, अब हम डर के मारे बाहर नहीं निकल पा रहे।",hi,"intimidation,fear,panic,help_seeking"
"हमारे बुजुर्ग को पंचायत में बैठने की अनुमति नहीं दी गई, सब उन्हें 'छोरा' कहकर अपमानित करते हैं, बहुत बेइज्जत महसूस कर रहे हैं।",hi,"sadness,anger,intimidation"
"हमारी खलिहान के पास आज रात को आग लगने की धमकी मिली है, लोग जलाने की तैयारी कर रहे हैं, तुरंत थानेदार को बुलाइए।",hi,"immediate_danger,fear,panic,help_seeking"
"बाबू जी, हमने पहले भी एफआईआर दर्ज कराया था, पर अभी तक कोई कार्रवाई नहीं हुई, कृपया स्थिति बताइए।",hi,others
"रात के अंधेरे में हमारे घर के बाहर दबंगों ने लाठी से मारते हुए कहा कि अगर हम शिकायत करेंगे तो आग लगा देंगे, हमारी महिलाओं को डर से कांपते देख रहा हूँ।",hi,"fear,intimidation,immediate_danger,help_seeking"
"हमारे पूर्वजों के पट्टे की जमीन पर पड़ोसी ने अवैध कब्जा कर लिया है, हमारी फसल को जला दिया और अब हम कोई मदद नहीं पा रहे।",hi,"anger,hopelessness,help_seeking"
"चौपाल में पिचकारी के दौरान मुखिया ने हमें जातिसूचक शब्दों से बेइज्जत किया, सभी लोग हमें देख कर हँसे और पाँव नीचे रख दिया।",hi,"sadness,anger,intimidation,help_seeking"
"गाँव के मंदिर में प्रवेश करने पर हमारे बुजुर्ग को धक्का मार कर बाहर निकाल दिया गया, साथ ही 'छोड़ दो' जैसी जातिसूचक गाली दी गई, अब हम सामाजिक बहिष्कार का सामना कर रहे हैं।",hi,"sadness,hopelessness,fear,help_seeking"
"हमारा ट्रैक्टर खेत में काम कर रहा था, लेकिन दबंगों ने उसे रोक कर खड़े कर दिया, अब फसल कटाने का समय नहीं बचा, हमें बहुत पैनिक हो रहा है।",hi,"panic,anger,immediate_danger,help_seeking"
"दोपहर के समय दारू पीकर गाली-गलौज करने वाले कुछ लोग हमारे घर के सामने आए, उन्होंने कहा कि अगर हम शिकायत करेंगे तो घर जला देंगे, हमें बहुत डर लग रहा है।",hi,"fear,intimidation,immediate_danger,panic"
"हमारे पास जो पट्टा है, उसे लेकर गांव के बड़े ने झूठे कागज पर साइन करवाया, अब हमारी जमीन हमारे हाथ से निकल गई, हमें बहुत गुस्सा और निराशा है।",hi,"anger,hopelessness,help_seeking"
"सामाजिक बहिष्कार के कारण हमारे गाँव के कुएँ से पानी नहीं मिल रहा, दबंगों ने हाथपंप को जाम कर दिया और हमें पानी नहीं देने की धमकी दी।",hi,"sadness,fear,intimidation,help_seeking"
"मेरे छोटे बच्चे को गाँव के बाजार में जातिसूचक शब्द कह कर मार दिया गया, अब वह रोते-रोते सो नहीं पा रहा, हमें बहुत डर और दुख है।",hi,"sadness,panic,fear,help_seeking"
"बाजार में हमारे महिलाओं को जातिसूचक गाली दी गई और धक्का मार कर बाहर निकाल दिया गया, उन्होंने कहा कि अगर हम आवाज़ उठाएंगे तो हम सबको मार डालेंगे।",hi,"fear,intimidation,immediate_danger,help_seeking"
"हमने थानेदार को एफआईआर दर्ज कराने की गुहार लगाई, पर उन्होंने कहा कि यह मामला गांव के अंदर है, अब हमें कोई भरोसा नहीं बचा।",hi,"hopelessness,anger,help_seeking"
"कृपया बताइए कि हमारे द्वारा दर्ज की गई शिकायत का क्या वर्तमान स्थिति है, हम अभी भी इंतजार कर रहे हैं।",hi,others
"भाईसाहब, अभी हमारे घर के बाहर mob aaya hai, lathi leke stone fenk rahe, immediate help chahiye!",hinglish,"immediate_danger,fear,panic,help_seeking"
"कल रात हमारे घर में धूम्रपान वाले दबंगों ने आग लगाने की धमकी di, बच्चे रो रहे हैं, हम बहुत scared hain, police ko bulao.",hinglish,"intimidation,fear,panic,help_seeking"
"थानेदार ने हमारी FIR नहीं ली, कागज फाड़ दिया, कहा ‘बाबूजी, वो बड़े लोग हैं, समझो’। अब हम hopeless feel kar rahe hain.",hinglish,"hopelessness,anger,sadness"
"मेरी बहन को दारू पीकर गाली‑गलौज और मारने की धमकी di gayi, हम डर के मारे घर से बाहर नहीं जा सकते.",hinglish,"fear,intimidation,hopelessness,help_seeking"
"हमारा टोला अब सामाजिक बहिष्कार का शिकार hai, दबंगों ने खलिहान में काम करने से रोक दिया, हम बेइज्जत feel kar rahe hain.",hinglish,"sadness,anger,hopelessness"
"आज दोपहर हमारे बस्ती के चारों ओर 20‑30 लोग hathiyar leke ghoom rahe hain, darwaza lock ho gaya, koi police aayi nahi, please rescue!",hinglish,"immediate_danger,fear,panic,help_seeking"
"डारोगा ने कहा ‘tum log SC ho, FIR नहीं ले sakte’, हम बहुत gussa hain, ab kya kare?",hinglish,"anger,hopelessness,sadness"
"रात को हमारे घर के पास पट्टा वाले लोग आग लगाने ki dhamki de rahe hain, बच्चा रो रहा है, हम बहुत डर गए.",hinglish,"fear,intimidation,panic,help_seeking"
"फोन पे दबंगों ne kaha ‘agar FIR file ki, to tumhari poori family ko mar denge’, हम बहुत scared hain.",hinglish,"intimidation,fear,hopelessness"
"DSP aane me 3 din lag gaye, abhi bhi koi action nahi, हम helpless feel kar rahe hain, कब तक wait karna padega?",hinglish,"hopelessness,panic,anger"
"रात को दबंगों ने कहा ‘agar tumne FIR nahi dali, to hum tumhare ghar ko tod denge’, अब हम सो नहीं pa rahe, मदद चाहिए.",hinglish,"fear,intimidation,panic,help_seeking"
"कल शाम मेरे पिता ko lathi se peet diya gaya, अब वो hospital में हैं, पुलिस ने कोई action नहीं liya, हम बहुत दुखी और गुस्से में हैं.",hinglish,"sadness,anger,hopelessness,help_seeking"
"बाबू जी, हमारे पिता के ऊपर झूठी क्रॉस‑एफआईआर दायर कर दी गई है, अस्पताल का मेडिकल रिपोर्ट अभी तक नहीं मिला, और कानूनी मदद के लिये वकील नहीं दिया गया, हम गरीब लोगन को अब क्या करे?",hi,"fear,anger,hopelessness,help_seeking"
"हमार टोला के रोजी‑रोटी वाला योजना का १ लाख रुपये का मुआवजा पोर्टल पर अभी भी पेंडिंग है, बार‑बार गुहार लगाते हैं पर कोई जवाब नहीं, बेइज्जत हो रहे हैं।",hi,"hopelessness,sadness,others,help_seeking"
"अभी हमारे घर के चारों ओर दबंग लोग पत्थर फेंक रहे हैं, दरवाज़े बंद कर दिया है, हम बच्चन को बचाने के लिये तुरंत पुलिस की मदद चाहिए!",hi,"immediate_danger,panic,fear,help_seeking"
"रात को दो लाठी वाले लोग हमारे घर में घुस आए, माँ को मारते हुए चिल्ला रहे थे, बच्चा रो रहा है, हम सब डर के मारे कांप रहे हैं, पुलिस जल्दी भेजिए।",hi,"intimidation,fear,panic,help_seeking"
"कल शाम हमारे टोले के कुछ घरों पर दारू पीकर गाली‑गलौज वाले लोग आग लगाने की धमकी दे रहे थे, अगर पुलिस नहीं आई तो सब जल जाएंगे।",hi,"immediate_danger,fear,intimidation,help_seeking"
"एफआईआर दर्ज करने के बाद से हम पर सामाजिक बहिष्कार हो गया, लोग हमें बेइज्जत कहते हैं, हमारे बेटे को स्कूल से बाहर कर दिया गया, अब हम बहुत दुखी और निराश हैं।",hi,"sadness,hopelessness,intimidation"
"थाने में हमारी केस के लिये कोई वकील नहीं मिला, हम गरीब लोगन को कानूनी मदद नहीं मिल रही, थानेदार भी हमारी बात नहीं सुनते, अब हम बहुत गुस्से में हैं।",hi,"anger,hopelessness,help_seeking"
"गाँव के कुआँ/हैंडपंप की मरम्मत का वादा किया गया था, पर अब दो महीने बीत गए, पानी नहीं आ रहा, रोज़ी‑रोटी के लिये पानी नहीं मिल रहा, हम बहुत उदास हैं।",hi,"sadness,hopelessness,others"
"हमारी एफआईआर का कोई जवाब नहीं आया, थाना‑कचहरी में रोज़ दो घंटे इंतजार करते हैं, फिर भी कोई कार्रवाई नहीं, हम थक चुके हैं, कृपया उच्च अधिकारी को लिखें।",hi,"anger,hopelessness,help_seeking"
"हमारा जमीन का पट्टा लेकर दबंग लोग हमें गोली की धमकी दे रहे हैं, रात को घर के बाहर गन की आवाज़ सुनाई देती है, अब हम बहुत डर रहे हैं।",hi,"intimidation,fear,immediate_danger,help_seeking"
"बस्ती में दारू पीकर गंदे लोग रात को महिलाओं को परेशान कर रहे हैं, गाली‑गलौज और शारीरिक धमकी दे रहे हैं, सब डर के मारे घर में नहीं निकल पा रहे।",hi,"fear,intimidation,sadness,help_seeking"
"पिछले कल हमारा बच्चा पुलिस की लापरवाही से गुम हो गया, अब तक कोई खबर नहीं, हम चिल्ला‑चिल्ला कर गुहार लगा रहे हैं, कृपया तुरंत खोजें।",hi,"panic,fear,help_seeking"
"भाईसाहब, आज शाम हमारे कुआँ तक पहुँचते ही दबंगों ने धक्का मार कर बंद कर दिया, पानी नहीं मिल रहा, डर लग रहा है!",hinglish,"fear,immediate_danger,help_seeking"
"हमारे टोले में आज से सभी दुकानों ने हमें बेइज्जत किया, कोई भी किराना नहीं बेच रहा, लोग हमें 'जातीसूचक' गालियां दे रहे हैं, हम बहुत डर और गुस्सा महसूस कर रहे हैं।",hinglish,"anger,sadness,intimidation,fear"
"पिछले हफ्ते से गाँव के चौपाल में हमें बुलाया ही नहीं गया, सभी ने हमें सामाजिक बहिष्कार कर दिया, बच्चा भी स्कूल नहीं जा पा रहा, हमें मदद चाहिए।",hinglish,"hopelessness,sadness,help_seeking"
"हमारा पुराना पट्टा वाला खेत अब दबंगों ने अपने ट्रैक्टर से रोका है, फसल को जलाकर ले गए, हम बहुत गुस्सा और डर में हैं, पुलिस को बुलाओ।",hinglish,"anger,fear,help_seeking,immediate_danger"
"बाबूजी, मंदिर में प्रवेश करने की कोशिश की तो हमें धक्का मार के बाहर निकाल दिया, साथ में जातिसूचक गालियां भी सुनाई दी, अब हमें बहुत डर लग रहा है।",hinglish,"intimidation,fear,sadness"
"हमारे गाँव के नाई ने कहा कि वह हमारे टोले के लोग नहीं नहाएगा, हमें बेइज्जत किया, अब हम बहुत उदास और गुस्से में हैं।",hinglish,"sadness,anger,hopelessness"
"कल रात दारू पीकर गाली-गलौज वाले दबंगों ने कहा कि अगर हम एफआईआर नहीं डालते तो हमें मार डालेंगे, हम बहुत पैनिक में हैं।",hinglish,"panic,intimidation,immediate_danger,help_seeking"
"हैंडपंप पर जाने पर दूकान वाले हमें रोक रहे हैं, कहते हैं 'हमारी जाति का पानी नहीं पी सकते', अब हम बहुत डर और निराशा में हैं।",hinglish,"fear,hopelessness,sadness"
"हमारी शादी में सब लोग नहीं आए, सभी ने हमें सामाजिक बहिष्कार किया, अब हम बहुत उदास और मदद चाहते हैं।",hinglish,"sadness,hopelessness,help_seeking"
"हमारी खलिहान पर दबंगों ने धक्का मार कर दरवाज़ा तोड़ दिया, कहा कि अगर हम विरोध करेंगे तो फसल बर्बाद कर देंगे, हमें बहुत डर है।",hinglish,"intimidation,fear,immediate_danger,help_seeking"
"थानेदार ने हमारी शिकायत नहीं सुनी, कहा 'ये तो गाँव की बात है', अब हम बहुत निराश और गुस्से में हैं, क्या करें?",hinglish,"hopelessness,anger,others"
"हमारी दुकान पर अब कोई भी ग्राहक नहीं आता, पड़ोसी दबंगों ने कहा कि अगर हम नहीं मानेंगे तो पूरी टोला को सामाजिक बहिष्कार कर देंगे, हम बहुत डर और गुस्सा महसूस कर रहे हैं।",hinglish,"intimidation,fear,anger,help_seeking"
"Thanedhar complaint nahi le raha, jab humne 14566 ko call kiya toh usne FIR ka kaghaz uda diya, ab hum darr ke maare chup hain.",hinglish,"fear,intimidation,help_seeking"
"Dar hai ki thaneedar humein phir se bula kar case wapas le lega, humne already FIR dwaar ki, par ab koi action nahi ho raha.",hinglish,"panic,fear,intimidation"
"Panchayat mein jab maine apne baap ka patta dikhaya to bade log 'tumhe yahan nahi aana chahiye' kehke humein beizzati kar rahe hain, ab hum social bahishkaar se pareshan hain.",hinglish,"sadness,hopelessness,anger"
"Hamari beti ko mandir mein pravesh nahi diya gaya, log jaatisuchak gaaliyan de rahe the, hum bahut gusse mein hain.",hinglish,"anger,sadness,hopelessness"
"Hamare dada ji ka khalihaan ab dabangon ne apne tractor se gher liya, hamari fassal jala di aur ab humein zameen ka koi haq nahi mil raha.",hinglish,"anger,fear,hopelessness"
"Hamare haathpump wala kuaan band kar diya gaya, padosi dabangon ne raasta roka aur humein paani nahi mil raha, family bohot scare hai.",hinglish,"panic,fear,immediate_danger"
"DSP ne hamare case ki sunvai mein der kar di, ab hum thak chuke hain, humein madad chahiye.",hinglish,"hopelessness,help_seeking,sadness"
"Dhamki mil rahi hai ki agar hum complaint nahi hatayenge to hamare ghar mein daru peeke gaali-galauj wale log aayenge, family bohot dar rahi hai.",hinglish,"intimidation,fear,panic"
"Chaupal mein jab hum baat karne gaye to dabangon ne humein dhakka mar ke 'tum log yahan nahi reh sakte' kaha, ab hum beizzati mehsoos kar rahe hain.",hinglish,"sadness,anger,intimidation"
"Hamari maa ne thane mein report di, par daroga ne kaha 'SC log complaint nahi kar sakte', ab hum madad ke liye 14566 par aaye hain.",hinglish,"hopelessness,anger,help_seeking"
"Hamari zameen ke patta par padosi ne apna baṛa laga diya, jab humne thana ko bulaya to unhone kaha 'ye dekh lo nahi' aur koi karwai nahi hui.",hinglish,"anger,hopelessness,intimidation"
Kripya batayein ki 14566 par darj ki gayi shikayat ka status kab tak milega?,hinglish,others
"भाई साहब, हमारे गाँव के दबंगों ने खेत का रास्ता रोक दियो है और अब पोए राहत फंड का भुगतान भी दो‑तीन महीने से नहीं आया, कब तक इंतज़ार करना पड़ेगा?",hi,"hopelessness,anger,help_seeking"
"मेरे बेटे की स्कॉलरशिप अभी तक नहीं आई, हर बार पूछूँ तो कहा जाता है ‘काग़ज़ात देखो’, अब तो बस थक गया हूँ, मदद चाहिए.",hi,"sadness,hopelessness,help_seeking"
"हमारे टोले की नाली टूट गई है, बरसात में पानी भर जाता है, कृपया जल्द से जल्द मरम्मत करवाइए.",hi,others
"पंचायत में जब मैं बोला तो मेरे ऊपर जातिसूचक गालियां दी गईं, सरेआम बेइज्जत कर रहे, अब हम डर के मारे घर नहीं निकलते.",hi,"anger,sadness,intimidation"
"बाबूजी, मंदिर में प्रवेश की अनुमति नहीं दी, द्वार पर कस्टमर ने कहा ‘तुम्हारी जाति के लोग यहाँ नहीं आ सकते’, हम बहुत दुखी और गुस्से में हैं.",hi,"anger,sadness,intimidation"
"हमारे टोले के दारू पीकर गाली‑गलौज करने वाले दबंगों ने दुकान में प्रवेश पर रोक लगा दी, धमका रहे हैं कि वापस नहीं आएँगे तो नुकसान करेंगे.",hi,"fear,intimidation,anger"
"जेल से बाहर आया आरोपी अब हथियार लेकर गाँव में घूम रहा है, हमारे बच्चों को देख कर धमकी दे रहा है कि फिर से कुछ कर देगा.",hi,"fear,intimidation,immediate_danger"
"मेरे भाई पर एफआईआर दर्ज है, अब वही लोग मेरे परिवार को धमका रहे हैं कि FIR वापस ले लो नहीं तो सबको नुकसान होगा, मैं बहुत घबराया हूँ.",hi,"fear,intimidation,panic"
"पिछले हफ्ते से हमारे बच्चों को गाँव में लगातार पीछा किया जा रहा है, दो‑तीन बार तो घर के बाहर तक घसीटा, अब तो डर के मारे सो नहीं पा रहे.",hi,"fear,intimidation,panic"
"हमारा टोला अब सामाजिक बहिष्कार का शिकार है, सभी लोग हमें काम नहीं देते, दवाब डालते हैं कि हम गाँव छोड़ दें, बहुत उदास और निराश महसूस कर रहा हूँ.",hi,"sadness,hopelessness,anger"
"थानेदार सुनता ही ना, कई बार शिकायत दर्ज करवाई पर कोई कार्रवाई नहीं हुई, अब तो भरोसा ही नहीं बचा.",hi,"anger,hopelessness,help_seeking"
"गाँव के पुराने कुएँ/हैंडपंप से पानी नहीं आ रहा, लोग बहुत परेशान हैं, कृपया जल्द मरम्मत करवाएँ.",hi,others
"बाबू जी, हमारे पुरखा के पट्टे वाले जमीन पर गाँव के दबंग लोगन ने कब्जा कर लिया है, फसल उगाने से रोका जा रहा है।",hi,"intimidation,fear,anger,hopelessness"
"हम गरीब लोगन के खेत में कल रात दक्खिन के लोगन ने आग लगा दी, सारा फसल जल गया, अब रोजी-रोटी नहीं बची।",hi,"panic,hopelessness,anger"
"हमारे खलिहान तक जाने वाला रास्ता दबंगों ने ट्रैक्टर से बंद कर दिया, गाड़ी नहीं चलती, काम नहीं हो पाता।",hi,"intimidation,hopelessness,anger"
"रात के अंधेरे में हमारी बेटी को दारू पीते लोगन ने गाली-गलौज और धमकी दी, अब हम सब डर के मारे नहीं सो पाते।",hi,"fear,intimidation,panic"
"कल शाम हमारे टोले के बुजुर्ग को लाठी से पीटा गया, खून बहा, पुलिस ने कुछ नहीं किया।",hi,"immediate_danger,anger,sadness,fear"
"थानेदार साहब ने हमारी एफआईआर का कागज फाड़ दिया, कहा दबंगों से समझौता कर लो, अब हम बेइज्जत महसूस कर रहे हैं।",hi,"anger,hopelessness,intimidation"
"डिस्पी के आने में दो हफ्ते लग गए, अब भी दबंगों ने हमारे खेत में आग लगा दी, मदद नहीं मिली।",hi,"hopelessness,panic,anger"
"हमारे घर में दारू पीकर गाली-गलौज करने वाले दबंगों ने हमें सामाजिक बहिष्कार कर दिया, लोग हमें देख कर नहीं आते।",hi,"sadness,hopelessness,fear"
"रात को हमारे घर के पास धुआँ देखे, दबंगों ने कहा अगर शिकायत की तो घर जला देंगे।",hi,"immediate_danger,fear,intimidation"
"हमारी माँ को झगड़े में चोट लगी, पर थाना-कचहरी में दरोगा ने कहा हमारे जैसे SC लोग शिकायत नहीं कर सकते, FIR नहीं लिखेगा।",hi,"anger,hopelessness,sadness"
"गाँव के कुएँ के पास दबंगों ने अपना कंक्रीट का पट्टा लगा दिया, पानी नहीं मिल रहा, हमारे बच्चों को प्यास लगी।",hi,"panic,hopelessness,fear"
"कृपया बताइए, हमारे पास जमा हुई जमीन के दस्तावेज़ों की सत्यता जांच के लिए कौन सा विभाग संपर्क करना चाहिए?",hi,others
मेरी बेटी को रात को झोपड़ी में धक्का मार कर धमकी दी गई कि अगर हम पुलिस को रिपोर्ट नहीं करेंगे तो घर जला देंगे।,hinglish,"fear,intimidation,immediate_danger,help_seeking"
"हमारे गाँव में थानेदार ने मेरे पते पर लिखी हुई FIR नहीं ली, कागज फाड़ दिया और कहा कि ये छोटे‑छोटे मामले हैं।",hinglish,"anger,hopelessness,help_seeking"
"हमारे दादा जी का पुराना पट्टा वाला जमीन अब दबंगों ने घेर लिया, खेत में ट्रैक्टर खड़ा कर के हमारी फसल तोड़ रहे हैं।",hinglish,"anger,fear,intimidation,help_seeking"
"कल रात 2 बजे मेरे घर के बाहर दो बड़े लोग लाठी लेकर आए, कहा कि अगर हम आगे बात करेंगे तो पूरी टोल को आग लगा देंगे।",hinglish,"panic,fear,immediate_danger,help_seeking"
"हमारी परिवार को अब गाँव की चौपाल में बैठना भी मना कर दिया गया, सब लोग हमें बेइज्जत कर रहे हैं, कोई मदद नहीं कर रहा।",hinglish,"sadness,hopelessness,intimidation,help_seeking"
"ड्राइवर ने कहा कि अगर हम थाने में शिकायत करेंगे तो हम पर केस वापस ले लिया जाएगा, इसलिए हम डर के मारे चुप हैं।",hinglish,"fear,intimidation,hopelessness,help_seeking"
"पड़ोसी ने हमारे खेत में आग लगा दी, धुआँ इतना भयानक था कि हम सांस नहीं ले पा रहे, अब हमें क्या करना चाहिए?",hinglish,"panic,immediate_danger,fear,help_seeking"
"एफआईआर दर्ज करवाई पर थानेदार ने हमें बताया कि अगले दिन हमारे घर की खिड़कियों पर गोली मारेंगे, इसलिए हम रात को बाहर नहीं जा सकते।",hinglish,"fear,intimidation,panic,immediate_danger"
"हमारी जमीन पर नया दबंग आया, कहा कि अब से हम इस खेत को नहीं जोत सकते, नहीं तो हम दारू पीकर गाली‑गलौज करेंगे।",hinglish,"anger,fear,intimidation,help_seeking"
"DSP नहीं आया, हमें दो हफ्ते से इंतजार है, लेकिन दबंग अभी भी हमारे कुआँ को बंद कर रहे हैं।",hinglish,"hopelessness,anger,help_seeking"
"मेरे बेटे को स्कूल से वापस लाते समय दो लोग लाठी से मारने की धमकी दे रहे हैं, अब हम उसे बाहर नहीं भेज पाते।",hinglish,"fear,panic,immediate_danger,help_seeking"
"कृपया बताइए, हमारे गाँव में SC/ST के लिए आवंटित पट्टा की स्थिति क्या है और कब अपडेट होगा?",hinglish,others
"पंचायत में जब मैं अपने खेत के पट्टे की जमीन का हक़ बताने गया तो मुखिया ने मुझे ""छुआ नहीं"" कह कर धक्का मार दिया और जातिसूचक गालियां दीं, अब मैं डर के मारे खेत नहीं जोत पाता।",hi,"fear,anger,sadness,intimidation"
"आज रात हमारे बस्ती के चारों ओर दंगाई वाले लोग पत्थर और छुरियों से घेर रहे हैं, दरवाज़े बंद हैं, आवाज़ें तेज़ हैं, कृपया तुरंत पुलिस भेजें।",hi,"immediate_danger,panic,fear,help_seeking"
"हमारी बेटी पर एफआईआर दर्ज करवाई थी, अब वही आरोपी बंधक पर निकल कर हथियार लेकर हमारे घर के बाहर खड़ा है, बच्चों को देख रहा है और कह रहा है कि FIR वापस ले लो नहीं तो सबको मार डालेंगे।",hi,"intimidation,fear,hopelessness,anger"
"गाँव के दुकान में जब मैं दाल खरीदने गया तो दुकानदार ने मुझे ""निचला वर्ग"" कह कर बाहर निकाल दिया और कहा कि मेरे जैसे लोग यहाँ नहीं आते।",hi,"sadness,anger,fear"
"रात को दहाड़ते हुए दंगाई वाले लोग हमारे कच्चे घर में आग लगा रहे हैं, सभी को बचाने के लिए तुरंत थानेदार भेजें, नहीं तो सब जल जाएंगे।",hi,"immediate_danger,panic,fear,help_seeking"
"एफआईआर दर्ज करने के बाद से हमारे टोले को सामाजिक बहिष्कार मिला है, लोग हमें खलिहान में भी नहीं बुलाते, पानी की टंकी की पाइप को भी काट दिया गया, हम बेबस हैं।",hi,"intimidation,hopelessness,sadness,anger"
"गाँव की चौपाल में जब मैं अपना मुद्दा रखने गया तो कुछ दबंगों ने मुझे ""छुआ नहीं"" कह कर धक्का मार दिया और बोले कि हमसे बात नहीं करेंगे।",hi,"sadness,anger,intimidation"
"हमारे घर पर कई बार दंगाई वाले लोग धक्के मार रहे हैं, मेरे बेटे को भी मार गिराया गया, पुलिस नहीं आ रही, कृपया तुरंत मदद भेजें।",hi,"immediate_danger,panic,fear,help_seeking"
"बैलेंस पर बंधक पर निकला आरोपी अब हथियार लेकर हमारे घर के सामने खड़ा है, कह रहा है कि अगर FIR नहीं हटाई गई तो हम सबको मार डालेंगे।",hi,"intimidation,fear,hopelessness"
"हमारी जल टंकी के पास के कुएँ पर दबंगों ने ""छुआ नहीं"" कह कर रोक दिया, अब हमें दूर से पानी लाना पड़ रहा है, बहुत दिक्कत हो रही है।",hi,"sadness,anger,hopelessness"
"मेरी दो छोटी बच्चियों को दंगाई वाले लोगों ने ले गए, उन्होंने कहा कि अगर हम FIR वापस नहीं लेंगे तो उन्हें वापस नहीं लाएंगे, कृपया तुरंत बचाव करें।",hi,"panic,fear,immediate_danger,help_seeking"
"मैं जानना चाहता हूँ कि मेरे द्वारा दो महीने पहले दर्ज की गई एफआईआर का क्या статус है, कृपया जानकारी दें।",hi,others
"हमारे बब्बर के खेत का रास्ता दबंगों ने ट्रैक्टर खड़ा करके रोक दियो, निकलते‑ही जातिसूचक गालियां दे रहे हैं, थानेदार सुनता ही ना।",hi,"intimidation,fear,anger,help_seeking"
"पिछले कल हमारे पैतृक पट्टे की फसल को ऊँचा वर्ग के लोग आग लगा के जलाए, अब हम भूखे हैं, डर के मारे रोते‑रोते काम नहीं कर पा रहे।",hi,"fear,anger,sadness,help_seeking"
"गुहार लगाते‑लगाते हमारे गाँव के कुएँ के पास का रास्ता धातु के बाड़े से बंद कर दिया गया, पानी नहीं मिल रहा, बच्चे भी पीने को नहीं पा रहे, तुरंत मदद चाहिए।",hi,"panic,immediate_danger,help_seeking"
"हमारी माँ के खिलाफ झूठा एफआईआर दायर कर दिया गया, अब पुलिस भी नहीं सुनती, केस में फँस कर हम सब बेबस हैं।",hi,"hopelessness,anger,help_seeking"
"डॉक्टर ने जो मेडिकल रिपोर्ट दी थी, वो पोर्टल पर नहीं दिख रही, इलाज का खर्चा भी नहीं मिल रहा, बहुत निराश हूँ।",hi,"sadness,hopelessness,help_seeking"
"जिला कोर्ट में हमारे लिये वकील नहीं मिला, वकील की फीस भी नहीं दे पा रहे, अब क्या करें, थके‑थके थक गए हैं।",hi,"hopelessness,sadness,others"
"सरकारी पोर्टल पर दिये गये नुकसान की भरपाई अभी तक नहीं आई, महीनों से इंतजार कर रहे हैं, बहुत गुस्सा आ रहा है।",hi,"anger,hopelessness,help_seeking"
"बाबूजी, मंदिर में हमें प्रवेश नहीं दिया गया, ऊँचा वर्ग वाले हमें बेइज्जत कर के कहा ‘तुम्हारा यहाँ कोई हक नहीं’।",hi,"sadness,anger,help_seeking"
"पंचायत में बैठके में हमें जातिसूचक गालियां दी गईं, लोग डर के मारे चुप रहे, थानेदार भी नहीं आया, बहुत डर लग रहा है।",hi,"intimidation,fear,anger,help_seeking"
"हमारे टोले के दूकान में दारू पीकर लोग हमें धक्का‑मार कर बाहर निकाल रहे हैं, अब हम सामान नहीं खरीद पा रहे।",hi,"sadness,anger,help_seeking"
"हमारी बेटी को दारू पीकर गाली‑गलौज करने वाले लोगों ने धमकी दी कि अगर हम शिकायत करेंगे तो उसे मार डालेंगे, अब डर के मारे हम कुछ नहीं बोल पा रहे।",hi,"intimidation,fear,immediate_danger,help_seeking"
"गाँव में हमारे परिवार को सामाजिक बहिष्कार कर दिया गया, लोग चौपाल में भी हमें नहीं बुलाते, बहुत अकेला और निराश महसूस कर रहा हूँ।",hi,"sadness,hopelessness,help_seeking"
"बाबू जी, कल हमरे गाँव के मंदिर में हमरे टोले के लोगन को जातिसूचक गालियाँ देके अंदर नहीं जाने दिया, सब लोगन हमको बेइज्जत समझ रहे हैं।",hi,"intimidation,sadness,anger,hopelessness"
"हम गरीब लोगन के परिवार पर झूठा एफआईआर दायर कर दिया गया, वकील नहीं मिला और मेडिकल रिपोर्ट भी नहीं आई, अब हम क्या करिए?",hi,"panic,hopelessness,help_seeking,anger"
"हमरे दादा के पट्टा वाले खेत में दबंग लोगन ने घुस कर फसल जलाकर ले ली, अब हमरे पास रोज़ी-रोटी का साधन नहीं बचा।",hi,"fear,anger,help_seeking,hopelessness"
"टोला के रास्ता ट्रैक्टर से बंद कर दिया गया, दबंग लोगन ने कहा अगर हम हटेंगे नहीं तो हाथापाई करेंगे।",hi,"intimidation,fear,hopelessness"
"गाँव के कुएँ को दुरुस्त नहीं किया, दारू पीकर गाली-गलौज करने वाले लोगन ने उसे तोड़ दिया, अब हमरे बच्चों को पानी नहीं मिल रहा।",hi,"sadness,hopelessness,help_seeking"
"जब हम ने पिंड सभा में जाति गाली की शिकायत की तो पूरे गाँव ने हमें सामाजिक बहिष्कार कर दिया, अब कोई भी हमसे बात नहीं करता।",hi,"sadness,hopelessness,intimidation"
"एफआईआर दर्ज करवाई लेकिन थाना-कचहरी में रिपोर्ट नहीं मिली, डॉक्टर की रिपोर्ट भी नहीं आई, पुलिस ने हमें नजरअंदाज कर दिया।",hi,"panic,hopelessness,help_seeking"
बाजार में दारू पीकर गाली-गलौज करने वाले दबंग लोगन ने हमें धक्का मार कर धमकी दी कि अगर हम शिकायत करेंगे तो तुरंत मार डालेंगे।,hi,"immediate_danger,fear,intimidation"
"रोज़ी-रोटी का राशन हमें ऊँची जाति वाले लोगों को पहले दे दिया, हमें तो खाली हाथ घर लौटना पड़ता है।",hi,"sadness,anger,hopelessness"
"हमारे टोले को जमीन का पट्टा दिलाने के लिए दबंग लोगन ने बड़े पैसे की मांग की, नहीं तो हमको जमीन से निकाल देंगे, हम बहुत डर रहे हैं।",hi,"intimidation,fear,anger"
"हमारी टोलिया की महिलाओं पर रात को थानेदार ने कोई कार्रवाई नहीं की, हम डर के मारे नहीं बोल पाते, मदद चाहिए।",hi,"panic,help_seeking,sadness"
"गुहार है, हमारे पास पोर्टल पर दिख रहा है कि मुआवजा अभी भी लंबित है, कृपया स्थिति बताइए।",hi,others
"बाबूजी, 14566 हेल्पलाइन के दफ़्तर के कामकाज़ के समय क्या हैं?",hi,others
"कृपया बताइए, कानूनी सहायता के लिये कौन‑कौन से दस्तावेज़ चाहिए?",hi,others
"मेरे केस का डॉकेट नंबर 2023/14566/07 है, उसकी प्रगति की स्थिति क्या है?",hi,others
"हमारे टोले का हाथपंप आज से बंद कर दिया, गाँव वाले दबंगों की तरह धमकी दे रहे हैं, अब पानी नहीं मिल रहा, बहुत गुस्सा और उदास हूँ।",hi,"anger,sadness,hopelessness"
"बार्बर साहब ने कहा कि मेरे कुटुंब को सेवा नहीं देगा, कहते हैं सामाजिक बहिष्कार है, मैं बहुत गुस्से में हूँ और दिल टूट गया।",hi,"anger,sadness"
"गाँव की दुकान ने हमारे टोले को सब्ज़ी नहीं बेची, कहा कि हम यहाँ नहीं आते, इस दबंगी से डर लग रहा है, गुस्सा है।",hi,"anger,intimidation"
"अबे थानेदार सुनता ही ना, हमारे घर के बाहर धाकड़ लोग पत्थर फेंक रहे हैं, बंदूक भी दिखा रहे हैं, तुरंत मदद चाहिए!",hi,"immediate_danger,fear,panic,intimidation"
"हमारी बस्ती के सामने दहाड़ते हुए लोग चाकू लेकर खड़े हैं, दरवाज़ा बंद है, हम चिल्ला रहे हैं, मदद करो!",hi,"immediate_danger,fear,panic"
"छोरियों को दारू पीकर गाली‑गलौज कर रहे हैं, हथियार दिखा रहे हैं, हम डर के मारे नहीं चल पा रहे, पुलिस जल्दी भेजो!",hi,"immediate_danger,fear,panic,anger"
"हमारे कुटुंब को पूरे गाँव ने सामाजिक बहिष्कार कर दिया, कोई बात नहीं करता, हमें बेइज्जत कर रहे हैं, दिल टूट गया, आशा नहीं बची।",hi,"hopelessness,sadness,anger"
"कुआँ के पास जाने पर गाँव वाले धौंस दे रहे हैं, कहते हैं अगर पानी लेंगे तो मार देंगे, बहुत डर और गुस्सा है।",hi,"intimidation,fear,anger"
"एफआईआर ऑनलाइन कैसे दर्ज करूँ, क्या कोई गाइडलाइन है?",hi,others
"हमारे गाँव के सार्वजनिक कुएँ से पानी निकालने पर दक्खिन वाले दबंगों ने हमें रोक दिया और दारू पीकर गाली‑गलौज की, अब हम प्यास से मर रहे हैं, कृपया मदद करें।",hi,"fear,hopelessness,help_seeking"
"बाबूजी, हमारे टोले में बार्बर ने जातिसूचक शब्द बोलते हुए हमारे बाल नहीं काटे, और पूरे गाँव में सामाजिक बहिष्कार कर दिया, हमें बहुत गुस्सा और दुख हो रहा है।",hi,"anger,sadness,intimidation,help_seeking"
"कल रात लाठी से मारते हुए दो दबंगों ने हमारे घर के बाहर धमकी दी कि अगर हम FIR दर्ज नहीं करवाएंगे तो फिर से मारेंगे, हम बहुत डर के मारे पैनिक में हैं।",hi,"immediate_danger,fear,panic,intimidation"
"हमारे घर को जलाने की धमकी दी गई है, दारू पीते हुए दबंग कह रहे हैं कि अगर हम पुलिस को नहीं बुलाएंगे तो खलिहान में आग लगा देंगे, हमें तुरंत सुरक्षा चाहिए।",hi,"immediate_danger,fear,panic,help_seeking"
"बजायश के बाद बँधे हुए आरोपी ने बंधु के साथ हथियार लेकर हमारे घर के बाहर घुमा-फिरा कर कहा कि अगर हम FIR वापस नहीं लेते तो हमारी पूरी परिवार को मार डालेंगे, हम बहुत डर रहे हैं।",hi,"intimidation,fear,hopelessness,help_seeking"
"वह दबंग हमारे बच्चों को लगातार पीछा कर रहा है और कह रहा है कि अगर हम FIR नहीं हटाएंगे तो उन्हें मार डालेगा, हमारी माँ बहुत डर गई है।",hi,"intimidation,fear,panic"
"गाँव की दो किराना दुकानें हमें सामान नहीं बेच रही हैं, दुकान वाले हमें बेइज्जत कर रहे हैं और कह रहे हैं कि हम कभी नहीं खरीदेंगे, इस सामाजिक बहिष्कार से हमें बहुत गुस्सा और निराशा है।",hi,"anger,sadness,hopelessness,help_seeking"
"हमारी सार्वजनिक हाथपंप से पानी निकालने पर दबंगों ने जातिसूचक शब्द बोले और हमें रोक दिया, अब हम पानी के बिना पीड़ित हैं, हमें डर लग रहा है।",hi,"fear,intimidation,hopelessness"
"मेरी पत्नी को लाठी से मारते हुए दो दबंगों ने धमकी दी कि अगर हम पुलिस को नहीं बुलाएंगे तो वह फिर से मारेंगे, हम बहुत डर के साथ मदद चाहते हैं।",hi,"immediate_danger,fear,panic,help_seeking"
"हमारी पट्टे की जमीन पर अवैध कब्जा करके गाँव के दबंग ने हमें बाहर निकाल दिया, अब हम अपना घर नहीं पा रहे, बहुत गुस्सा और मदद की जरूरत है।",hi,"anger,hopelessness,help_seeking"
"गाँव में दारू पीते हुए दबंगों ने रात में धूम्रपान करते हुए कहा कि अगर हम थानेदार को नहीं बुलाएंगे तो हम सबको मार डालेंगे, हम बहुत डर रहे हैं।",hi,"fear,immediate_danger,panic,help_seeking"
"हमने जो FIR दर्ज करवाई थी, उसके बारे में अभी तक कोई जानकारी नहीं मिली, कृपया स्थिति बताइए।",hi,others
"हमारे दादा जी का पुराना पट्टा वाला जमीन अब गांव के दबंगों ने अपने खेत में मिला दिया, अब हम खेती नहीं कर पा रहे।",hinglish,"fear,anger,help_seeking"
"कल रात हमारे खेत में धुआँ उठ गया, दबंगों ने हमारे फसल को आग लगा दी और हमें धमकी दी कि फिर नहीं कहेंगे तो फिर से जला देंगे।",hinglish,"intimidation,fear,immediate_danger,help_seeking"
"हमारा खेत का रास्ता अब गाँव के बड़े जमींदार ने ट्रैक्टर रख कर बंद कर दिया, बाहर नहीं जा पा रहे, रोज़ थानेदार को बुलाते हैं पर कुछ नहीं होता।",hinglish,"panic,hopelessness,help_seeking"
"पंचायत में जब हम अपने मुद्दे रखे तो कुछ बुजुर्गों ने हमें जातिसूचक गालियां दी और कहा कि हम यहाँ नहीं आ सकते, हमें बहुत बेइज्जत महसूस हो रहा है।",hinglish,"sadness,anger,hopelessness"
"हमारे गांव के मंदिर के द्वार पर हमें रोक दिया गया, पुजारी ने कहा 'तुम्हारी जाति से यहाँ नहीं आना चाहिए', अब हम रोज़ रोते हैं।",hinglish,"sadness,fear,hopelessness"
"जब हमने थानेदार को रिपोर्ट करने के लिए गया, तो उन्होंने हमारी शिकायत कागज़ को फाड़ दिया और कहा 'ऐसे छोटे लोग क्या कर सकते हैं', अब हमें डर लग रहा है।",hinglish,"intimidation,hopelessness,help_seeking"
"डारोगा साहब ने कहा कि हमारे खिलाफ केस नहीं बनेंगे, हमें फाइल करने को कहा तो उन्होंने कहा 'तुम्हारी जाति के लोग नहीं बना सकते', अब हम बहुत गुस्से में हैं।",hinglish,"anger,hopelessness,help_seeking"
"हमारी बेटी को स्कूल से निकाल दिया गया, दबंगों ने कहा अगर हम शिकायत करेंगे तो उसे मार डालेंगे, हमें तुरंत मदद चाहिए।",hinglish,"intimidation,immediate_danger,fear,help_seeking"
"हमारे घर में अब कोई भी नहीं आता, सब लोग हमें सामाजिक बहिष्कार कर रहे हैं क्योंकि हम SC हैं, हम बहुत उदास हैं।",hinglish,"sadness,hopelessness,help_seeking"
"DSP ने वादा किया था कि वो आएंगे, पर दो हफ्ते बीत गए, अभी तक कोई नहीं आया, हम इंतजार में थक गए।",hinglish,"others,hopelessness"
"दबंगों ने दारू पीकर हमें गाली-गलौज की और कहा कि अगर हम शिकायत करेंगे तो हमारे खेत में आग लगा देंगे, हम बहुत डर रहे हैं।",hinglish,"intimidation,fear,immediate_danger,help_seeking"
"हमारी फसल को बिना पूछे ही दबंगों ने काट लिया, और हमारे खेत में उनका ट्रैक्टर खड़ा कर दिया, अब हम कुछ नहीं कर पा रहे।",hinglish,"anger,intimidation,help_seeking"
14566 हेल्पलाइन के कार्यालय के समय क्या हैं? कृपया सुबह‑शाम की समय-सारणी बताइए।,hi,others
"कानूनी सहायता के लिए कौन‑कौन से दस्तावेज़ चाहिए, और क्या हमें कोई फ़ॉर्म भरना पड़ेगा?",hi,others
हमारे दायर किए गए डॉकेट नंबर 2023/145/07 की वर्तमान स्थिति क्या है? कृपया अपडेट दें।,hi,others
"पॉवर्टी अलायंस एफ़ड्रॉड फंड का भुगतान दो महीने से नहीं आया, अब घर की रोशनी भी नहीं चल रही।",hi,"anger,sadness,hopelessness"
"मेरे बेटे की स्कॉलरशिप अभी तक ट्रांसफ़र नहीं हुई, कॉलेज की फीस जमा नहीं हो पा रही है।",hi,"anger,sadness"
"हमारे टोले की मुख्य सड़क पर गड्ढे हैं, गाड़ी चलाते‑चलाते पहियों को नुकसान हो रहा है, कृपया जल्द मरम्मत करवाएँ।",hi,"help_seeking,others"
"टोला के पास नया ड्रेनेज नहीं होने से बारिश में पानी भर जाता है, लोग फिसल कर गिर रहे हैं, कृपया इस पर कार्रवाई करें।",hi,"help_seeking,others"
"हमारे पास पट्टे की जमीन है, लेकिन पड़ोसी ने अवैध कब्जा कर लिया है और हमें बाहर निकालने की धमकी दे रहा है।",hi,"anger,intimidation,hopelessness"
"जैसे ही हमने जातिसूचक शब्दों की शिकायत की, हमें सामाजिक बहिष्कार का सामना करना पड़ रहा है, अब कोई भी हमारे घर में नहीं जाता।",hi,"sadness,anger,hopelessness"
"अब तो पूरी बस्ती के लोग पत्थर फेंक रहे हैं, हथियार लेकर घर के बाहर घेर रहे हैं, कृपया तुरंत पुलिस भेजें!",hi,"immediate_danger,fear,panic,help_seeking"
"हमारे घर के दरवाज़े अंदर से बंद कर रखे हैं, दारू पीकर गाली‑गलौज वाले लोग धमकी दे रहे हैं, पुलिस नहीं आ रही, मदद चाहिए।",hi,"immediate_danger,fear,intimidation,help_seeking"
"कुंआ में पानी नहीं आ रहा, और हमें जातिसूचक शब्दों से गाली‑गलौज का सामना करना पड़ रहा है, कृपया एफआईआर दर्ज कराकर मदद करें।",hi,"help_seeking,anger"
"हमारे दादा जी के पट्टा वाले खेत में दबंगों ने अपना ट्रैक्टर खड़ा कर दिया, अब फसल नहीं उगा पाएंगे, हमें बहुत डर लग रहा है।",hinglish,"fear,intimidation,help_seeking"
"कल रात हमारे टोले के खेत में धुएँ की गंध आई, फिर देखो सब फसल जला दी, अब हम बेइज्जत महसूस कर रहे हैं, कोई मदद करो।",hinglish,"panic,hopelessness,help_seeking"
"हमारी खलिहान तक जाने वाला रास्ता दबंगों ने लकड़ी से बंद कर रखा है, रोज़ सुबह ट्रैक्टर नहीं चल पाते, बहुत गुस्सा है।",hinglish,"anger,help_seeking"
"पिछले हफ़्ते हमारे ट्रैक्टर को दबंगों ने रोक कर हथौड़ा मार दिया, अब हम खेत नहीं जोत पा रहे, हमें डर लग रहा है।",hinglish,"fear,intimidation,help_seeking"
"14566 का ऑफिस कब खुलता है, कृपया बताइए?",hinglish,others
"लीगल एड के लिए कौन‑कौन से दस्तावेज़ चाहिए, कृपया जानकारी दें।",hinglish,others
"मेरे केस का डॉकेट नंबर 2023/SC/045 है, अभी तक कोई अपडेट नहीं मिला, स्थिति बताइए।",hinglish,others
"मेरे भाई को बँध कर धमकी दी गई कि अगर हम एफआईआर नहीं वापस लेते तो परिवार को मार देंगे, अब हम बहुत डर रहे हैं।",hinglish,"fear,intimidation,immediate_danger,help_seeking"
"बजरी वाले दबंग अब जमानत पर बाहर घूम रहे हैं, हाथ में बंदूक लेकर हमारे घर के सामने खड़े हैं, हमें तुरंत सुरक्षा चाहिए।",hinglish,"immediate_danger,fear,help_seeking"
"मेरी बेटी को स्कूल से लेकर घर तक दारू पीकर गाली‑गलौज कर धमकी दी जा रही है, अब हम बहुत परेशान और उदास हैं।",hinglish,"sadness,intimidation,help_seeking"
"हमारे टोले को सामाजिक बहिष्कार कर दिया गया है, लोग हमें खाने‑पीने से भी नहीं लेते, बहुत बेइज्जत महसूस कर रहे हैं।",hinglish,"sadness,hopelessness,help_seeking"
"गाँव के कुएँ के पास दबंगों ने हथौड़े से खरोंचा, अब पानी नहीं निकल रहा, और जब हम शिकायत करने गए तो थानेदार ने हमें चिल्ला कर बेइज्जत किया।",hinglish,"anger,intimidation,help_seeking"
"भाई साहब, हमारे पट्टे वाले किसान भाईयों को PoA राहत फंड का चेक अभी तक नहीं मिला, महीने‑महीने इंतजार कर रहे हैं, अब तो बस गुहार लगा रहे हैं।",hi,"hopelessness,anger,help_seeking"
"मेरी बेटी की स्कॉलरशिप का पैसा अभी तक नहीं आया, कॉलेज ने भी कह दिया कि दस्तावेज़ सही नहीं है, अब हम क्या करें, बस थक कर बैठ गए हैं।",hi,"hopelessness,help_seeking,others"
"हमारे टोले के सामने खेत का रास्ता रोक दियो गया है, ट्रैक्टर से धँस गया है, गाँव की चौपाल में कई बार गुहार लगाई पर अभी तक कोई मरम्मत नहीं हुई।",hi,"help_seeking,others"
"बाबूजी, गाँव के नाले में जलभराव से घर में पानी भर रहा है, drainage की मरम्मत का काम कब होगा, हम तो रोज़ की धूप में खड़े हैं।",hi,"help_seeking,others"
"पिछले महीने हमने जो शिकायत दायर की थी, उसके बारे में अभी तक कोई अपडेट नहीं मिला, कृपया फ़ॉलो‑अप करवा दें, हम इंतज़ार में थक गए हैं।",hi,"help_seeking,others"
"थानेदार सुनता ही ना, हम दबंगों के खिलाफ FIR लिखवाने को कह रहे हैं, पर वह कहता है कि मामला छोटा है, अब हमें क्या करना चाहिए?",hi,"anger,intimidation,fear,help_seeking"
"जब हमने थाने में शिकायत लिखवाई, तो दरोगा ने कागज ही फाड़ दिया, दारू पीकर गाली‑गलौज कर रहा था, अब हम डर के मारे नहीं बोल पा रहे।",hi,"anger,intimidation,fear,help_seeking"
"पड़ोसी दबंगों ने हमें समझौता करने को कहा, थानेदार ने कहा कि हम खुद ही सुलह कर लो, अब तो हम बेइज्जत हो गए हैं, मदद चाहिए।",hi,"anger,intimidation,hopelessness,help_seeking"
"DSP साहब का वादा था कि वो आएँगे, पर दो हफ्ते बीत गए, अब तो गाँव में सबको डर लग रहा है, कब आएँगे वो?",hi,"hopelessness,anger,help_seeking"
"हमारे गाँव के सार्वजनिक कुएँ से पानी नहीं मिल रहा, दूकान वाले भी हमें हाथपंप से पानी लेने नहीं दे रहे, अब तो सब लोग प्यास से मर रहे हैं।",hi,"sadness,hopelessness,help_seeking"
"टोले में बार्बर ने कहा कि वह मेरे बाल नहीं काटेगा, क्योंकि मैं दलित हूँ, अब मैं रोज़ सुबह बिना दाढ़ी के ही निकलता हूँ, बहुत बुरा लग रहा है।",hi,"sadness,anger,hopelessness,help_seeking"
"गाँव की दुकानें सब ने मेरे परिवार को सामाजिक बहिष्कार कर दिया है, कोई भी किराना नहीं बेचते, हम तो बेघर हो रहे हैं, कृपया मदद करें।",hi,"sadness,anger,hopelessness,help_seeking"
"भाई साहब, रात को मेरे घर के सामने दबंगों ने लाठी से मारना शुरू कर दिया, मैं डर के मारे नहीं चल पा रहा हूँ।",hi,"fear,immediate_danger,panic,help_seeking"
"हमारी परिवार के खिलाफ झूठी क्रॉस‑एफआईआर दर्ज कर दी गई है, पुलिस ने कोई जांच नहीं की और मेडिकल रिपोर्ट भी गायब है, अब हमें न्याय नहीं मिल रहा।",hi,"hopelessness,anger,sadness,help_seeking"
पंचायत में जब मैं अपनी बात रख रहा था तो कुछ बुजुर्गों ने जातिसूचक गालियां दीं और हमें सामाजिक बहिष्कार का सामना करना पड़ रहा है।,hi,"sadness,anger,intimidation,help_seeking"
"हमारे पास पट्टे की जमीन है, लेकिन गाँव के दबंगों ने अवैध कब्जा कर लिया, खलिहान तक पहुँच नहीं पा रहे, हमें मदद चाहिए।",hi,"anger,hopelessness,help_seeking,intimidation"
"मैं और मेरे बच्चों को मंदिर में प्रवेश नहीं दिया गया, द्वार पर जाति के कारण धक्का मारकर बाहर निकाल दिया गया, बहुत बेइज्जत महसूस कर रहा हूँ।",hi,"sadness,anger,hopelessness,help_seeking"
"रात को मेरे घर के बाहर दारू पीकर गाली‑गलौज करने वाले लोगों ने मेरे बेटे को मारने की धमकी दी, मैं बहुत डर गई हूँ।",hi,"fear,intimidation,immediate_danger,help_seeking"
"ऑनलाइन पोर्टल पर मेरे पिता की दुर्घटना का मुआवजा अभी तक नहीं आया, कई बार पूछताछ की लेकिन कोई जवाब नहीं मिला।",hi,"hopelessness,sadness,others"
"हमारे टोले को अब गाँव की चौपाल में बुलाया ही नहीं जाता, सभी लोग हमें सामाजिक बहिष्कार कर रहे हैं, हमारी आवाज़ नहीं सुन रहे।",hi,"sadness,hopelessness,help_seeking"
"थानेदार ने हमारे केस को नजरअंदाज कर दिया, जब हमने एफआईआर दर्ज करवाई तो उन्होंने रिपोर्ट में बदलाव कर दिया, अब हमें कोई भरोसा नहीं।",hi,"anger,hopelessness,intimidation,help_seeking"
"गाँव के कुएँ को बंद कर दिया गया, अब हाथपंप से पानी नहीं मिल रहा, हमें पीने के लिए पानी की गुहार लगानी पड़ रही है।",hi,"panic,hopelessness,help_seeking"
"कल शाम को गाँव के दबंगों ने मुझे लाठी से मार कर गिरा दिया, मेरे पैर में चोट लगी और अब कोई डॉक्टर नहीं मिला।",hi,"immediate_danger,fear,sadness,help_seeking"
"एफआईआर दर्ज करवाई लेकिन हमें कोई वकील नहीं मिला, कानूनी सहायता नहीं मिलने से हम बहुत परेशान हैं।",hi,"hopelessness,anger,help_seeking"
"Sir, 14566 office ka timing kya hai? Kal se hi case register karna hai.",hinglish,others
"Legal aid ke liye kaun kaun se documents chahiye, Aadhar, ration card, ya koi aur?",hinglish,others
"Mera docket number 2023/145/07 hai, uski current status bata sakte hain?",hinglish,others
"Meri beti ko raat ko 2 baje दबंगों ne phone karke धमकी di ki agar complaint nahi ki toh usko aur family ko gaali‑गलौज aur मार देंगे, hum sab bahut scared hain.",hinglish,"fear,intimidation,help_seeking"
"Kal shaam ko hamare टोले mein लाठी से मारपीट hui, bachche bhi gire, ab hum sabko immediate danger lag raha hai, koi madad kare.",hinglish,"immediate_danger,fear,panic,help_seeking"
"Dabangg logon ne hamare घर ke सामने आग लगाने ki धमकी di, kaha ki agar complaint withdraw nahi hogi toh poora घर जल जाएगा, hum bahut panic me hain.",hinglish,"immediate_danger,fear,panic"
"Hamare gaon ke babuji ne hamare khilaf false FIR file kar di, ab police hamare khilaf case chal rahi hai, bahut gussa aur dukh hai.",hinglish,"anger,sadness,help_seeking"
"Mujhe medical examination report ab tak nahi mila, compensation claim pending hai, lagta hai system me koi गलती hai, hopeless feel ho raha hai.",hinglish,"hopelessness,anger,help_seeking"
"Legal aid ke liye lawyer request kiya tha, par ab tak koi lawyer assign nahi hua, hum bekaar me intazaar kar rahe hain, bahut hopelessness feel ho rahi hai.",hinglish,"hopelessness,anger,help_seeking"
"Compensation portal pe mera paisa ab tak release nahi hua, 6 mahine ho gaye, family ko financial crisis hai, bahut sadness aur anger hai.",hinglish,"sadness,anger,hopelessness"
"Complaint karne ke baad hamare टोले ko social boycott face karna pad raha hai, log hume बेइज्जत kar rahe hain, डर और डरावना माहौल hai.",hinglish,"sadness,intimidation,help_seeking"
"Dabangg ne humse पट्टा maanga, nahi diya toh hamare घर ko aag laga denge, hum sabko fear aur immediate danger lag raha hai, please help.",hinglish,"fear,intimidation,immediate_danger,help_seeking"
"बाबू जी, हमारे दादाजी का पुराना पट्टा वाला जमीन अब दबंग लोग अपने खेत में ले रहे हैं, हम लोग रोज़ी‑रोटी के लिये डरते हैं।",hi,"fear,intimidation,anger"
"हम गरीब लोगन के धान के खेत में कल रात दारू पीते दबंगों ने आग लगा दी, सारी फसल जल गई, हम सब बेइज्जत और डर में हैं।",hi,"fear,panic,anger"
"टोला के बीच का रास्ता मोटर ट्रैक्टर से बंद कर दिया गया है, खेत तक नहीं जा पा रहे, थानेदार से गुहार लगाते हैं मदद की।",hi,help_seeking
"बाबू जी, दो साल से पोए राहत का पैसा नहीं मिला, हर बार दस्तावेज़ भेजो कहा जाता है, हम बेइज्जत हो रहे हैं और उम्मीद खत्म हो गई।",hi,"hopelessness,anger,others"
"मेरे बेटे की स्कॉलरशिप अभी तक नहीं आई, स्कूल बंद हो रहा है, हम बहुत परेशान हैं, कृपया जल्दी मदद करें।",hi,"panic,hopelessness,help_seeking"
"हमारे टोले की गली में नाली टूट गई है, बरसात में पानी भर जाता है, थाने‑कचहरी को लिखते‑लिखते थक गए, अभी भी कोई काम नहीं हुआ।",hi,"others,hopelessness"
"कल रात मेरे पिता को लाठी से मार कर खून की धमकी दी गई, अब हम सब डर के मारे सो नहीं पाते।",hi,"immediate_danger,fear,panic"
"हमारी बेटी को दबंगों ने रात को घर के पास घेर कर दारू पीकर गाली‑गलौज की, हम बहुत डर गए हैं।",hi,"fear,immediate_danger,help_seeking"
"हमारे खलिहान को जलाने की धमकी मिली है, लोग कह रहे हैं अगर हम विरोध करेंगे तो सबको जला देंगे, हम बहुत डरे हुए हैं।",hi,"fear,immediate_danger,panic"
"हमारे टोले को सामाजिक बहिष्कार कर दिया गया है, लोग हमें बाजार में भी नहीं ले जाते, हम बहुत उदास और अकेला महसूस करते हैं।",hi,"sadness,hopelessness"
"गांव के कुएँ की हेंडपंप टूट गई है, पानी नहीं आ रहा, रोज़ी‑रोटी के लिये बहुत परेशान हैं, कृपया जल्दी ठीक करें।",hi,help_seeking
"पिछले महीने दायर की गई एफआईआर का कोई जवाब नहीं मिला, थाने‑कचहरी में बार‑बार जाना पड़ रहा है, कृपया मदद करें।",hi,"help_seeking,anger"
"हमारे पिता की मौत का एफआईआर दर्ज हुआ, पर पुलिस ने झूठा क्रॉस‑एफआईआर हमारे परिवार पर लगा दिया, अब मेडिकल रिपोर्ट भी नहीं मिली और पोर्टल पर मुआवजा अभी तक नहीं आया, हम क्या करें?",hi,"panic,hopelessness,help_seeking"
"बाबूजी, कल मंदिर में प्रवेश की गुहार लगाई तो जाटिसूचक गालियां सुननी पड़ी, सारे लोग हमें सरेआम बेइज्जत कर रहे, अब हम कहाँ जाएँ?",hi,"anger,sadness,intimidation"
"हमारे टोले का नाई दारू पीकर गाली‑गलौज कर रहा है, कहता है हमारे कुटुंब को नहीं काटेगा, और गाँव की दूकानें भी हमारे लिए सब्ज़ी नहीं बेचती, हम बहुत दुखी हैं।",hi,"sadness,anger,hopelessness"
"थानेदार सुनता ही ना, हमने कई बार गुहार लगाई कि हमारे घर पर दबंगों ने धमकी दी है, पर कोई कदम नहीं उठाया, अब रात को सो भी नहीं पाते।",hi,"fear,intimidation,help_seeking"
"गाँव के सार्वजनिक कुएँ को दबंगों ने बंद कर दिया, पानी नहीं मिल रहा, बच्चा भी प्यास से मर रहा है, हमें तुरंत मदद चाहिए।",hi,"panic,immediate_danger,help_seeking"
"चौपाल में पिचकारी के दौरान गाँव के मुखिया ने हमें जातिसूचक गाली दी, सब लोग हँसते हुए हमें सरेआम बेइज्जत कर रहे, अब मन नहीं लग रहा।",hi,"sadness,anger,intimidation"
"एफआईआर तो दर्ज हो गया, पर हमें कोई वकील नहीं मिला, केस में आगे बढ़ने का कोई रास्ता नहीं दिख रहा, हम बहुत निराश हैं।",hi,"hopelessness,help_seeking"
"रात को खेत का रास्ता दबंगों ने ट्रैक्टर लगाकर रोक दिया, जब हम पूछे तो उन्होंने दारू पीकर गाली‑गलौज की और कहा अगर वापस आएँगे तो मार देंगे, हमें बहुत डर लग रहा है।",hi,"fear,intimidation,immediate_danger"
"गाँव की शादी में हमें बाहर बैठना पड़ रहा है, कोई भी हमें बुला नहीं रहा, पूरी सामाजिक बहिष्कार का सामना कर रहे हैं, दिल टूट गया।",hi,"sadness,hopelessness,anger"
"पुलिस थाने में दारू पीकर गाली‑गलौज करने वाले अफसर ने हमें झटके से बाहर निकाल दिया, फिर भी हम शिकायत लिखते हैं, पर थानेदार सुनता ही नहीं।",hi,"fear,intimidation,anger"
"मुआवजा का पोर्टल अभी भी 'प्रोसेसिंग' दिखा रहा है, दो महीने हो गये, हमें कोई पैसा नहीं मिला, कब तक इंतजार करेंगे?",hi,"hopelessness,anger,help_seeking"
"हमारे खलिहान का पट्टा झूठे दस्तावेज़ों से ले लिया गया, अब हमें खेती नहीं कर पा रहे, और गाँव वाले हमें जमीन पर काम करने से भी रोक रहे हैं, बहुत घबराहट है।",hi,"panic,hopelessness,intimidation"
"बाबूजी, कल रात हमारे घर के सामने दो दबंगों ने लाठी से मारना शुरू कर दिया, बच्चा रो रहा है, हमें डर लग रहा है।",hinglish,"fear,intimidation,immediate_danger,help_seeking"
"थानेदार साहब हमारी एफआईआर नहीं ले रहा, कह रहा है कि ये तो हमारे गाँव के बड़े हैं, अब हम क्या करें?",hinglish,"hopelessness,anger,help_seeking"
"हमारी स्कीमा की राहत की रक़म दो महीने से नहीं आई, हर बार कहते हैं दस्तावेज़ की कमी, कब तक इंतजार करना पड़ेगा?",hinglish,"others,sadness"
रात को मेरे बेटे को दारू पीकर गाली-गलौज करने वाले लोग धमकी दे रहे हैं कि अगर हम शिकायत करेंगे तो घर जलाया जाएगा।,hinglish,"fear,intimidation,immediate_danger,help_seeking"
"डरंगेज़ थाने में डारिया ने हमारे केस को टॉस कर दिया, कह रहा है कि हम खुद ही सुलझा लो, अब हम बेइज्जत हो गए हैं।",hinglish,"hopelessness,anger,sadness"
"हमारे टोले की नाली टूट गई है, बारिश में पानी भर जाता है, लेकिन पंचायत अभी तक नहीं सुधारी, कब तक इंतज़ार?",hinglish,"others,sadness"
"पड़ोसी दबंगों ने मेरे घर के सामने की खलिहान को आग लगाने की धमकी दी, कल रात उन्होंने लाठी से मेरे पिता को मार गिराया।",hinglish,"fear,intimidation,immediate_danger,panic"
"बाबूजी, हमारे गाँव में पानी का कुआँ अब नहीं निकल रहा, लोग पीने के लिए दूर के हैंडपंप तक जाना पड़ता है, कृपया मदद करें।",hinglish,"help_seeking,others"
"थाने में डिप्टी एसपी ने कहा कि हमारे केस में कोई दंड नहीं होगा, क्योंकि हम छोटे लोग हैं, अब हमें क्या करना चाहिए?",hinglish,"hopelessness,anger,intimidation"
"हमारे परिवार को सामाजिक बहिष्कार कर दिया गया है, दबंगों ने कहा कि अगर हम शिकायत करेंगे तो पूरे टोले में हमारी बेइज्जत बढ़ेगी।",hinglish,"fear,hopelessness,sadness,intimidation"
"मेरी बेटी की स्कॉलरशिप अभी तक नहीं आई, हर बार कह रहे हैं दस्तावेज़ सही नहीं है, हम बहुत परेशान हैं।",hinglish,"sadness,panic,help_seeking"
"आज रात हमारे घर के बाहर दो लोग लाठी लेकर आए, उन्होंने कहा अगर हम रिपोर्ट करेंगे तो हम सबको मार देंगे, हमें अभी मदद चाहिए।",hinglish,"fear,immediate_danger,help_seeking,intimidation"
"बाबूजी, हमारे गाँव में बंधु साहब बँडिट (बैल) के साथ बाहर बँधे हुए हथियार लेकर घूम रहे हैं, उन्होंने मेरे भाई को धमकी दी कि अगर हम एफआईआर दर्ज नहीं करवाएंगे तो हमारे घर को जला देंगे और बच्चों को भी पीछा करेंगे।",hi,"fear,intimidation,help_seeking"
"पिछले हफ्ते से वही दबंग मेरे दो बच्चों को स्कूल से लेकर घर तक पीछा कर रहा है, हर बार दारू पीकर गाली‑गलौज करता है और कहता है कि अगर हम FIR वापस नहीं लेते तो उन्हें मार डालेगा।",hi,"panic,fear,intimidation"
"थानेदार साहब ने मेरी शिकायत का कागज़ फाड़ दिया और कहा कि हम बड़े लोगों से समझौता कर लें, अब हमें कोई भरोसा नहीं बचा कि न्याय मिलेगा।",hi,"anger,hopelessness,help_seeking"
"हमारी पट्टे की जमीन पर दबंगों ने अवैध कब्जा कर लिया, और पुलिस ने हमें दबाव में डालकर कहा कि हम उनके साथ समझौता कर लें, नहीं तो आगे कोई मदद नहीं होगी।",hi,"anger,hopelessness,help_seeking"
"डिस्पाचर ने कहा था कि DSP जी दो दिन में आएँगे, लेकिन अब दो हफ्ते बीत चुके हैं और कोई नहीं आया, हम बहुत निराश हैं।",hi,"sadness,hopelessness,help_seeking"
"हमारे टोले के गरीब परिवारों को पोएज एग्रीकल्चर रिलीफ फंड का भुगतान अभी तक नहीं मिला है, कृपया जल्द से जल्द जांच कर भुगतान जारी करें।",hi,others
"मेरी बेटी की स्कॉलरशिप का भुगतान अब तक नहीं आया, कई बार कार्यालय में गुहार लगाई पर कोई जवाब नहीं मिला।",hi,others
"टोला के बीच में बनी कच्ची सड़क बरसात में पूरी तरह गड्ढा हो गई है, गाँव के लोग रोज़ चलने में मुश्किल झेल रहे हैं, कृपया जल्द मरम्मत करें।",hi,others
"हमारे खलिहान के पास की नाली बंद हो गई है, बारिश के पानी से पूरे टोले में जलभराव हो रहा है, कृपया जल निकासी की व्यवस्था करें।",hi,others
"हमारे परिवार को सामाजिक बहिष्कार का सामना करना पड़ रहा है, गाँव के लोग हमें जातिसूचक शब्दों से बुलाते हैं और चौपाल में बैठना भी मना कर दिया है।",hi,"sadness,anger,hopelessness"
"हैंडपंप के पास दारू पीकर गाली‑गलौज करने वाले लोग आते हैं, बच्चों को डराते हैं और पानी के स्रोत को दूषित करने की धमकी देते हैं।",hi,"fear,intimidation,panic"
"पिछले महीने दायर किए गए केस का डॉकेट नंबर 14566/2024 है, कृपया उसकी स्थिति बताएं, हम अभी भी न्याय की प्रतीक्षा में हैं।",hi,"others,help_seeking"
"बाबू जी, कल हमरे टोले के बच्चा लोगन को मंदिर में प्रवेश नहीं दिया गया, ऊँ लोगन ने जातिसूचक गाली‑गालौज से बेइज्जत किया।",hi,"intimidation,anger,sadness"
"हम गरीब लोगन के पिता पर झूठी एफआईआर दर्ज कर दी गई, अब थानेदार कह रहा है कि हम ही अपराधी हैं, मदद चाहिए।",hi,"fear,intimidation,help_seeking"
"हमारा खलिहान अब गाँव के लोगन ने बंद कर दिया, कोई भी दाल‑चावल नहीं बेचता, हम बेघर हो रहे हैं।",hi,"hopelessness,anger,sadness"
"पानी के हैंडपंप से पानी नहीं मिल रहा, दक्खिन वाले दबंग लोगन ने कूड़ा फेंक कर बंद कर दिया, रोज़ी‑रोटी के लिए पानी नहीं मिल रहा।",hi,"panic,fear,help_seeking"
"हमारे टोले के नाई ने कहा कि हम SC हैं, इसलिए बाल नहीं काटेंगे, हम बहुत दुखी हैं।",hi,"sadness,hopelessness,anger"
"पंचायत में बैठके हमको जाति‑गाली दी गई, बड़का बुजुर्ग ने कहा हम दास ही हैं, अब हम डर के मारे घर नहीं निकलते।",hi,"intimidation,fear,panic"
"एफआईआर के बाद अस्पताल का मेडिकल रिपोर्ट नहीं मिला, पोर्टल पर कम्पेन है पर कोई जवाब नहीं, हम मदद चाहते हैं।",hi,"help_seeking,others"
"सरकारी पोर्टल पर हमारे परिवार को मिलनी वाली मुआवजा अभी तक नहीं आई, 6 महीने बीत गए, बाबू जी, कब मिलेगा?",hi,"hopelessness,anger,help_seeking"
"दबंग लोगन ने हमें रात में धमकी दी, अगर हम थाने में शिकायत करेंगे तो हाथापाई करेंगे, हम बहुत डर रहे हैं।",hi,"intimidation,fear,immediate_danger"
"गाँव के किराना दुकान ने हमें पूरी तरह से बाहर कर दिया, कहा कि हम SC हैं, अब रोज़ी‑रोटी के लिए कुछ नहीं बचा।",hi,"sadness,anger,hopelessness"
"थाना‑कचहरी में हमको बेइज्जत से पूछताछ की, थानेदार ने कहा कि हम लोगन को कोई अधिकार नहीं, हमें तुरंत मदद चाहिए।",hi,"intimidation,help_seeking,anger"
"चौपाल में जब विकास योजना की बात हुई, तो हमें बुलाया ही नहीं गया, सभी ने हमें बाहर रख दिया, हम बहुत निराश हैं।",hi,"sadness,hopelessness,anger"
"हमारे दादा जी के पट्टे की जमीन पर पड़ोसी दबंग लोग अपना घर बना रहे हैं, खेत का रास्ता रोक दियो, अब हम कुछ नहीं कर पा रहे।",hi,"anger,hopelessness,intimidation"
"कल रात हमारे खेत में धुआँ उठ गया, कोई नहीं आया मदद को, सब फसल जल गई, अब रोटी नहीं होगी, हम सब पैनिक में हैं।",hi,"panic,sadness,hopelessness"
"हमारा ट्रैक्टर गाँव के चौपाल के पास दबंगों ने रोक कर रख दिया, काम नहीं हो रहा, रोज़ी‑रोटी खतरे में है।",hi,"anger,intimidation"
"मेरे भाई को FIR में गवाह बनाया, अब वही दबंग लोग घर‑घर जाकर धमकी दे रहे हैं, अगर FIR वापस नहीं ली तो हम सबको मार डालेंगे।",hi,"fear,intimidation,panic"
"उन लोगों ने मेरे दो बच्चों को स्कूल से लेकर घेर लिया, रोज़ धमकी देते हैं कि अगर हम शिकायत करेंगे तो उन्हें मार डालेंगे, अब डर से नहीं चल पाते।",hi,"fear,intimidation,immediate_danger"
"गाँव के कुएँ से पानी नहीं मिल रहा, दारू पीकर गंदे लोग हमारे हैंडपंप को बंद कर दिया, हमें प्यास से मरना पड़ेगा।",hi,"panic,hopelessness,immediate_danger"
"जब हम टोले से बाजार में सब्ज़ी खरीदने गए तो दुकानदार ने कहा ‘आपको नहीं मिलेगा’, अब हमारे पास खाने की चीज़ें नहीं बची।",hi,"sadness,anger,hopelessness"
"बाबूजी, गाँव के नाई ने कहा ‘मैं तुम्हें नहीं काटूँगा’, हम बाल नहीं रख सकते, बहुत बेइज्जत महसूस कर रहे हैं।",hi,"sadness,anger"
"दबंग लोग बंदूक लेकर हमारे घर के बाहर खड़े हैं, उन्होंने कहा ‘अब तुम नहीं बोलोगे’, हमें डर लग रहा है।",hi,"fear,intimidation,immediate_danger"
"कृपया बताइए, मेरे पास दर्ज की गई FIR की स्थिति क्या है, अभी तक कोई जवाब नहीं मिला।",hi,"others,help_seeking"
"हमारे गांव में अब कोई भी हमें शादी में बुलाता नहीं, सब लोग हमें सामाजिक बहिष्कार कर रहे हैं, दिल टूट गया।",hi,"sadness,hopelessness,anger"
"दबंग लोग हमारे खेत में बिना पूछे फसल तोड़ रहे हैं, हमें रोकने की कोशिश पर उन्हें मार दिया, अब डर है कि फिर से आएंगे।",hi,"fear,intimidation,panic"
"Abhi mob hamare ghar ke bahar hai, patta utha ke stone fenk rahe hain, police ko bulao.",hinglish,"immediate_danger,fear,panic,help_seeking"
"Thanedhar complaint nahi le raha, FIR ka kaghaz tore deta hai, humko dominant gaonwale ke saamne compromise karna pad raha hai.",hinglish,"anger,intimidation,hopelessness,help_seeking"
"Hamare beta ke khilaf galat FIR file kar di gayi, police ne koi medical report bhi nahi li, ab hum kya kare?",hinglish,"anger,hopelessness,help_seeking"
"Basti ke bahar se daku aagaye, bandook leke hamare ghar ki darwaze pe ghanti maar rahe hain, ab police aao!",hinglish,"immediate_danger,fear,panic,help_seeking"
"DSP ne aane ka promise kiya tha, lekin 3 din ho gaye koi aaya hi nahi, humara case abhi bhi pending hai.",hinglish,"hopelessness,anger,others"
"Hamare parivaar ko social bahishkaar kiya ja raha hai, log humse door ho gaye, aur police koi sahara nahi de rahi.",hinglish,"sadness,intimidation,hopelessness,help_seeking"
"FIR file karne ke baad humko dushman gaonwale dhamki de rahe hain ki case wapas le lenge, hum darr ke maare chup hain.",hinglish,"fear,intimidation,panic,help_seeking"
"FIR file ho gayi, lekin lawyer mil raha hi nahi, koi free legal aid ka contact de do.",hinglish,"hopelessness,others,help_seeking"
"Portal pe compensation ka status 'pending' dikha raha hai, lekin 6 mahine ho gaye, koi update?",hinglish,"sadness,hopelessness,others"
"Mere pati ko dhandha se pitai hui, police ne case register hi nahi kiya, humara haath bhi nahi lag raha.",hinglish,"anger,intimidation,hopelessness,help_seeking"
"Hamare gaon ke दबंग ne kaha ki agar hum complaint karenge to hamari खलिहान jal jaayegi, isliye hum chup hain.",hinglish,"fear,intimidation,sadness,help_seeking"
"Bhai, abhi hamare chauraha pe daku log ghoom rahe hain, sab log goli chala rahe hain, police ko turant bulao!",hinglish,"immediate_danger,panic,fear,help_seeking"
"बाबूजी, हमारे टोले को PoA राहत फंड का पैसा दो महीने से नहीं मिला, कई बार दफ्तर में गया पर कोई जवाब नहीं मिला, अब गुहार लगा रहे हैं।",hi,"others,sadness,anger"
"सरपंच और वन विभाग के लोग हमारी छात्रा की स्कॉलरशिप का चेक अभी तक नहीं भेजे, पढ़ाई रुक गई है, मदद चाहिए।",hi,"others,sadness,anger"
"हमारे गाँव के चौपाल के पास नाली टूट गई है, बारिश में पानी भर रहा है, रोड मरम्मत का पट्टा अभी तक नहीं मिला, कृपया देखिए।",hi,"others,anger"
"कल मंदिर में प्रवेश की कोशिश की तो सरपंच ने हमें जातिसूचक गालियां दी, दबंगों ने धक्का मार कर बाहर निकाल दिया, बेइज्जत महसूस कर रहे हैं।",hi,"anger,sadness,intimidation"
"पंचायती बैठक में सरपंच ने हमें सामाजिक बहिष्कार की धमकी दी, कहा कि हमारे टोले को फिर कभी पंचायत में बुलाया नहीं जाएगा।",hi,"intimidation,sadness,anger"
"आज रात हमारे घर के चारों ओर दंगे वाले लोग पत्थर फेंक रहे हैं, बंदूकें दिखा रहे हैं, दरवाज़ा बंद कर दिया, तुरंत मदद चाहिए!",hi,"immediate_danger,fear,panic"
"वन विभाग के लोग हमारे खलिहान में आए, मजदूरी रोकी और हथियार दिखा कर धमकी दी, अब हम डर के मारे काम नहीं कर पा रहे।",hi,"immediate_danger,fear,intimidation"
"सरपंच और वन विभाग के लोग हमारे जंगल‑जमीन का अधिकार लेकर हमें झूठे कागज़ पर साइन करवाए, अब हमें अपना अधिकार नहीं मिला।",hi,"anger,hopelessness,sadness"
"गाँव के कुएँ/हैंडपंप से पानी नहीं निकल रहा, कई परिवार पीने के लिए पानी नहीं पा रहे, कृपया जल्दी ठीक करिए।",hi,"others,sadness"
"सरपंच ने हमें बिना कारण गाँव से अलग कर दिया, अब हम जंगल के किनारे रह रहे हैं, कोई मदद नहीं मिल रही, बहुत निराश हैं।",hi,"anger,hopelessness,sadness"
"रात को गोरे ग़ुंडे हमारे बस्ती में घुस आए, दारू पीकर गाली‑गलौज कर रहे, बंदूक की आवाज़ से सबको डर लग रहा, तुरंत पुलिस भेजें!",hi,"immediate_danger,fear,panic,intimidation"
"पिछले हफ़्ते की घटना का एफआईआर नहीं मिला, थानेदार से गुहार लगाते हैं कि हमें कॉपी दे दें, ताकि आगे की कार्रवाई कर सकें।",hi,"others,anger"
"बाबू जी, थानेदार ने हमारी एफआईआर का कागज फाड़ दिया, कहे कि दबंगों के साथ समझौता कर ले, अब हम गरीब लोगन को डर लग रहा है।",hi,"intimidation,fear,anger,hopelessness"
"हमारा टोला आज सुबह धूम्रपान वाले लोगन ने घर में आग लगा दी, लेकिन डीसिपी का अधिकारी अभी तक नहीं आया, हम सब घबराए हुए हैं।",hi,"panic,immediate_danger,help_seeking"
"हमारे दादा जी का पुराना पट्टा वाला खेत अब दबंग लोगन ने अपने ट्रैक्टर से घेर लिया, फसल भी जलाने की धमकी दे रहे हैं, हम रोज़ी-रोटी की चिंता में हैं।",hi,"fear,anger,hopelessness"
"पिछले रात हमारे बग़ीचे में धुआँ उठ गया, पड़ोसी दबंगों ने आग लगा दी, थाने में शिकायत दर्ज करवाई तो भी दरोगा ने कहा कि हमसे नहीं हो पाएगा।",hi,"sadness,anger,hopelessness"
"हमारे गाँव के मुख्य रास्ते पर दबंग लोगन ने कंक्रीट का पट्टा लगा दिया, ट्रैक्टर नहीं चल पाता, रोज़ी-रोटी कम हो रही है, थाने में मदद नहीं मिल रही।",hi,"anger,fear,help_seeking"
"अब तो हमारे बस्ती के चारों ओर हथियार लेकर धाकड़ लोगन ने घर घेर रखा है, दरवाज़े बंद, हम बच्चा‑बच्ची को बचाने के लिए मदद माँग रहे हैं।",hi,"immediate_danger,fear,panic,help_seeking"
"डर के मारे हम थाने में गए, थानेदार ने हमें दारू पीकर गाली‑गलौज करने वाले को माफ़ कर दिया, और हमारी शिकायत को दबा दिया, अब हम बेइज्जत महसूस कर रहे हैं।",hi,"intimidation,hopelessness,anger"
"हमारे टोले में हमारे भाई को सामाजिक बहिष्कार कर दिया गया, क्योंकि वह SC है, और पुलिस ने कोई कदम नहीं उठाया, हम बहुत उदास हैं।",hi,"sadness,hopelessness,help_seeking"
"गाँव के कुएँ की हैंडपंप टूट गई, लेकिन थानेदार ने कहा कि यह तो हमारे ही कारण है, अब पानी नहीं मिल रहा, हम बहुत डर रहे हैं।",hi,"fear,hopelessness,help_seeking"
"जब हमने दबंगों के खिलाफ एफआईआर लिखवाई, तो उन्होंने रात को हमारे घर के बाहर धूम्रपान वाले लोगन को खड़ा कर धमकी दी, अब हम डर के मारे सो नहीं पा रहे।",hi,"intimidation,fear,panic"
"डरोगा ने हमारे गरीब लोगों की शिकायत को सुनते ही कहा कि हम खुद ही झगड़ा कर लेंगे, अब हम थक चुके हैं, कोई मदद नहीं।",hi,"hopelessness,anger,help_seeking"
"आज शाम हमारे घर के सामने लोगन ने पत्थर फेंकना शुरू कर दिया, खिड़कियां टूट रही हैं, पुलिस नहीं आई, हम तुरंत मदद चाहते हैं।",hi,"immediate_danger,fear,panic,help_seeking"
"भाई साहब, कल रात हमारे घर के बाहर लाठी से मारते हुए दबंगों ने हमें धमकी दी कि अगर हम एफआईआर नहीं दर्ज कराएंगे तो हम सबको मार डालेंगे।",hi,"fear,intimidation,immediate_danger,help_seeking"
"मेरी बेटी को रात को दारू पीकर गाली-गलौज करने वाले लोग घर में आग लगाने की धमकी दे रहे हैं, हम सब बहुत डर के मारे पागल हो रहे हैं।",hi,"panic,fear,immediate_danger,help_seeking"
"बाबूजी, जो आरोपी अभी बँड पर है, वह रोज़ हमारे घर के सामने खड़ा होकर हथियार दिखा रहा है और कह रहा है कि FIR वापस ले लो, नहीं तो हमारे बच्चों को मार डालेगा।",hi,"fear,intimidation,hopelessness,help_seeking"
"हमारे छोटे बच्चे स्कूल से लौटते ही उस दबंग समूह के लोग उनका पीछा करते हैं, उन्हें मारने की धमकी देते हैं, अब हम बहुत डरते हैं।",hi,"fear,intimidation,panic,help_seeking"
"कल दोपहर चौपाल में हमें लाठी से पीटा गया, हमारे पैर टूट गए, अब हम बेइज्जत महसूस कर रहे हैं।",hi,"anger,sadness,hopelessness,help_seeking"
"गाँव के कुछ लोग बंदूक लेकर हमारे खलिहान के पास घूम रहे हैं, उन्होंने कहा कि अगर हम पट्टा नहीं छोड़ेंगे तो घर जलाकर रख देंगे।",hi,"fear,immediate_danger,intimidation,help_seeking"
"हमारे टोले के कई परिवारों को पीओए राहत निधि अभी तक नहीं मिली, कई महीने बीत गए, कृपया इस पर कार्रवाई करें।",hi,"others,hopelessness,anger,help_seeking"
"मेरे बेटे की स्कॉलरशिप का पैसा अभी तक ट्रांसफर नहीं हुआ, कई बार विभाग से गुहार लगाई पर कोई जवाब नहीं मिला।",hi,"others,hopelessness,anger,help_seeking"
"टोले के सामने की नाली टूट गई है, बारिश में पानी भर रहा है और घरों में जलभराव हो रहा है, कृपया तुरंत मरम्मत करवाएँ।",hi,"others,immediate_danger,help_seeking"
"हमारे गाँव का हैंडपंप अब काम नहीं कर रहा, पानी नहीं निकल रहा, बुजुर्ग और बच्चों को पीने के लिए कुएँ की बहुत जरूरत है।",hi,"others,hopelessness,help_seeking"
"एफआईआर दर्ज कराने के बाद हमारे परिवार को सामाजिक बहिष्कार का सामना करना पड़ रहा है, लोग हमें घर से बाहर निकाल रहे हैं, हमें सुरक्षा चाहिए।",hi,"sadness,hopelessness,intimidation,help_seeking"
"हमारी पट्टे की जमीन पर अवैध कब्जा कर लिया गया है, दबंग लोग हर रोज़ हमारे खेत में घुसते हैं, कृपया तुरंत एफआईआर दर्ज कर कार्रवाई करें।",hi,"anger,fear,intimidation,help_seeking"
"भाई, रात को हमारे घर के बाहर दबंगों ने लाठी से मारना शुरू कर दिया, अब हम सब डर के मारे सो नहीं पा रहे।",hinglish,"fear,immediate_danger,panic,help_seeking"
"हमारी शिकायत पर थानेदार ने कागज फाड़ दिया, कहा बाबूजी, ये केस आपका नहीं, अब हम बेइज्जत महसूस कर रहे हैं और कोई मदद नहीं मिल रही।",hinglish,"anger,hopelessness,intimidation,help_seeking"
"दबंगों ने हमें धमकी दी है कि अगर हम एफआईआर नहीं वापस ले लेंगे तो हमारे बच्चों को मार डालेंगे, परिवार पूरी तरह से स्केयर है।",hinglish,"fear,intimidation,panic,help_seeking"
"जिला में केस चल रहा है, लेकिन आरोपी अभी भी बंधक से बाहर घूम रहा है, उसके हाथ में बंदूक है, वो रोज़ हमारे घर के सामने खड़ा रहता है।",hinglish,"fear,immediate_danger,intimidation,help_seeking"
"हमारी पट्टी में थानेदार ने कहा कि हम SC हैं, इसलिए हमसे कोई मदद नहीं करेंगे, अब हम बहुत निराश हैं।",hinglish,"hopelessness,sadness,anger"
"कल रात हमारे खलिहान के पास आग लगाने की धमकी मिली, दबंगों ने कहा अगर हम शिकायत करेंगे तो पूरा टोला जल जाएगा।",hinglish,"fear,intimidation,immediate_danger,help_seeking"
"हमारे परिवार को सामाजिक बहिष्कार कर दिया गया है, लोग हमें देख कर गाली-गलौज करने लगे, दारू पीकर गाली दे रहे हैं, हम बहुत बेइज्जत महसूस कर रहे हैं।",hinglish,"sadness,hopelessness,anger"
"वो लोग हमारे बच्चों को स्कूल से लेकर घर तक फॉलो कर रहे हैं, हर रोज़ धमकी दे रहे हैं कि अगर हम केस नहीं खींचेंगे तो बच्चा गायब हो जाएगा।",hinglish,"fear,intimidation,panic,help_seeking"
"हमने थाने में रिपोर्ट दी, पर DSP ने दो हफ्ते बाद ही आया, और फिर भी कोई कार्रवाई नहीं हुई, अब हम बहुत निराश और डर रहे हैं।",hinglish,"hopelessness,fear,sadness,help_seeking"
"बाबूजी, हमारे कुएँ में पानी नहीं आ रहा, दबंगों ने उसे बंद कर दिया, हमें पीने को कुछ नहीं मिला, तुरंत मदद चाहिए!",hinglish,"immediate_danger,help_seeking,fear"
"दबंगों ने कहा अगर हम केस नहीं ले लेंगे तो हमारी पत्नी को दारू पीकर गाली-गलौज के साथ मारेंगे, हम बहुत डरे हुए हैं।",hinglish,"fear,intimidation,panic,help_seeking"
"थानेदार ने हमारे लिखे हुए एफआईआर को कागज से फाड़ दिया और कहा इसे फिर से लिखो, अब हम नहीं जानते क्या करना है, बहुत घबराहट है।",hinglish,"panic,hopelessness,anger,help_seeking"
"भाईसाहब, अभी हमारे घर के चारों तरफ़ दबंगों ने पत्थर फेंक रहे हैं, हथियार दिखा रहे हैं, दरवाज़ा बंद है, मदद करो, तुरंत पुलिस भेजो!",hinglish,"immediate_danger,panic,fear,help_seeking"
"हमारी फैमिली के खिलाफ झूठी क्रॉस‑FIR दायर की गई है, कोई वकील नहीं मिल रहा, पोर्टल पर मुआवजा अभी तक नहीं आया, बहुत गुस्सा आ रहा है!",hinglish,"anger,hopelessness,help_seeking"
"डॉक्टर ने कहा था मेडिकल एग्जाम रिपोर्ट दे देंगे, पर अब तक नहीं मिला, इलाज में देरी हो रही है, बहुत दुख हो रहा है, कृपया मदद करें।",hinglish,"sadness,hopelessness,help_seeking"
"कुर्सी वाले ने धमकी दी है कि केस वापस ले लेंगे अगर हम आगे बढ़े, अब डर लग रहा है, कृपया इस धमकी को रोकें।",hinglish,"intimidation,fear,help_seeking"
"हमारे तोले के पोए रिलीफ फंड का पैसा अभी तक ट्रांसफर नहीं हुआ, महीनों से इंतजार कर रहे हैं, बहुत निराशा और गुस्सा है।",hinglish,"sadness,anger,others"
"छात्रा स्कॉलरशिप का प्रोसेस अभी भी लटके हुए है, दस्तावेज़ जमा किए थे पर अभी तक कोई पैसा नहीं आया, बहुत उदास हूँ।",hinglish,"sadness,hopelessness,others"
"हमारे टोले की सड़क में गड्ढे बहुत बड़े हो गए हैं, गाड़ी फट रही है, कृपया जल्दी से मरम्मत करवाएँ।",hinglish,"others,help_seeking"
"बस्ती के पास नाली बंद है, बारिश में पानी घर में भर रहा है, लोग डर रहे हैं, कृपया जल निकासी का काम करवाएँ।",hinglish,"others,fear,help_seeking"
"थानेदार भाई complaint नहीं ले रहा, हम कई बार आए, अब तो बस गुस्सा ही गुस्सा है, मदद चाहिए।",hinglish,"anger,intimidation,hopelessness"
"मैंने दंगों के खिलाफ शिकायत की, अब गाँव में सामाजिक बहिष्कार हो रहा है, लोग हमें बेइज्जत कर रहे हैं, बहुत डर लग रहा है।",hinglish,"sadness,intimidation,fear"
"केस में हमें लीगल एड वकील नहीं मिला, थाने में पूछताछ में भी कोई मदद नहीं मिली, बहुत निराशा है, कृपया मदद करें।",hinglish,"anger,hopelessness,others"
"हैंडपंप टूट गया है, खलिहान में पानी नहीं आ रहा, गाय‑भैंस मर रही हैं, हम बहुत पैनिक में हैं, कृपया जल्दी मदद भेजें।",hinglish,"panic,fear,help_seeking"
"हमारे दादा जी का पुराना पट्टा वाला ज़मीन अब पड़ोसी दबंगों ने अपने खेत में ले ली है, हमारे खेत के रास्ते को भी बंद कर दिया, अब हम फसल नहीं लगा पाते।",hinglish,"fear,anger,intimidation"
"कल रात हमारे टोले के धान को जला दिया गया, दबंग लोग दारू पीकर गाली-गलौज कर रहे थे, अब हम भूखे हैं।",hinglish,"panic,fear,anger"
"मेरी ट्रैक्टर को रास्ते में दबंगों ने रोका और खींच लिया, कहा कि अगर हम नहीं देंगे तो फ़सल नष्ट कर देंगे।",hinglish,"intimidation,fear,panic"
"थानेदार ने हमारी एफआईआर नहीं ली, कागज फाड़ दिया और हमें कहा कि दबंगों के साथ समझौता कर लो, अब हम बेइज्जत महसूस कर रहे हैं।",hinglish,"hopelessness,anger,sadness"
"डरोगा साहब ने हमारी शिकायत नहीं ली, कहा कि हमारे जैसे SC लोग कुछ नहीं कर सकते, अब हमें डर लग रहा है।",hinglish,"fear,intimidation,hopelessness"
"हमारी बस्ती में धाकड़ लोग हमला कर रहे हैं, लेकिन DSP अभी तक नहीं आए, हमें तुरंत मदद चाहिए।",hinglish,"immediate_danger,panic,help_seeking"
"अब हमारे घर के चारों ओर गन वाले लोग जमा हो गए हैं, दरवाज़ा बंद है, हम बाहर नहीं निकल पा रहे, कृपया तुरंत पुलिस भेजें।",hinglish,"immediate_danger,fear,panic,help_seeking"
"हमारे परिवार को सामाजिक बहिष्कार किया जा रहा है क्योंकि हमने जमीन के बारे में शिकायत की, लोग हमें मारने की धमकी दे रहे हैं।",hinglish,"intimidation,fear,sadness,anger"
"हमारे गांव के हैंडपंप को दबंगों ने बंद कर दिया, पानी नहीं मिल रहा, लोग बहुत परेशान हैं।",hinglish,"panic,hopelessness,help_seeking"
"डर है कि अगर हम केस करेंगे तो दबंगों की गली में फिर से हमला होगा, हमें क्या करना चाहिए?",hinglish,"fear,intimidation"
"बाबूजी, हमारे पास एफआईआर है पर थानेदार ने उसे दबा दिया, कहा कि बड़े लोग नहीं बनेंगे तो केस नहीं चलेगा।",hinglish,"hopelessness,anger,intimidation"
"कृपया हमारे कुएँ के पास वाले जमीन पर दबंगों ने कब्जा कर लिया है, तुरंत पुलिस भेजें।",hinglish,"help_seeking,immediate_danger,fear"
"हमारे दादा जी का पट्टा वाला जमीन अब दबंगों ने अपने ट्रैक्टर से रोका है, खेत में से फसल भी जला दी, अब हम क्या करेंगे?",hinglish,"fear,anger,help_seeking"
"चौपाल में जब मैं गया तो कुछ लोग मुझे जातिसूचक गालियों से बेइज्जत कर रहे थे, बाबूजी ने कहा हमें बाहर निकलना चाहिए, मैं बहुत दुखी हूँ.",hinglish,"sadness,hopelessness,intimidation"
"मेरे भाई को FIR में दिया था, अब वो बैंडू दारू पीकर गाली-गलौज कर रहा है, हमारे घर के बाहर धमकी दे रहा है कि अगर FIR वापस नहीं ले ली तो...",hinglish,"fear,intimidation,panic,help_seeking"
"हमारे टोले के बीच वाला रास्ता अब दबंगों ने लकड़ी से बंद कर दिया, हमारे खेत तक पहुँच नहीं पा रहे, ट्रैक्टर भी रोक दिया, हमें तुरंत मदद चाहिए.",hinglish,"immediate_danger,help_seeking,anger"
"हमारी परिवार को गांव में सामाजिक बहिष्कार मिला है, सब लोग हमें खलिहान में भी नहीं बुलाते, बेइज्जत महसूस कर रहे हैं, कोई मदद करो.",hinglish,"sadness,hopelessness,help_seeking"
"पुलिस थानेदार ने कहा अगर हम FIR वापस नहीं ले लेंगे तो हमारे कुआँ को बंद कर देंगे, अब हमें डर लग रहा है, क्या करें?",hinglish,"fear,intimidation,help_seeking"
"मैं मंदिर में पूजा करने गया तो पंडित ने कहा तुम्हारी जाति के लोग यहाँ नहीं आ सकते, मुझे बहुत गुस्सा आया और मैं रो रहा हूँ.",hinglish,"anger,sadness,hopelessness"
"कल रात हमारे खेत में धुआँ आया, दबंगों ने हमारे फसल को जला दिया, अब हम भूखे रहेंगे, हमें मदद चाहिए.",hinglish,"panic,hopelessness,help_seeking"
"जेल से बाइल पर आया आरोपी अब गांव में घूम रहा है, हाथ में बंदूक लेकर हमारे घर के सामने खड़ा है, हमारे बच्चे डर के मारे नहीं सो पा रहे.",hinglish,"immediate_danger,fear,panic,help_seeking"
"कृपया बताइए, हमारे पट्टा की नवीनीकरण प्रक्रिया में कितना समय लगता है?",hinglish,others
"हमारे गाँव के हैंडपंप को दबंगों ने बंद कर दिया, अगर हम नहीं देते तो हमारे पानी की सप्लाई कट जाएगी, बहुत डर लग रहा है.",hinglish,"fear,intimidation,immediate_danger,help_seeking"
"मेरी बेटी को स्कूल से लेकर घर तक लगातार पीछा किया जा रहा है, लोग कह रहे हैं अगर हम शिकायत करेंगे तो हमारे घर में आग लगा देंगे, मैं बहुत डरी हुई हूँ.",hinglish,"fear,intimidation,panic,help_seeking"
"थानेदार ने हमारी शिकायत का कागज फाड़ दिया, अब हम नहीं जानते कि कब तक इस दबंग को न्याय मिलेगा।",hi,"intimidation,fear,help_seeking,anger"
"डिस्प ने दो हफ्ते से नहीं आया, जबकि हमारे घर में लगातार जातिसूचक गालियाँ और धमकी मिल रही है।",hi,"fear,hopelessness,help_seeking"
"हमारे तोले में पानी का हैंडपंप बंद कर दिया गया, और दूकान वाले भी हमें सामान नहीं बेचते, पूरी तरह से सामाजिक बहिष्कार का सामना कर रहे हैं।",hi,"sadness,hopelessness,help_seeking,anger"
"बाबूजी, गाँव के नाई ने हमें काटने से भी मना कर दिया, कहा कि हम SC हैं, इससे हमें बेइज्जत महसूस हो रही है।",hi,"sadness,anger,hopelessness"
"एक दबंग ने हमें दारू पीकर गाली-गलौज की और कहा कि अगर हम FIR नहीं दर्ज कराएंगे तो घर जलाएगा, लेकिन थानेदार ने कोई कार्रवाई नहीं की।",hi,"intimidation,fear,immediate_danger,help_seeking"
"हमारी पट्टे की जमीन पर अवैध कब्जा कर लिया गया है, लेकिन पुलिस ने हमें कह दिया कि बड़े लोगों को नहीं छेड़ते।",hi,"anger,hopelessness,help_seeking"
"पॉवर्टी अलाउंस का पैसा अभी तक नहीं मिला, जबकि हमें खेती के लिए ऋण चाहिए, कृपया जल्दी कार्रवाई करें।",hi,"others,help_seeking,sadness"
"मेरी बेटी की छात्रवृत्ति का भुगतान दो महीने से रुका है, अब पढ़ाई में बाधा आ रही है।",hi,"others,hopelessness,sadness"
"हमारे टोले की मुख्य सड़क में गड्ढे हैं, बारिश में जल भराव हो रहा है, लेकिन पंचायत ने अभी तक कोई काम नहीं किया।",hi,"others,help_seeking,anger"
"गाँव में नाली टूट गई है, पानी जमा हो रहा है, लोग बुखार से परेशान हैं, लेकिन कोई मदद नहीं आ रही।",hi,"immediate_danger,help_seeking,fear"
"एफआईआर दर्ज कराने के बाद दबंगों ने हमारे घर के सामने पत्थर फेंके, अब हमें डर लग रहा है कि फिर क्या होगा।",hi,"intimidation,fear,panic,help_seeking"
"ग्राम पंचायत ने हमें सभी सामुदायिक समारोहों से बाहर कर दिया, कोई भी हमें बुलाता नहीं, इससे हमारे मनोबल गिर गया है।",hi,"sadness,hopelessness,others"
"भाई साहब, आज रात हमारे बस्ती के चारों ओर धाकड़ गोत्र वाले लोग पत्थर फेंक रहे हैं, हथियार लेकर खड़े हैं, दरवाज़ा बंद कर दिया है, तुरंत मदद चाहिए!",hi,"immediate_danger,fear,panic,intimidation"
"हमारे घर के सामने थानेदार सुनता ही नहीं, धाकड़ लोग दरवाज़ा तोड़ रहे हैं, हम डर के मारे चिल्ला रहे हैं, पुलिस जल्दी भेजो!",hi,"immediate_danger,fear,anger"
"मेरी बहन को गली में दबंगों ने धमका दिया, वो डर के मारे रो रही है, हम सब सरेआम बेइज्जत हो रहे हैं, बचाव चाहिए तुरंत!",hi,"immediate_danger,fear,sadness"
"हमारे पिता के खिलाफ झूठी क्रॉस‑FIR दर्ज कर दी गई है, अब पुलिस भी नहीं सुनती, हम दबंगों के हाथों बेइज्जत हो रहे हैं, बहुत गुस्सा आ रहा है।",hi,"anger,hopelessness,intimidation"
"फिर से मेडिकल रिपोर्ट नहीं मिली, इलाज का खर्चा भी नहीं मिला, पोर्टल पर कंपेंसेशन का स्टेटस अटक गया है, हम बहुत दुखी हैं।",hi,"sadness,hopelessness,anger"
"किसी ने कहा था कि लीगल एड का वकील मिलेगा, पर अब तक कोई नहीं आया, हम फँसे हुए हैं, मदद की उम्मीद नहीं रही।",hi,"hopelessness,fear"
14566 हेल्पलाइन के दफ़्तर के समय क्या हैं? मैं आज शाम में जाना चाहता हूँ।,hi,others
"कानूनी सहायता के लिये कौन‑कौन से दस्तावेज़ चाहिए, कृपया बताइए।",hi,others
"मेरे केस का डॉकेट नंबर 2023/14566/078 है, कृपया उसकी वर्तमान स्थिति बताइए।",hi,others
"ऑनलाइन FIR कैसे दर्ज करूँ, क्या कोई गाइडलाइन है?",hi,others
"हमारे टोले में कुछ लोग हमें सामाजिक बहिष्कार कर रहे हैं, चौपाल पर गाली‑गलौज और दारू पीकर धमकी दे रहे हैं, बहुत गुस्सा और दुख है।",hi,"anger,sadness,intimidation"
"गुहार है, हमारे गाँव का हैंडपंप टूट गया है, कई दिनों से पानी नहीं मिल रहा, अधिकारी भी नहीं आते, लोग बहुत परेशान और निराश हैं।",hi,"sadness,anger,hopelessness"
"बाबूजी, सरपंच और वन विभाग के लोग हमारे जंगल‑जमीन के पट्टे पर दबंगों को हक़ दे रहे हैं, हमारे खेत में ट्रैक्टर रख दिया, अब हम नहीं जा सकते।",hi,"intimidation,anger,fear"
"कल रात हमारे टोले के खेत में धुआँ उठ गया, कोई दारू पीकर गाली‑गलौज कर रहा था, हमारे फसल जल गई, अब हम भूखे रहेंगे।",hi,"panic,hopelessness,sadness,anger"
"हमारी खलिहान तक का रास्ता गाँव के सरपंच ने लकड़ियों से बंद कर दिया, मजदूरी रोकी, अब हम अपना धान नहीं लाते।",hi,"hopelessness,anger,fear"
"सरपंच ने हमारे ट्रैक्टर को रोक दिया, कहा कि जंगल‑जमीन का अधिकार नहीं है, अब हम काम नहीं कर पाते।",hi,"intimidation,hopelessness,sadness"
"जेल से बाहर आया दबंग अब हमारे घर के बाहर बंदूक लेकर खड़ा है, हमारे बच्चों को डराता है, हमने एफआईआर किया पर थानेदार नहीं सुनता।",hi,"fear,intimidation,immediate_danger"
"वो दबंग हमारे घर में घुस कर हमारी बहन को धमकी दे रहा है कि FIR वापस ले ले, नहीं तो और भी बुरा होगा।",hi,"intimidation,fear,panic"
"उन लोगों ने हमारे बच्चों को स्कूल से पहले ही पकड़ लिया, कह रहे हैं कि हम जंगल‑जमीन का अधिकार नहीं रखते, अब बच्चा नहीं जाता।",hi,"fear,intimidation,sadness"
14566 हेल्पलाइन के ऑफिस के काम के समय क्या हैं?,hi,others
मेरे दायर किए गए डॉकेट नंबर 2023/0456 की प्रगति क्या है?,hi,others
"सरपंच ने हमें सामाजिक बहिष्कार कर दिया, हमारे कुआँ तक पहुँच नहीं देते, अब हम पानी नहीं पी पाते।",hi,"sadness,hopelessness,anger"
"हमको गाँव से अलग कर दिया गया, अब हम जंगल‑जमीन पर नहीं रह सकते, हमारे बाप के पास कोई पट्टा नहीं बचा।",hi,"hopelessness,sadness,panic,fear"
"भाई, कल रात घर पर दबंगों ने लाठी से मारना शुरू कर दिया, अब मैं बहुत डर गई हूँ और मदद चाहिए।",hinglish,"fear,immediate_danger,panic,help_seeking"
"पुलिस वाले थानेदार ने हमारी FIR नहीं ली, कागज फाड़ दिया और कहा ‘बाबूजी, तुम खुद ही सुलझा लो’।",hinglish,"anger,hopelessness,intimidation,help_seeking"
"बाबूजी, हमारे बेटे को धमकी दी जा रही है कि अगर FIR वापस नहीं लेगा तो खलिहान में आग लगा देंगे, पूरा टोला डर में है।",hinglish,"fear,intimidation,panic,help_seeking"
"जेल से बाहर आया आरोपी अपने भाई के साथ हमारे घर के पास गन लेकर घुमा रहा है, बच्चों को देख रहा है, हमें नहीं पता क्या होगा।",hinglish,"fear,immediate_danger,panic,help_seeking"
"हमारे घर को पूरे गांव में सामाजिक बहिष्कार कर दिया, लोग हमें देख कर गाली‑गलौज करने लगे, अब हमें नहीं पता कहाँ जाएँ।",hinglish,"sadness,hopelessness,intimidation,help_seeking"
"डारोगा ने कहा कि हमारे केस में ‘बड़े लोग’ हैं, इसलिए FIR नहीं लिखेगा, हमें झूठी सजा मिल सकती है।",hinglish,"anger,hopelessness,intimidation,help_seeking"
"रात को जब मैं पानी लेने हाथपंप गया, दो दबंगों ने मुझे घूरते हुए कहा ‘फिर से FIR नहीं लेंगे तो तुम्हें मार देंगे’।",hinglish,"fear,intimidation,panic,immediate_danger"
"हमारी छत पर आग लगाने की धमकी मिली है, उन्होंने कहा अगर हम शिकायत करेंगे तो पूरा घर जल जाएगा।",hinglish,"fear,immediate_danger,panic,help_seeking"
"FIR दर्ज करवाई, पर अब आरोपी ने अपने भाई को लेकर हमारे घर के बाहर गाली‑गलौज की, बच्चे रो रहे हैं।",hinglish,"sadness,anger,intimidation,panic"
"DSP ने वादा किया था कि आएँगे, पर दो हफ्ते बीत गए, अभी तक नहीं आया, हम बेताब और निराश हैं।",hinglish,"hopelessness,anger,panic,help_seeking"
"हमारी माँ को फोन आया, कहा ‘FIR वापस ले लो नहीं तो तुम्हारी बेटी को दारू पीकर गाली‑गलौज करेंगे’।",hinglish,"fear,intimidation,panic,help_seeking"
"कृपया बताइए, हमारी शिकायत का status क्या है, अभी तक कोई अपडेट नहीं मिला।",hinglish,others
"भाईसाहब, कल हम मंदिर में गए तो दबंगों ने हमें रोक दिया, जातिसूचक गालियाँ दी और अंदर नहीं जाने दिया, अब हम बेइज्जत महसूस कर रहे हैं।",hinglish,"anger,sadness,intimidation"
"पंचायत की चौपाल में जब हमने अपनी बात रखी तो थानेदार की मदद नहीं ली, लोग दारू पीकर गाली-गलौज करने लगे और हमें धमकी दी कि फिर से नहीं आएँगे।",hinglish,"fear,intimidation,panic"
"हमारे परिवार के खिलाफ झूठी एफआईआर दायर हो गई है, कोई वकील नहीं मिला, पोर्टल पर कम्पेनसेशन अभी भी pending है, हमें बहुत गुस्सा और निराशा है।",hinglish,"anger,hopelessness,help_seeking"
"डॉक्टर ने कहा था कि मेडिकल रिपोर्ट आज आएगी, पर अब दो हफ्ते बीत गए और रिपोर्ट नहीं मिली, इलाज में देरी से हम पैनिक में हैं।",hinglish,"panic,hopelessness,help_seeking"
"हमारे टोले के लोग अब किसी भी दुकान में नहीं खरीदारी कर पा रहे, बार्बर भी हमारी सेवा नहीं दे रहा, सब लोग हमें सामाजिक बहिष्कार कर रहे हैं।",hinglish,"sadness,anger,hopelessness"
"गाँव के सार्वजनिक कुएँ से पानी नहीं मिल रहा, जब हमने हाथपंप चलाने की गुहार लगाई तो हमें धमकी मिली कि अगर पानी नहीं पियेंगे तो हम मरेंगे।",hinglish,"fear,immediate_danger,help_seeking"
"डरंगे वाले दबंगों ने कहा कि अगर हम एफआईआर दर्ज करेंगे तो घर जलाकर रख देंगे, इस वजह से हम तुरंत मदद चाहते हैं।",hinglish,"intimidation,fear,immediate_danger,help_seeking"
"हमारी बेटी को स्कूल में जाति की गाली दी गई, अब वह रोज़ रोती है और हम भी समाज से अलग-थलग महसूस कर रहे हैं।",hinglish,"sadness,anger,help_seeking"
"थानेदार ने हमारी शिकायत को नजरअंदाज़ कर दिया, कई बार गुहार लगाई पर कोई जवाब नहीं मिला, अब हम बहुत निराश और गुस्से में हैं।",hinglish,"hopelessness,anger,help_seeking"
"हमारे खेत पर पड़ोसी ने अपना पट्टा दिखा कर हमें जमीन से बाहर निकालने की धमकी दी, अब हम डर के मारे रात नहीं सो पाते।",hinglish,"intimidation,fear,panic"
"गाँव में जल पंप की मरम्मत नहीं हुई, गर्मी में पानी नहीं मिल रहा, लोग हमें बेइज्जत कर रहे हैं, कृपया तुरंत मदद करें।",hinglish,"immediate_danger,help_seeking,anger"
"कृपया बताइए, हमारे केस का कम्पेनसेशन अभी तक पोर्टल पर कब अपडेट होगा? हम बस जानकारी चाहते हैं।",hinglish,others
"बाबूजी, हमारे ऊपर झूठी क्रॉस‑FIR दायर कर दी है, मेडिकल रिपोर्ट भी नहीं मिली, और वकील भी नहीं दिया, अब कंपेंसेशन पोर्टल पर लटक रहा है।",hinglish,"intimidation,fear,hopelessness,help_seeking"
"अब तो पूरी बस्ती के लोग हमारे घर के चारों तरफ पत्थर फेंक रहे हैं, हथियार लेकर धावा बोल रहे हैं, दरवाज़ा बंद है, तुरंत मदद चाहिए!",hinglish,"immediate_danger,panic,help_seeking"
"हमारा पुराना पट्टा वाला खेत दबंगों ने कब्ज़ा कर लिया, फसल जला दी, अब हम भूख से मर रहे हैं।",hinglish,"fear,anger,hopelessness,help_seeking"
"टोले के रास्ते में ट्रैक्टर रोक दिया है, रास्ता बंद है, किसान भाई नहीं जा पा रहे, बहुत परेशान हैं।",hinglish,"intimidation,anger,help_seeking"
"कम्पेंसेशन का पैसा पोर्टल पर दिख रहा है लेकिन अभी तक ट्रांसफर नहीं हुआ, कई बार कॉल किया पर कोई जवाब नहीं मिला।",hinglish,"hopelessness,others"
"घर के बाहर लोग घेर ले रहे हैं, दरवाज़ा बंद कर दिया, चिल्ला रहे हैं 'बाहर निकलो', हमें बचाओ!",hinglish,"immediate_danger,panic,help_seeking"
"हमारी फसल को ज़बरदस्ती तोड़ लिया गया, धान के खेत में आग लगा दी, अब क्या करेंगे?",hinglish,"fear,anger,hopelessness,help_seeking"
"लीगल एड वकील नहीं मिला, कोर्ट में जाने के लिए कोई मदद नहीं, हम अकेले हैं।",hinglish,"hopelessness,others,help_seeking"
"डरावनी धमकी मिली है कि केस वापस ले लेंगे अगर हम शिकायत जारी रखेंगे, अब हम बहुत डरे हुए हैं।",hinglish,"intimidation,fear,panic,help_seeking"
"हमारा पुराना पट्टा दस्तावेज़ चुराया गया, अब जमीन का दावा नहीं कर पा रहे, बहुत बेइज्जत महसूस कर रहे हैं।",hinglish,"sadness,anger,hopelessness,help_seeking"
"हिंसा के बाद मेडिकल जांच नहीं हुई, रिपोर्ट गायब है, FIR में भी नहीं लिखा, अब क्या करें?",hinglish,"sadness,fear,hopelessness,help_seeking"
"डर की बात है, दारू पीकर लोग हमारे घर के सामने गाली-गलौज कर रहे हैं और गोली चलाने की धमकी दे रहे हैं, तुरंत पुलिस भेजो!",hinglish,"intimidation,immediate_danger,panic,help_seeking"
"भाई साहब, कल शाम को पैंचायत में जब मैं गया तो वो बड़की दबंगों ने मुझे जातिसूचक गालियां दी और मंदिर के द्वार से बाहर निकाल दिया, अब मैं बहुत डर रहा हूँ।",hinglish,"fear,intimidation,help_seeking"
"हमारे टोले के हेंडपंप पर आज से दारू पीकर गाली-गलौज करने वाले लोग पानी नहीं आने दे रहे, सब लोग पीने के लिए दूर जाना पड़ रहा है, परिवार बहुत scared है।",hinglish,"panic,hopelessness,help_seeking"
"बाबूजी, हमारे खेत में जो पुराना पट्टा है, वो ऊँट वाले लोग रात को आकर जलाते हैं और फसलें तोड़ते हैं, हम अभी भी डर के मारे रात नहीं सो पाते।",hinglish,"fear,intimidation,immediate_danger,help_seeking"
"पड़ोसी लोग हमारे घर के सामने की गली को बंद कर दिया, हमारे बच्चे अब स्कूल नहीं जा पा रहे, हमें बहुत गुस्सा और दुख हो रहा है।",hinglish,"anger,sadness,help_seeking"
"आज दोपहर को बार्बर ने कहा कि मेरे कस्टमर नहीं हूँ, इसलिए मेरे बाल नहीं कटेंगे, और फिर से मुझे गाँव में बेइज्जत कर रहा है, मैं बहुत उदास हूँ।",hinglish,"sadness,hopelessness,help_seeking"
"हमारी चौपाल में जब हम सभा करने गए तो थानेदार ने हमें रोक दिया और कहा कि हम SC हैं, हमें कोई अधिकार नहीं, अब हम बहुत निराश हैं।",hinglish,"hopelessness,anger,help_seeking"
"गाँव के बड़े लोग हमारे कुएँ से पानी निकालने पर हमें धमकी दे रहे हैं कि अगर हम पानी लेंगे तो हम पर एफआईआर दर्ज करेंगे, हम बहुत डर रहे हैं।",hinglish,"intimidation,fear,help_seeking"
"हमारी दुकान में आज से कोई भी SC ग्राहक नहीं ले रहा, सबको बाहर निकाल दिया जा रहा है, हमें आर्थिक नुकसान हो रहा है और बहुत गुस्सा है।",hinglish,"anger,hopelessness,help_seeking"
"पिछली रात को हमारे खेत में ट्रैक्टर से रास्ता ब्लॉक कर दिया गया, जब हमने हटाने को कहा तो दबंगों ने हमें मारने की धमकी दी, अब हम तुरंत मदद चाहते हैं।",hinglish,"immediate_danger,intimidation,help_seeking"
"हमारी बेटी को स्कूल में जाति के कारण बुल्ला मारते हैं, शिक्षक भी नहीं सुनते, हम बहुत दुखी और निराश हैं।",hinglish,"sadness,hopelessness,help_seeking"
"हमारे गाँव में एक नया पाट्टा जारी किया गया है, लेकिन वही लोग जो हमें पहले से ही बेइज्जत करते थे, उन्होंने हमारे पुराने पाट्टे को छीन लिया, अब हम बहुत गुस्सा हैं।",hinglish,"anger,hopelessness,help_seeking"
"मैं सिर्फ पूछना चाहता हूँ कि मेरे द्वारा दायर की गई एफआईआर की प्रगति क्या है, अभी तक कोई जवाब नहीं मिला, कृपया बताइए।",hinglish,others
"बाबूजी, हमारे टोले के हाथपंप तक पहुँच नहीं दे रहे, दुकान वाले भी दाल‑चावल नहीं बेचते, सब कह रहे हैं कि हम जाति के कारण बेइज्जत हैं।",hi,"sadness,anger,hopelessness,help_seeking"
"आज सुबह नाई ने कहा कि हमारे बाल कटवाने का काम नहीं करेगा, पूरे गाँव में सामाजिक बहिष्कार कर रहे हैं, हम तो बस गुहार लगा रहे हैं।",hi,"sadness,anger,hopelessness"
"अब तो घर के चारों ओर भीड़ जमा हो गई है, पत्थर फेंक रहे हैं, बंदूक‑बंदूक लेकर धक्का दे रहे हैं, दरवाज़ा बंद है, तुरंत मदद चाहिए!",hi,"immediate_danger,fear,panic,help_seeking"
"हमारे घर के दरवाज़े को बंद कर के धक्का दे रहे हैं, धाकड़ लोग धमकी दे रहे हैं, हमें डर लग रहा है, थानेदार सुनता ही ना।",hi,"immediate_danger,fear,intimidation"
"पिछले हफ़्ते हमारे भाई पर झूठा एफआईआर दर्ज कर दिया, अब पुलिस भी नहीं सुन रही, दबंग लोग हर जगह धमका रहे हैं।",hi,"anger,intimidation,hopelessness"
"हॉस्पिटल से मेडिकल रिपोर्ट नहीं मिली, पोर्टल पर दिये गये मुआवजे का भी कोई जवाब नहीं, हम तो बस इंतज़ार में थक चुके हैं।",hi,"sadness,hopelessness,others"
"क़ानूनी मदद के लिये वकील नहीं मिला, फ़िर भी केस चलाने की कोशिश कर रहे हैं, पर थानेदार सुनता ही नहीं।",hi,"hopelessness,anger,others"
"गाँव की दुकानें हमारे लिए दाल‑चावल नहीं बेचतीं, हर बार दारू पीकर गाली‑गलौज करते हुए हमें बाहर निकालते हैं, हम तो बस भूखे मर रहे हैं।",hi,"sadness,anger,hopelessness"
"पड़ोसी दबंग ने हमारे खेत का रास्ता रोक दियो, कह रहा है कि हम नहीं चलेंगे तो खलिहान तक नहीं पहुँच पाएंगे, डर के मारे नहीं चल पाते।",hi,"intimidation,fear,panic"
"हैंडपंप तक पहुँच नहीं दे रहे, पानी नहीं मिल रहा, हम तो रोज़ गुहार लगा रहे हैं कि कोई मदद करे, लेकिन कोई नहीं सुनता।",hi,"anger,hopelessness,help_seeking"
"थानेदार सुनता ही ना, कई बार शिकायत की लेकिन कोई कार्रवाई नहीं हुई, अब तो सरेआम बेइज्जत कर रहे हैं।",hi,"anger,hopelessness,others"
"चौपाल में जब हम बैठकर बात करने की कोशिश की तो सब ने हमें सरेआम बेइज्जत कर दिया, धक्का‑धक्का कर के बाहर निकाल दिया, हम तो बस रो रहे हैं।",hi,"sadness,anger,intimidation"
"बाबूजी, हमारे परिवार के खिलाफ झूठी क्रॉस‑FIR दायर कर दी गई है, डॉक्टर का मेडिकल रिपोर्ट भी नहीं मिला, और वकील भी नहीं मिला, अब मदद चाहिए.",hinglish,"fear,intimidation,help_seeking,hopelessness"
"हमारे दादा की पुरानी पट्टा वाली ज़मीं पर ऊँचा दबंगों ने अपना खेत बना लिया, फसल भी जलाकर रख दिया, अब हम बेघर हो रहे हैं.",hinglish,"anger,sadness,hopelessness"
"टोले का मुख्य रास्ता धाकड़ लोग ट्रैक्टर से ब्लॉक कर रहे हैं, हमारे ट्रैक्टर को रोक कर धमकी दे रहे हैं कि आगे नहीं निकलेंगे.",hinglish,"intimidation,fear,panic"
"पंचायत में जब हम गए तो हमें जातिसूचक गालियां दी गईं, सब लोग हमें बेइज्जत कर रहे हैं, अब घर में भी नहीं जाना चाहते.",hinglish,"sadness,anger,hopelessness"
"हमारी बेटी को मंदिर में प्रवेश नहीं दिया गया, पुजारी ने जाट‑सिचु गाली दी और कहा कि वह यहाँ नहीं आ सकती.",hinglish,"sadness,anger"
"हमारे घर के सामने वाले खेत में दारू पीकर गाली‑गलौज वाले लोग आकर हमारे बैलों को मार रहे हैं, हमें तुरंत सुरक्षा चाहिए.",hinglish,"immediate_danger,panic,help_seeking"
"थानेदार ने हमारी शिकायत को हल्के में लिया, कहा ‘इसे तो छोटा मामला है’, अब हम डर के मारे नहीं बोल पा रहे.",hinglish,"fear,intimidation,hopelessness"
"एफआईआर दर्ज करवाई थी, पर पोर्टल पर कम्पेंसेशन का स्टेटस नहीं बदल रहा, कब तक इंतज़ार करना पड़ेगा?",hinglish,others
"फसल काटते समय हमारे खेत में धाकड़ लोगों ने ज़बरदस्ती फसल तोड़ दी, अब हम भूखे हैं, मदद करो.",hinglish,"panic,help_seeking,anger"
हमारी जमीन पर नया पट्टा बनवाने की कोशिश में गांव के बड़े लोग हमें धमकी दे रहे हैं कि अगर आगे बढ़े तो हम सबको मार डालेंगे.,hinglish,"intimidation,fear,panic"
"पुलिस वाले दारू पीकर गाली‑गलौज कर रहे हैं, हमारे केस की फ़ाइल नहीं खोल रहे, हमें क्या करना चाहिए?",hinglish,others
"मुझे कानूनी सहायता चाहिए, लेकिन वकील की सूची नहीं मिल रही, कृपया बताइए कैसे अप्लाई करूँ?",hinglish,others
"रात को मेरे घर के सामने दबंगों ने लाठी से मारना शुरू कर दिया, अब मैं बहुत डर रहा हूँ।",hinglish,"fear,immediate_danger,panic,help_seeking"
"पिछले हफ्ते थानेदार ने हमारी एफआईआर नहीं ली, कागज फाड़ दिया और हमें दबंगों के साथ समझौता करने को कहा, अब हमें कोई भरोसा नहीं बचा।",hinglish,"anger,hopelessness,intimidation,help_seeking"
"हमारे टोले में अब कोई भी दूकान नहीं खुली, बार्बर भी हमें काटता नहीं, लोग हमें पानी के हैंडपंप से भी बाहर निकालते हैं।",hinglish,"sadness,hopelessness,intimidation,fear"
"मेरी बेटी को रात में धमकी दी गई कि अगर हम शिकायत करेंगे तो घर जला देंगे, वो अब सो नहीं पा रही है।",hinglish,"fear,panic,immediate_danger,help_seeking"
"डिसीपी सर ने दो हफ्ते बाद ही गाँव आए, पर अभी तक हमारे केस की कोई कार्रवाई नहीं हुई, हमें बहुत गुस्सा आ रहा है।",hinglish,"anger,hopelessness,sadness,help_seeking"
"दबंगों ने कहा है कि अगर हम जमीन नहीं छोड़ेंगे तो हमारे घर को आग लगा देंगे, अब हम सब डर के मारे बाहर नहीं जा पा रहे।",hinglish,"fear,intimidation,immediate_danger,panic"
"कल शाम को मेरे भाई को लाठी से मारते हुए दबंगों ने कहा, ‘हमसे मत लड़ो, वरना और भी बुरा होगा’।",hinglish,"intimidation,fear,anger,immediate_danger"
"गाँव के कुएँ पर अब हमको पानी नहीं मिल रहा, दबंगों ने हमारे हाथ में पंप की चाबी ही नहीं छोड़ती।",hinglish,"sadness,hopelessness,fear,intimidation"
"डरावनी बात है, दबंगों ने दारू पीकर हमें गाली-गलौज की और कहा कि अगर हम शिकायत करेंगे तो हम सबको मार डालेंगे।",hinglish,"intimidation,fear,panic,help_seeking"
"थानेदार ने हमें दबंगों के साथ सुलह करने को कहा, वरना केस नहीं लेगा, अब हमें नहीं पता क्या करें।",hinglish,"hopelessness,intimidation,anger,help_seeking"
"हमारी एफआईआर का नंबर क्या है, कृपया बताइए।",hinglish,others
"हमारे गाँव में आजकल सामाजिक बहिष्कार चल रहा है, सभी लोग हमें चौपाल में भी नहीं बुलाते, बच्चा स्कूल नहीं जा पा रहा, हमें बहुत दुख हो रहा है।",hinglish,"sadness,hopelessness,intimidation,fear"
"बाबू जी, कल रात हमारे घर के सामने दो दबंगों ने लाठी से मारना शुरू कर दिया, हम सब डर के मारे झपटे में भागे।",hi,"fear,intimidation,immediate_danger,help_seeking"
"हम गरीब लोगन को पंचायत में बुलाया गया, पर हमारे टोले के लोगन को बैठने की जगह नहीं दी, सब्ज़ी वाले ने जातिसूचक गाली दी।",hi,"sadness,anger,hopelessness"
"हमारा कुटिया के पास वाला कुआँ अब दमन कर दिया गया, दूकान वाले ने कहा कि हमारे पास पानी नहीं मिलेगा, हम रोज़ी-रोटी के लिए पानी नहीं पा रहे।",hi,"panic,hopelessness,help_seeking"
"रात को हमारे बच्चा को दहाड़ते हुए दबंगों ने आग लगाने की धमकी दी, अब हम डर के मारे बाहर नहीं निकलते।",hi,"fear,immediate_danger,panic,help_seeking"
"बाबूजी, मंदिर में प्रवेश करने को कहा गया, पर पुजारी ने कहा कि हम SC हैं, इसलिए अंदर नहीं जा सकते, हमें बेइज्जत किया गया।",hi,"sadness,anger,hopelessness"
"हमारा टोला के सभी लोगन को बार्बर ने कटा नहीं, कहा कि हम दलित हैं, अब बाल कटवाने के लिए कहीं नहीं जाता।",hi,"sadness,anger,hopelessness"
"पिछले हफ्ते हमारे घर पर दो लोग दारू पीकर गाली-गलौज कर रहे थे, उन्होंने मेरे पिता को लाथी मार कर गिरा दिया, अब हम मदद चाहते हैं।",hi,"fear,anger,immediate_danger,help_seeking"
"पंचायत की चौपाल में जब मैं बोला, तो कुछ लोग 'तुम लोगन को तोड़ दो' कह कर धक्का दिया, हमें सार्वजनिक जगह में भी अपमानित किया।",hi,"intimidation,anger,sadness"
"गांव के दुकान में सब्ज़ी नहीं मिलती, दुकानदार कहता है कि हमारे टोले के लोगन को नहीं बेचना, अब हम भूखे मर रहे हैं।",hi,"panic,hopelessness,help_seeking"
"रात को हमारे घर के सामने दो दबंगों ने आग लगाने की बात की, हमने पुलिस को बताया पर थानेदार ने कहा कि हम ही गड़बड़ कर रहे हैं, अब हमें डर है।",hi,"fear,immediate_danger,help_seeking"
"हमारे बेटे को स्कूल में जाति के कारण मार दिया गया, शिक्षक ने कहा 'तुम्हारा कुटुंब खराब है', अब हम बहुत दुखी हैं।",hi,"sadness,anger,hopelessness"
"हमारी महिला समूह को गांव के मेले में भाग लेने से रोका गया, कहा गया कि हम दलित हैं, अब हम आर्थिक मदद नहीं ले पा रहे।",hi,"sadness,anger,hopelessness,help_seeking"
"बाबू जी, हम गरीब लोगन के हाथापाई से पानी नहीं मिल रहा, गाँव के कुएँ के पंप पर दबंगों ने बंद कर दिया, जब हम पूछते हैं तो उन्हें गाली‑गलौज सुनाई देती है, अब रोज़ी‑रोटी के लिये पानी नहीं मिल रहा।",hi,"fear,intimidation,hopelessness,help_seeking"
"हमार टोला के दूकान वाला अब हमसे कोई सब्ज़ी नहीं बेचता, कहता है कि हम SC लोगन हैं, अगर खरीदेंगे तो हाथापाई करेंगे, हम बहुत गुस्से में हैं।",hi,"anger,intimidation,hopelessness,help_seeking"
"बाबू जी, गाँव के नाई ने कहा कि हमारे कुटुंब के लोगन को बाल नहीं काटेंगे, कहता है 'दबंगों से डरना पड़ेगा', अब शादी के दिन भी बिन नाई के रहेंगे, बहुत दुखी हैं।",hi,"sadness,anger,hopelessness,help_seeking"
"थानेदार साहब ने हमारी एफआईआर का काग़ज़ फाड़ दिया, कहा कि बड़े लोगन को परेशान नहीं करना चाहिए, अब हम क्या करेंगे?",hi,"anger,hopelessness,intimidation,help_seeking"
"डारोगा साहब ने हमें दबाव डाला कि हम बड़े जमींदार के साथ समझौता कर लें, नहीं तो गाँव में और भी हाथापाई होगी, हमें बहुत डर लग रहा है।",hi,"fear,intimidation,hopelessness,help_seeking"
"हमारा DSP दो हफ़्ते से नहीं आया, जबकि हम लोगन को दहाड़े की धमकी मिल रही है, अब हम थक गए हैं, कृपया जल्दी कार्रवाई करें।",hi,"anger,hopelessness,help_seeking"
"दबंग लोगन ने कहा कि अगर हम शिकायत करेंगे तो हमारे घर को आग लगा देंगे, अभी भी रात में हम सो नहीं पा रहे, तुरंत मदद चाहिए।",hi,"immediate_danger,fear,panic,help_seeking"
"पानी के पंप को दबंगों ने बंद कर दिया, कहते हैं 'तुम लोग कूड़ा' और रोज़ी‑रोटी के लिये पानी नहीं देंगे, हम बहुत डरते हैं।",hi,"intimidation,fear,hopelessness,help_seeking"
"बाबू जी, कृपया बताइए 14566 हेल्पलाइन के ऑफिस के समय क्या हैं?",hi,others
"कौन-कौन से दस्तावेज़ चाहिए कानूनी सहायता के लिए, कृपया जानकारी दें।",hi,others
"मेरे दायर किए गए डॉकेट नंबर 2023/14566/09 की स्थिति क्या है, कृपया अपडेट दें।",hi,others
क्या मैं हिंदी में ही कॉल कर सकता हूँ और मेरे सवालों का जवाब भी हिंदी में मिलेगा?,hi,others
"बाबू जी, हम गरीब लोगन का पोए राहत फंड अभी तक नहीं मिला, रोज़ी-रोटी का सहारा है, कृपया बताइए कब मिलेगा?",hi,others
"बाबूजी, मेरी बेटी की स्कॉलरशिप अभी तक नहीं आई, हम सब के पास रोज़ी-रोटी की गुहार है, कृपया देखिए।",hi,others
"हमारे टोले की मुख्य सड़क में गड्ढे बहुत बड़े हैं, गाड़ी चलाते‑चलाते डर लग रहा है, कृपया जल्दी ठीक कराइए।",hi,"fear,help_seeking"
"बारिश के बाद खलिहान के पास नाली टूट गई, पानी जमा हो रहा है, हम सब बीमार पड़ेंगे, मदद चाहिए।",hi,"fear,help_seeking"
"बाबू जी, जो हमारे बेटे को मारने वाला था, अब बायल पर आया है, हथियार लेकर रोज़ हमारे घर के सामने खड़ा रहता है, हम डर के मारे सो नहीं पाते।",hi,"fear,intimidation"
"वो दबंग हमारे बच्चन को स्कूल से लेकर घेरते हैं, गाली‑गलौज करते हैं, हमें बहुत डर लग रहा है।",hi,"fear,intimidation"
"हमारा पुरखा का पट्टा वाला जमीन अब गाँव के बड़े लोग अपना बना रहे हैं, हम बेइज्जत हो रहे हैं, मदद चाहिए।",hi,"anger,hopelessness"
"कल रात हमारे खेत में धुआँ उठ गया, दबंग लोग हमारे धान को आग में जला दिया, अब हम भूखे हैं, बहुत गुस्सा है।",hi,"anger,sadness"
"हमारा खेत का रास्ता अब नई इमारत ने बंद कर दिया, ट्रैक्टर नहीं जा पा रहा, फसल बचाने का कोई रास्ता नहीं, बहुत निराशा है।",hi,"hopelessness,anger"
"वो दबंग कल रात हमारे घर में चाकू लेकर आया, कहा अगर एफआईआर नहीं खींचेंगे तो मार डालेंगे, हमें तुरंत मदद चाहिए।",hi,"immediate_danger,panic,help_seeking"
"एफआईआर दर्ज करने के बाद पूरे टोले ने हमें बाहर कर दिया, अब कोई भी मदद नहीं कर रहा, हम बहुत उदास हैं।",hi,"sadness,hopelessness"
"थानेदार साहब ने झूठी रिपोर्ट लिखी, अब वही दबंग फिर से घूम रहे हैं, हमसे बात नहीं कर रहे, बहुत गुस्सा है।",hi,"anger,intimidation,fear"
"बाबूजी, अभी हमारे घर के चारों ओर गुट खड़ा है, पत्थर फेंक रहे हैं, हथियार दिखा रहे हैं, दरवाज़े अंदर से बंद कर रखे हैं, तुरंत मदद चाहिए!",hinglish,"immediate_danger,fear,panic,help_seeking"
"हमारी बस्ती में दबंग लोग आके धक्का दे रहे हैं, सब लोग चिल्ला रहे हैं, दरवाज़ा खोल नहीं पा रहे, कृपया तुरंत भेजिए पुलिस!",hinglish,"immediate_danger,intimidation,fear,help_seeking"
"हमारे पूर्वजों का पट्टा वाला ज़मीन अब पड़ोसी ने अपने खेत में ले लिया, फसल भी जलाकर रख दी, अब हम बेइज्जत हो रहे हैं, क्या करूँ?",hinglish,"anger,fear,help_seeking"
"टोले का रास्ता दबंगों ने ट्रैक्टर रख कर बंद कर दिया, हमारे ट्रैक्टर को भी रोक दिया, अब हम खेत नहीं जा पा रहे, मदद चाहिए!",hinglish,"intimidation,anger,help_seeking"
"पिछले रात हमारे खेत की फसल को ज़बरदस्ती तोड़ लिया गया, परिवार बहुत डर गया है, अब कोई नहीं सुन रहा हमारी आवाज़, कृपया मदद करें।",hinglish,"fear,hopelessness,help_seeking"
14566 का ऑफिस कब खुलता है? मैं आज ही रिपोर्ट देना चाहता हूँ।,hinglish,others
"लीगल एड के लिए कौन-कौन से दस्तावेज़ चाहिए, कृपया बताइए।",hinglish,others
"मेरे केस का डॉकेट नंबर 2023/4567 है, उसका स्टेटस क्या है? कृपया अपडेट दें।",hinglish,others
"हमारे बच्चे को स्कूल भेजने की धमकी दे रहे हैं, गांव में सामाजिक बहिष्कार की बात कर रहे हैं, अगर हम नहीं मानेंगे तो मार डालेंगे, मदद चाहिए!",hinglish,"intimidation,fear,immediate_danger,help_seeking"
"हैंडपंप के पास दाकू गुट ने बंदूक दिखा कर धमकी दी है, सब लोग डर के मारे छुपे हैं, तुरंत पुलिस भेजो!",hinglish,"immediate_danger,fear,panic,help_seeking"
"बाबूजी ने झूठा पट्टा दे दिया, अब हम घर से बाहर निकालने की धमकी दे रहे हैं, परिवार बहुत दुखी है, क्या करूँ?",hinglish,"sadness,anger,hopelessness,help_seeking"
"हमारे टोले के लोग अब कुआँ से पानी नहीं ले पाते, दुकान वाले भी दाल‑चावल नहीं बेचते, नाई भी बाल नहीं काटता, पूरी तरह से सामाजिक बहिष्कार हो गया है।",hi,"anger,sadness,hopelessness,help_seeking"
"थानेदार सुनता ही ना, जब हमने एफआईआर लिखवाने की कोशिश की तो कागज फाड़ दिया, अब हम क्या करें?",hi,"anger,hopelessness,help_seeking"
"बाबूजी, आरोपी अभी जमानत पर है, हथियार लेकर हमारे घर के बाहर घुमा‑घुमा कर धमकी दे रहा है, बच्चा रो रहा है।",hi,"intimidation,fear,immediate_danger,help_seeking"
"भाई, मेरे बेटे को रात को सोते‑सोते डर लग रहा है, हर बार दरवाज़े पर थप्पड़ की आवाज़ आती है, मैं पैनिक में हूँ।",hi,"panic,fear,immediate_danger"
"हमारी खलिहान के पास नया रास्ता दबंगों ने ट्रैक्टर से रोक दिया, जब हम जाने की कोशिश करते हैं तो गाली‑गलौज सुनते हैं।",hi,"intimidation,anger,hopelessness,help_seeking"
"डिस्पैचर ने कहा आएगा, पर दो हफ्ते बीत गए, कोई DSP नहीं आया, पुलिस की उदासीनता से हम थक गए हैं।",hi,"hopelessness,anger,help_seeking"
"पड़ोसी ने कहा कि अगर हम फिर से पानी की शिकायत करेंगे तो हमारी जमीन पर दाग‑डाग कर देंगे, अब हम डर के मारे चुप हैं।",hi,"fear,intimidation,hopelessness,help_seeking"
"हमारी महिला ने शिकायत की, पर थाने में दरोगा ने कहा ‘इसे छोड़ दो, बड़े लोग हैं’, अब हमें कोई भरोसा नहीं बचा।",hi,"sadness,hopelessness,anger,help_seeking"
"सड़कों पर धूम्रपान वाले शराबी दारू पीकर गाली‑गलौज कर रहे, बच्चों को डराते हैं, हमें लगता है अब सब सुरक्षित नहीं है।",hi,"fear,intimidation,immediate_danger,help_seeking"
"हमारी चौपाल में अब कोई भी नहीं बैठता, सबको डर है कि दबंग लोग फिर से आकर सबको बेइज्जत करेंगे।",hi,"fear,hopelessness,anger"
"जब हमने पुलिस को बताया कि आरोपी हमारे खेत में धावा दे रहा है, तो उन्होंने कहा ‘किसी को रिपोर्ट मत करो’, अब हम डर के मारे खेत नहीं जा पाते।",hi,"intimidation,fear,hopelessness,help_seeking"
"हमारी बेटी को स्कूल से बाहर निकाल दिया गया क्योंकि हमारे परिवार को सामाजिक बहिष्कार का सामना करना पड़ रहा है, अब हमें आगे क्या करना चाहिए?",hi,"sadness,hopelessness,help_seeking,others"
"बाबूजी, हमारे पैतृक पट्टे की जमीन पर दबंगों ने आज रात ही अनधिकृत ढंग से कब्जा कर लिया, फसल जलाने की धमकी दे रहे हैं।",hi,"intimidation,fear,anger,help_seeking"
"मेरे बेटे को रोज़ रात को थानेदार की गाड़ी देख कर डर लगता है, क्योंकि वही लोग मेरे पिता को मारने की धमकी दे रहे हैं, हमें एफआईआर दर्ज कराने की जरूरत है।",hi,"fear,intimidation,help_seeking"
"हमारी टोलिया के लोग अब कुआँ तक नहीं जा सकते, गाँव के दूकान वाले ने जातिसूचक शब्द बोले और पानी नहीं दिया, सामाजिक बहिष्कार हो गया है।",hi,"sadness,hopelessness,anger,help_seeking"
"पिछले हफ्ते हमारे खेत में ट्रैक्टर रोक दिया गया, रास्ता बंद कर दिया, अब हम धान नहीं ले जा पा रहे, दबंगों ने हथियार दिखा कर हमें रोक लिया।",hi,"intimidation,fear,hopelessness"
"बाबूजी, मेरे पति को दारू पीकर गाली-गलौज करने वाले ने घर के बाहर खलिहान में धूम्रपान किया और हमें बेइज्जत किया, अब हम डर के मारे बाहर नहीं निकलते।",hi,"fear,sadness,intimidation,help_seeking"
"गाँव के बार्बर ने हमारे टोले के लोगों को सेवा देना बंद कर दिया, कहा कि हम SC हैं, अब बाल कटवाने के लिए कहीं नहीं जाता, सामाजिक बहिष्कार है।",hi,"sadness,hopelessness,anger,help_seeking"
"पिछली रात हमारे खेत में आग लग गई, कोई नहीं आया मदद को, अब हमारे पास कोई भी पैसों की बचत नहीं बची, हमें तुरंत मदद चाहिए।",hi,"panic,immediate_danger,hopelessness,help_seeking"
"हमारे घर के सामने वाला रास्ता अवैध कब्जे में है, दबंगों ने कंक्रीट लगा दिया, अब हम स्कूल ले जाने में देर हो रही है, कृपया मदद करें।",hi,"anger,hopelessness,help_seeking"
"मेरे भाई को पुलिस ने बिना कारण हिरासत में ले लिया, अब वह जेल में है, हम चाहते हैं कि तुरंत न्याय हो और एफआईआर दर्ज हो।",hi,"fear,hopelessness,help_seeking"
"हमारी टोलिया में अब कोई भी पानी का हैंडपंप नहीं चल रहा, गाँव के बड़े ने हमें रोक दिया, कहा कि हम SC हैं, अब बच्चे पानी नहीं पी पा रहे।",hi,"sadness,panic,hopelessness,help_seeking"
"दबंगों ने हमारे खेत में फसल तोड़ ली और फिर हमारे ऊपर जातिसूचक शब्द चिल्लाए, अब हम डर के मारे खेत नहीं जोत पा रहे।",hi,"intimidation,fear,anger,help_seeking"
"हमारी चौपाल में अब कोई भी बैठक नहीं होती, गाँव के बुजुर्ग हमें सामाजिक बहिष्कार कर रहे हैं, हमें न्याय चाहिए।",hi,"sadness,hopelessness,help_seeking"
"थानेदार सुनता ही ना, हमने कल रात खेत का रास्ता रोक दियो की शिकायत की, पर उसने FIR लिखने से इनकार कर दिया और कागज फाड़ दिया।",hi,"intimidation,fear,anger"
"पुलिस वाले दबंगों को झुका रहे हैं, उन्होंने हमारी शिकायत का कागज फाड़ कर हमें झगड़े वाले बड़े जाट से समझौता करवाने की धक्की दी।",hi,"intimidation,hopelessness,anger"
"डिस्पैचर सर ने कहा था कि DSP आज आएँगे, पर अब दो दिन हो गये, गाँव वाले अब भी इंतजार में हैं, सबको डर लग रहा है।",hi,"panic,hopelessness,fear"
"हमारी बहन पर झूठी क्रॉस‑FIR दर्ज कर दी गई है, अब पुलिस हमें सरेआम बेइज्जत कर रही है, डर है कि केस उल्टा हो जाएगा।",hi,"intimidation,fear,anger"
"डॉक्टर ने कहा था कि मेडिकल रिपोर्ट तैयार होगी, पर अब तक कोई रिपोर्ट नहीं मिली, इलाज में देरी से हम सबको डर लग रहा है।",hi,"panic,hopelessness,fear"
"कानूनी सहायता के लिये वकील नहीं मिला, हर बार कहा जाता है ‘वकील अभी उपलब्ध नहीं’, हम मदद की गुहार लगा रहे हैं।",hi,"help_seeking,sadness,hopelessness"
"कम्पensation का पैसा पोर्टल पर दिखता नहीं, कई महीने हो गये, हमें लग रहा है कि हमारे साथ कोई नहीं है, गुस्सा आ रहा है।",hi,"anger,hopelessness,sadness"
"14566 हेल्पलाइन के ऑफिस के समय क्या हैं, कृपया बताइए?",hi,others
"कानूनी सहायता के लिये कौन‑कौन से दस्तावेज़ चाहिए, जानकारी चाहिए।",hi,others
"मेरे केस का डॉकेट नंबर 2023/14566/07 है, उसकी वर्तमान स्थिति क्या है?",hi,others
"डरावनी बात है, हमारे टोले में दबंग लोग रात‑रात धमका रहे हैं, अगर रिपोर्ट नहीं करेंगे तो तुरंत नुकसान होगा।",hi,"intimidation,immediate_danger,fear"
"चौपाल में हमारे लोगों को सरेआम बेइज्जत कर रहे हैं, सामाजिक बहिष्कार और गाली‑गलौज से हम सब दुखी हैं।",hi,"sadness,intimidation,hopelessness"
"बाबूजी, हमारे दादा जी का पट्टा वाला खेत दबंगों ने अपने ट्रैक्टर से घेर लिया, अब हम फसल नहीं लगा पा रहे।",hi,"anger,hopelessness,help_seeking"
"कल रात हमारे खेत में धुआँ उठ गया, दहलीज वाले काबिल लोग आग लगा कर हमारी फसल जला रहे हैं, हमें डर लग रहा है।",hi,"fear,immediate_danger,help_seeking"
"खेत का रास्ता रोक दियो, ट्रैक्टर खड़ा कर दिया, अब हम पानी के हैंडपंप तक नहीं जा पा रहे।",hi,"intimidation,panic,help_seeking"
"हमारे टोले का थानेदार सुनता ही ना, हमने शिकायत लिखी तो कागज फाड़ दिया, अब हम क्या करें?",hi,"anger,hopelessness,help_seeking"
"डारोगा कह रहा है कि इस मामले में FIR नहीं लिखेंगे, हमें दबंगों से डर लग रहा है।",hi,"intimidation,fear,help_seeking"
"हमारी शिकायत पर DSP दो हफ्ते से नहीं आए, दबंगों ने हमें घेर रखा है, अब तो सब कुछ खत्म लगता है।",hi,"hopelessness,fear,anger"
"हमारे टोले में हमारी बेटी को दारू पीकर गाली-गलौज कर रहे हैं, धमका रहे हैं कि अगर शिकायत की तो मार डालेंगे।",hi,"intimidation,immediate_danger,fear,help_seeking"
"हमारे टोले में सामाजिक बहिष्कार हो रहा है, लोग हमें काम नहीं दे रहे, हम बेइज्जत हो रहे हैं।",hi,"sadness,hopelessness,anger,help_seeking"
14566 हेल्पलाइन के ऑफिस के काम करने के समय क्या हैं?,hi,others
मेरे केस का डॉकेट नंबर 2023/14566/07 का स्टेटस क्या है?,hi,others
अगर FIR नहीं लिखवाई जा रही है तो हमें कौन सी उच्च अधिकारी से संपर्क करना चाहिए?,hi,others
"बाबूजी, हमारे जंगल‑जमीन का अधिकार वाला पोए राहत फंड दो महीने से नहीं आया, अब हम गुहार लगा रहे हैं कि कब मिलेगा?",hi,"help_seeking,hopelessness"
"सरपंच ने कहा था कि स्कॉलरशिप मिल जाएगी, पर अब तक कोई भी नोटिस नहीं आया, पढ़ाई के लिये पैसा नहीं है, बहुत दुख हो रहा है।",hi,"sadness,help_seeking"
"हमारे टोले के बीच वाला रास्ता खड्डों से भर गया है, सरपंच और वन विभाग के लोग कहते हैं ‘बाद में ठीक करेंगे’, पर अभी भी गाड़ी नहीं चल पाती, इस पर गुस्सा है।",hi,"anger,help_seeking"
"हैंडपंप से पानी नहीं मिल रहा, गाँव के लोग दारू पीकर गाली‑गलौज कर रहे हैं और हमें पानी पीने नहीं देते, अब रात में भी डर लग रहा है।",hi,"fear,intimidation,hopelessness"
"बार्बर ने कहा कि हम लोग ‘दबंग’ हैं, इसलिए हमारे बाल नहीं काटता, अब रोज़ सुबह बेइज्जत महसूस करते हैं, मदद चाहिए।",hi,"sadness,anger,help_seeking"
"कल शाम सरपंच के लोग और दबंग लाठी से हमें मारने की कोशिश की, हमने थाने में एफआईआर लिखा है, अभी भी डर है कि फिर से हमला होगा।",hi,"immediate_danger,fear,intimidation"
"रात को हमारे घर के सामने आग लगाने की धमकी मिली, दारू पीते लोग कह रहे हैं ‘अगर नहीं मानोगे तो सब कुछ जल जाएगा’, हम बहुत पैनिक में हैं।",hi,"panic,immediate_danger,fear"
"बच्चे और महिलाओं को लाथी मार कर बाहर निकाल दिया, अब सब लोग रोते‑रोते घर में नहीं जा पा रहे, बहुत डर और घबराहट है।",hi,"fear,intimidation,panic"
"वन विभाग के लोग हमारे मजदूरों की मजदूरी रोके हुए हैं, कहा ‘जंगल‑जमीन का अधिकार तो तुम्हारा नहीं’, अब हम भूखे मर रहे हैं, यह अत्याचार है।",hi,"anger,hopelessness,help_seeking"
"हमको गाँव से अलग कर दिया, सभी लोग हमारे खाने‑पीने की चीज़ें नहीं देते, सामाजिक बहिष्कार से हम बेबस हो गए हैं।",hi,"sadness,hopelessness,intimidation"
"सरपंच ने कहा था कि पट्टा मिल जाएगा, पर अब मजदूरी रोकी गई और दबंग लोग रात‑रात धमकी देते रहते हैं, हमें मदद चाहिए।",hi,"anger,immediate_danger,fear"
"पिछले महीने दायर किए गए जल निकासी की समस्या का अभी तक कोई जवाब नहीं मिला, कृपया स्थिति बताइए।",hi,others
"बाबू जी, हम गरीब लोगन का PoA राहत फंड अब तक नहीं मिला, दो‑तीन महीने हो गये, रोज़ी‑रोटी के लिए बहुत मुश्किल हो रही है।",hi,"hopelessness,anger"
"भाई साहब, मेरा बेटी का स्कॉलरशिप पैसा अभी तक नहीं आया, कई बार थाना‑कचहरी में पूछताछ की, पर कोई जवाब नहीं मिला।",hi,"help_seeking,hopelessness"
"हमारे टोले के बीच में जो नाली है, वह पूरी तरह से भर गई है, बारिश में घर में पानी आ रहा है, कृपया जल्दी से मरम्मत कराइए।",hi,help_seeking
"पिछले महीने दायर किया गया एफआईआर नंबर 12345 का अभी तक कोई अपडेट नहीं मिला, कृपया स्थिति बताइए।",hi,"others,help_seeking"
"अबे, हमारे बस्ती के बाहर दबंग लोग घेर लेले हैं, पत्थर फेंक रहे हैं, दरवाज़ा बंद है, तुरंत पुलिस भेजिए, हम डर के मारे कांप रहे हैं!",hi,"immediate_danger,fear,panic,help_seeking"
"घर के बाहर हथियार लेके लोग खड़े हैं, दरवाज़ा बंद करके धमकी दे रहे हैं, हम बच नहीं पा रहे, अभी मदद चाहिए!",hi,"immediate_danger,fear,panic"
"थानेदार साहब हमारे केस में एफआईआर लिखने से मना कर दिया, कागज फाड़ दिया, अब हम क्या करें, दबंगों ने हमें डराया है।",hi,"anger,hopelessness,intimidation"
"डारोगा जी हमारी शिकायत को हाथापाई से खारिज कर दिया, हमें बड़े दबंग से समझौता करने को कह रहे हैं, अब तो बस बेइज्जत हो रहे हैं।",hi,"anger,hopelessness,intimidation"
"डिस्प के दफ़्तर में DSP का वादा था कि वह आएँगे, पर अब दो हफ्ते बीत गये, कोई नहीं आया, हमारी पीड़ा बढ़ती जा रही है।",hi,"anger,hopelessness,others"
"हमने जब गाँव में दंगों की शिकायत की तो अब हमारे घर में सामाजिक बहिष्कार हो गया, लोग हमें देख कर गाली‑गलौज करते हैं, बहुत दुखी हैं।",hi,"sadness,hopelessness,others"
"गाँव का कुआँ/हैंडपंप टूट गया है, पानी नहीं आ रहा, रोज़ी‑रोटी के लिए पानी नहीं मिल रहा, कृपया जल्दी मरम्मत कराइए।",hi,"help_seeking,sadness,hopelessness"
"पिछले हफ्ते चोरी की रिपोर्ट दी थी, अब वही दबंग हमारे घर के पास आकर धूम्रपान कर रहा है और हमें मारने की धमकी दे रहा है।",hi,"intimidation,fear,anger"
"बाबू जी, कल रात हमारे टोले में दबंगों ने दो लड़कों को मार डाला, हम थाने में रिपोर्ट लिखवाने गए, पर दरोगा ने कागज फाड़ दिया और कहा कि बड़े जाट लोग हैं, अब क्या करें?",hi,"intimidation,fear,anger,help_seeking"
"हम गरीब लोगन का बापू जी, जब हम थाने में गए तो थानेदार ने कहा कि हम लोग ही तो समस्या बनाते हैं, FIR नहीं लिखे, अब हम किसके भरोसे?",hi,"hopelessness,anger,help_seeking"
"पिछले हफ्ते हमनें DSP को शिकायत लिखी थी, पर अब तक कोई आया नहीं, रोज़ी‑रोटी की चिंता है, दबंगों का हाथापाई बढ़ रहा है।",hi,"panic,hopelessness,help_seeking"
"14566 हेल्पलाइन के ऑफिस के काम करने के समय क्या है, कब जा सकते हैं?",hi,others
"मेरे दायर किए गए डॉकेट नंबर 3421 की स्थिति क्या है, अभी तक कोई जवाब नहीं मिला।",hi,others
"हमारे गाँव के मंदिर में हमको प्रवेश नहीं दिया गया, पुजारी ने जातिसूचक गालियाँ दीं, अब हम बेइज्जत महसूस कर रहे हैं।",hi,"sadness,anger,hopelessness,help_seeking"
"बाजार में जब हम सब्ज़ी खरीदने गए तो दुकानदार ने कहा 'SC लोग यहाँ नहीं आ सकते', हमें बहुत गुस्सा आया।",hi,"anger,sadness,help_seeking"
"पंचायत की चौपाल में जब मैं अपना मुद्दा रख रहा था, तो बड़े बुजुर्ग ने मुझे 'निचले वर्ग' कह कर गाली दी, अब डर लग रहा है।",hi,"intimidation,fear,sadness"
"डाबंगों ने कहा कि अगर हम शिकायत करेंगे तो हमारे घर को जला देंगे, हम रात को सो नहीं पाते।",hi,"immediate_danger,fear,panic,help_seeking"
"गांव के कुएँ में पानी नहीं आया, दमनकारी लोग हमें पानी नहीं देते, हम रोज़ी‑रोटी के लिए पानी की तलाश में हैं।",hi,"hopelessness,sadness,help_seeking"
"रात को दारू पीकर एक जाट ने मेरे बेटे को मार डाला, थाने में गया तो दरोगा ने कहा कि वो हमारा ही है, FIR नहीं लिखेगा, अब क्या करें?",hi,"anger,fear,immediate_danger,help_seeking"
"भाई, रात को मेरे घर के सामने लाठी से मारने की धमकी मिली, अब मैं बहुत डरा हूँ।",hinglish,"fear,immediate_danger,help_seeking"
"हमारे टोले में दबंगों ने हमारे पुरानी पट्टा वाले खेत को जकड़ लिया, हमारे किसान भाई की फसल जलाकर ले गए, अब कोई मदद नहीं मिल रही।",hinglish,"anger,hopelessness,help_seeking"
"एफआईआर तो दायर हुई थी पर डॉक्टर का मेडिकल रिपोर्ट अभी तक नहीं मिला, पोर्टल पर कॉम्पेन्सेशन भी नहीं दिख रहा, बाबूजी कृपया देखिए।",hinglish,"others,sadness"
डरावनी दारू पीकर गाली-गलौज करने वाले लोग हर रात हमारे घर के बाहर धूम्रपान कर रहे हैं और हमें बाहर नहीं निकलने दे रहे।,hinglish,"intimidation,fear,panic"
"हमारी खलिहान के पास वाले जमीन पर दबंगों ने अपना पट्टा लगा दिया, अब हम खेत में नहीं जा पा रहे, परिवार बेइज्जत हो रहा है।",hinglish,"anger,hopelessness,help_seeking"
"हमारे परिवार को सामाजिक बहिष्कार कर दिया गया, स्कूल में बच्चों को गाली दी जा रही है, हम बहुत उदास हैं।",hinglish,"sadness,hopelessness"
"थानेदार ने हमारी एफआईआर को नजरअंदाज कर दिया, अब हम रात को भी सुरक्षित नहीं महसूस कर रहे।",hinglish,"intimidation,fear,help_seeking"
"डॉक्टर ने बताया था कि मेडिकल रिपोर्ट तैयार है, पर अब तक कुआँ के पास भी नहीं मिली, इलाज में देरी हो रही है।",hinglish,"others,sadness"
"आज रात हमारे घर में आग लगने की धमकी मिली, लाठी से मारने वाले लोग हमारे दरवाज़े पर खड़े हैं, तुरंत मदद चाहिए!",hinglish,"immediate_danger,fear,panic,help_seeking"
"पोर्टल पर हमारा कॉम्पेन्सेशन अभी तक नहीं आया, महीनों से इंतज़ार कर रहे हैं, बाबूजी कृपया जल्दी देखें।",hinglish,"hopelessness,others,anger"
"बच्चे स्कूल से घर आने पर दबंगों ने उन्हें लाथी मारने की धमकी दी, अब बच्चा रोता रहता है।",hinglish,"fear,panic,help_seeking"
"हमें वकील की जरूरत है पर कोई लाया नहीं, कोर्ट में केस लड़ने का डर है, कृपया मदद करें।",hinglish,"hopelessness,help_seeking,others"
"सरपंच और वन विभाग के लोग जंगल‑जमीन का अधिकार लेकर हमें डराते हैं, थानेदार ने हमारी एफआईआर नहीं लिखी, कागज फाड़ कर कह दिया कि दबंगों से समझौता कर लो, अब हमें मदद चाहिए।",hi,"intimidation,fear,help_seeking"
"हमको गाँव से अलग कर दिया, अब कुआँ की पानी भी नहीं मिलती, सार्वजनिक हैंडपंप तक पहुँच नहीं देते, लोग हमें बेइज्जत कहते हैं, इस सामाजिक बहिष्कार से बहुत दुख हो रहा है।",hi,"sadness,hopelessness,help_seeking"
14566 हेल्पलाइन के काम करने के घंटे क्या हैं? कृपया बताइए।,hi,others
"सरपंच और वन विभाग के लोग हमारे जंगल‑जमीन के पट्टे को लेकर दबाव बना रहे हैं, थानेदार ने हमारी शिकायत को फेंक दिया और हमें दबंगों के साथ समझौता करने को कहा, अब हम बहुत गुस्से में हैं।",hi,"anger,hopelessness,help_seeking"
"बार्बर ने कहा कि हमारे टोले के लोग दारू पीकर गाली‑गलौज करते हैं, इसलिए अब वह हमारे बाल नहीं काटता, हमें सामाजिक बहिष्कार का सामना करना पड़ रहा है।",hi,"sadness,anger"
"वन विभाग ने हमारी मजदूरी रोकी, खलिहान में काम करने वाले लोगों को दिन का वेतन नहीं दिया, अब हमें तुरंत मदद चाहिए, क्योंकि परिवार की रोज़ी‑रोटी खतरे में है।",hi,"immediate_danger,help_seeking,panic"
"हमारा जंगल‑जमीन का अधिकार छीन लिया गया, वन विभाग ने बिना नोटिस के हमारे पट्टे को ले लिया, पुलिस ने एफआईआर दर्ज नहीं की और थानेदार ने हमें धमकी दी, अब हम बहुत गुस्से और निराश हैं।",hi,"anger,hopelessness,help_seeking"
"थानेदार ने हमें धक्का मार दिया, अब दिल धड़क रहा है, बहुत डर लग रहा है!",hi,"panic,fear,immediate_danger"
"गाँव की दुकानें अब हमारे टोले को कोई भी सामान नहीं बेचती, हमें सब जगह से बाहर निकाल दिया गया, सामाजिक बहिष्कार से हम बहुत उदास हैं।",hi,"sadness,hopelessness,anger"
मेरे पंजीकृत डॉकेट नंबर 3421 की स्थिति क्या है? कृपया अपडेट दें।,hi,others
"एफआईआर दर्ज करने के बाद दबंगों ने हमें धमकी दी, थानेदार ने कहा कि अगर हम शिकायत जारी रखेंगे तो दारू पीकर गाली‑गलौज करेंगे, अब हम बहुत डर और डरावनी स्थिति में हैं।",hi,"intimidation,fear,help_seeking"
"बाबू जी, हम गरीब लोगन के बच्चा लोगन को मंदिर में प्रवेश नहीं दिया गया, पंडित ने जातिसूचक गालियाँ दीं, हम सब बेइज्जत महसूस कर रहे हैं।",hi,"sadness,anger,hopelessness"
"हमार भाई पर केस है, अब वो जेल से बाहर आया है, हाथ में बंदूक लेकर हमारे घर के बाहर खड़ा है, कहता है कि FIR वापस ले ले, नहीं तो हमारे बच्चन को मार देगा।",hi,"fear,intimidation,immediate_danger,help_seeking"
"हमरे टोले के लोगन को गाँव के हैंडपंप से पानी नहीं मिलने दे रहे, दहलीज पर खड़े दबंग कहते हैं कि हम SC हैं, पानी नहीं पीएंगे तो मर जाओगे।",hi,"fear,panic,hopelessness,help_seeking"
"हमारी पत्नी के बाल कटवाने के लिए बार्बर गया, लेकिन वह कह दिया कि हमनी के SC लोगन को नहीं काटेगा, हमें बहुत गुस्सा आया।",hi,"anger,sadness,hopelessness"
"पिछले हफ्ते हमने दंगाई के लिए FIR दायर किया, अब गांव के दबंग हमारे घर के सामने गाड़ी खड़ी कर के धूम्रपान कर रहे हैं, हमें डर लग रहा है।",hi,"intimidation,fear,help_seeking"
"हमरे टोले के लोगन को बाजार में सब्जी खरीदने से रोक दिया गया, दुकानदार कहता है कि हम गरीब लोगन हैं, हमें रोजी-रोटी नहीं मिल रही।",hi,"sadness,hopelessness,anger"
"थानेदार ने कहा कि अगर हम शिकायत करेंगे तो हमारे परिवार को दंडित किया जाएगा, अब हम डर के मारे घर नहीं छोड़ते।",hi,"fear,intimidation,hopelessness"
"बाबू जी, दबंगों ने हमारे घर पर आग लगा दी, अभी मदद चाहिए!",hi,"panic,immediate_danger,help_seeking"
"गाँव के चौपाल में जब हम भाग लेना चाहते थे तो सभी ने हमें बाहर कर दिया, कहा कि हम SC हैं, हम बहुत दुखी हैं।",hi,"sadness,hopelessness,anger"
"हमने दुष्कर्म के लिए FIR दायर किया, अब आरोपी के साथी हमारे घर के सामने गाड़ी खड़ी करके शराब पीते हुए गाली-गलौज कर रहे हैं, कह रहे हैं कि FIR वापस ले ले।",hi,"intimidation,fear,help_seeking"
"कृपया बताइए कि हमारी पिछली शिकायत का status क्या है, अभी तक कोई जवाब नहीं मिला।",hi,others
"रात को जब हम सो रहे थे तो गाँव के दबंग हमारे घर के बाहर बम फेंके, अब हमें बहुत डर लग रहा है, कृपया तुरंत मदद भेजें।",hi,"immediate_danger,panic,fear,help_seeking"
"बाबूजी, थानेदार ने मेरा FIR नहीं लिया, अब तो डर के मारे घर से बाहर नहीं निकल पा रहे हैं।",hinglish,"fear,intimidation,help_seeking"
"हमारे टोले में दबंगों ने पानी के कुएँ पर कब्जा कर लिया, और जब हम हाथपंप खोलने की कोशिश की तो थानेदार ने कहा कि केस नहीं लेगा, अब हम बेइज्जत और प्यास से मर रहे हैं।",hinglish,"hopelessness,anger,sadness,help_seeking"
"दबंग ने हमारे बेटे को मारते हुए कहा, अगर FIR वापस ले ली तो तुम्हारी पूरी फॅमिली को मार देंगे।",hinglish,"fear,intimidation,immediate_danger"
"पिछले हफ्ते हमनें थाने में रिपोर्ट दी, पर थानेदार ने कागज फाड़ दिया और कहा कि बड़े पट्टा वाले को नहीं ले सकते, अब हम सबको सामाजिक बहिष्कार का सामना करना पड़ रहा है।",hinglish,"hopelessness,anger,sadness,help_seeking"
"बार्बर ने हमारे घर से नज़र ही नहीं मिलाई, कहा कि हम SC हैं, अब बाल भी नहीं कटते।",hinglish,"sadness,hopelessness,anger"
"हमारी बेटी को दारू पीकर गाली-गलौज करने वाले ने धमकी दी कि अगर हम एफआईआर नहीं खींचेंगे तो उसकी गाड़ी से उसे मार देंगे, और अब हमारे बच्चों को भी स्कूल नहीं ले जा पा रहे।",hinglish,"fear,intimidation,panic,help_seeking"
"ड्राइविंग वाले ने कहा, अगर हम केस नहीं लेते तो हम सबको मार डालेंगे, अब घर में सबको सोते ही नहीं मिलते।",hinglish,"immediate_danger,fear,panic"
"हमारी दुकान पर सभी लोग हमें नहीं खरीदते, क्योंकि हमारे पड़ोसी दबंगों ने कहा कि हम SC हैं, अब हम आर्थिक रूप से टूट रहे हैं।",hinglish,"sadness,hopelessness,anger,help_seeking"
"DSP का वादा था कि आएगा, पर दो हफ्ते बीत गए, अभी भी कोई नहीं आया, हम सब डर के मारे रोते हैं।",hinglish,"hopelessness,fear,panic"
"हमने थाने में रिपोर्ट दी, पर थानेदार ने हमें कहा कि तुम लोग झूठ बोल रहे हो, अब हमारे परिवार को रोज़ धमकी मिल रही है और बच्चे स्कूल नहीं जा पा रहे।",hinglish,"intimidation,fear,sadness,help_seeking"
"हमारी गांव की चौपाल में अब हम नहीं जा सकते, क्योंकि दबंगों ने हमें बाहर नहीं आने दिया, हम सब बेइज्जत महसूस कर रहे हैं।",hinglish,"sadness,hopelessness,anger"
"कुंआ से पानी नहीं मिला, क्योंकि गांव के बड़े लोग हमारे हाथपंप को बंद कर दिया, और जब हम शिकायत करने गए तो थानेदार ने कहा कि हम केस नहीं ले सकते, अब हम प्यास से मरने को हैं।",hinglish,"panic,hopelessness,help_seeking"
"थानेदार सुनता ही ना, रात को हमारे खलिहान के पास लाठी से धक्का मार के धमकी दे रहे हैं!",hi,"fear,intimidation,immediate_danger"
"हमारे टोले में सार्वजनिक हैंडपंप बंद कर दिया, दुकान वाले भी हमें देख के सामान नहीं बेचते, पूरी तरह से सामाजिक बहिष्कार और बेइज्जत हो रहे हैं।",hi,"sadness,anger,hopelessness"
"पुलिस वाले ने मेरी एफआईआर का कागज फाड़ दिया, दबंगों को पट्टा दे दिया, अब मैं क्या करूँ, मदद चाहिए।",hi,"anger,hopelessness,help_seeking"
"रात को लाठी से मारते हुए धक्का दिया, बच्चा भी डर के कांप रहा, हम सबको जलाने की धमकी दे रहे हैं, अब तो तुरंत खतरा है।",hi,"fear,intimidation,panic,immediate_danger"
"बाबूजी ने कहा कि हमारे कस्तूरिया लोग बाल नहीं काटेंगे, हमको नहाने का भी कोई साधन नहीं मिला, पूरी तरह से बेइज्जत हो रहे हैं।",hi,"sadness,anger,hopelessness"
"चौपाल में दबंगों ने हमारे खेत का रास्ता रोक दिया, हम तो रोज़ काम पर नहीं जा पाते, अब डर से बाहर नहीं निकल पा रहे।",hi,"fear,anger"
"DSP का वादा आया था, पर दो हफ्ते बीत गये, अभी तक नहीं आया, हम तो बेबस हैं, पुलिस की इनकार से निराश।",hi,"hopelessness,anger,help_seeking"
"दराज़ी दारू पीकर गाली-गलौज कर रहा, हमें मारने की बात बार-बार कर रहा, बच्चा रो रहा है, हम सबको डर है।",hi,"fear,intimidation,panic"
"ग्राम की दुकान में सब हमें देख कर कूदते हैं, सब्जी नहीं देते, हम तो भूखे मर रहे हैं, सामाजिक बहिष्कार का सामना कर रहे हैं।",hi,"sadness,hopelessness,anger"
"थाने में गया, थानेदार ने कहा कि अगर हम शिकायत करेंगे तो हमारे घर में आग लग जाएगी, अब डर के मारे नहीं बोल पा रहे।",hi,"intimidation,fear,immediate_danger"
"हमारे घर के सामने कच्ची मिट्टी की दीवार पर जलाने की बात की, रात को अंधेरे में लाइट नहीं चलती, हमें डर है कि आग लग जाएगी।",hi,"fear,panic,immediate_danger"
कृपया बताइए कि एएफआईआर दर्ज करने के लिए कौन से दस्तावेज़ चाहिए?,hi,others
"बाबू जी, कल रात हमारे टोले में दबंगों ने लाठी से मारपीट की, दो बच्चा रोते‑रोते भागे और हम सबको डर के मारे घर में बंद कर दिया, अब हमें तुरंत मदद चाहिए।",hi,"fear,intimidation,immediate_danger"
"हम गरीब लोगन के घर के पास के खलिहान को जला देने की धमकी मिली है, दारू पीकर गाली‑गलौज कर रहे दबंगों ने कहा अगर हम रोका नहीं तो आग लगा देंगे, सब लोग अब पैनिक में हैं।",hi,"panic,fear,immediate_danger"
"हमारे टोले में दबंगों ने हमारे खेत पर कब्ज़ा कर लिया, हमें सामाजिक बहिष्कार और जातिसूचक गालियों से बेइज्जत किया, अब हम बहुत गुस्सा और निराश हैं।",hi,"anger,hopelessness,sadness"
"बाबू जी, कल दो दिन से हमारे घर में दबंगों ने चाकू दिखा कर पट्टा माँगा, हम सब डर के मारे नहीं बोल पा रहे, कृपया मदद करें।",hi,"fear,intimidation,panic"
"14566 का कार्यालय किस समय खुला रहता है, कृपया बताइए ताकि हम अपनी शिकायत दर्ज करा सकें।",hi,others
"कानूनी सहायता के लिए कौन‑कौन से दस्तावेज़ चाहिए, हम चाहते हैं कि सभी आवश्यक काग़ज़ात की सूची मिल जाए।",hi,others
"हमने 12‑03‑2024 को दर्ज की गई एफआईआर का डॉकेट नंबर 56789 है, कृपया उसकी प्रगति की स्थिति बताइए।",hi,others
"थानेदार ने हमारी शिकायत को सुनते‑ही काग़ज़ फाड़ दिया और कहा कि हम दबंगों से समझौता कर ले, अब हमें बहुत गुस्सा और निराशा है।",hi,"anger,hopelessness,intimidation"
"डिएसपी साहब का वादा था कि वो आएँगे, लेकिन दो हफ्ते बीत गए और अभी तक नहीं आए, हम सब थक कर बैठ गए हैं, बहुत निराशा और उदासी है।",hi,"hopelessness,anger,sadness"
"थाने में हमारे फ़ाइल को तोड़‑फोड़ कर दिया गया और हमें दबंगों के साथ समझौता करने को कहा गया, अब हम बहुत गुस्से में और बेबस महसूस कर रहे हैं।",hi,"anger,hopelessness,intimidation"
"बाबू जी, हमारे गाँव के दबंगों ने कहा कि अगर हम रोका नहीं तो हमारी महिलाओं को मार डालेंगे, रात‑रात हमें धमकी दे रहे हैं, अब सबको बहुत डर लग रहा है।",hi,"fear,intimidation,immediate_danger"
"हमारे गाँव के कुएँ को बंद कर दिया गया है, पानी नहीं मिल रहा, लोग डर रहे हैं कि पानी न मिलने से सबका जीवन खतरे में पड़ जाएगा, हम बहुत पैनिक और निराश हैं।",hi,"panic,fear,hopelessness"
"Thanedhar complaint nahi le raha, FIR ka kagaz bhi phaad diya, ab humare bachche darr ke chhup rahe hain.",hinglish,"fear,intimidation,help_seeking"
"Accused bail pe aaya hai, haath mein bandook leke hamare gaon ki chhori ko dhamki de raha hai, hum sab ko bahut dar lag raha hai.",hinglish,"fear,intimidation,immediate_danger"
"PoA relief fund ka paisa ab tak nahi aaya, humari family ki roti kaise chalegi, kripya jald se jald check karein.",hinglish,"hopelessness,help_seeking"
"Meri beti ki scholarship ka paisa har mahine late aata hai, ab uski padhai ruk rahi hai, aap se nivedan hai ki jaldi process karein.",hinglish,"hopelessness,help_seeking"
"Hamare टोले ki sadak poori tarah kharaab hai, baarish me paani bhar jaata hai, DSP ne promise kiya tha par ab tak koi kaam nahi hua.",hinglish,"panic,hopelessness,help_seeking"
"Dhamki mil rahi hai case wapas lene ki, अगर हम FIR नहीं हटाएंगे तो हमारे घर में आग लगा देंगे, हम बहुत डरे हुए हैं.",hinglish,"fear,intimidation,immediate_danger"
"Daroga ne SC log ko FIR likhne se mana kar diya, दबंगों के साथ milkar फटकारा, अब क्या करें?",hinglish,"anger,hopelessness,help_seeking"
"Hamare bachche ko roz raat ko टोला में घुसकर गाली-गलौज सुनayi deti hai, आरोपी के साथी दारू पीकर गाली दे रहे हैं, हम बहुत परेशान हैं.",hinglish,"panic,fear,sadness"
"Gaon ke कुआँ ke paas drainage block ho gayi hai, barish me paani flood ho raha hai, थानेदार ne koi action nahi liya.",hinglish,"panic,help_seeking"
"Hamare parivar ko सामाजिक बहिष्कार ka samna karna pad raha hai, दबंगों ने कहा है कि हम गांव में नहीं रह सकते, मदद चाहिए.",hinglish,"fear,intimidation,hopelessness"
"Main pichhle mahine ka docket number dena chahta hoon, कृपया बताएं कि ab tak uski sthiti kya hai?",hinglish,others
"DSP ka visit promised tha lekin 2 hafte ho gaye, koi update nahi, hum abhi bhi दबंगों ke haathon mein phanse hain.",hinglish,"panic,hopelessness,help_seeking"
"मैं अभी घर के बाहर भीड़ और पत्थर फेंकते हुए दबंगों से घेर लिया गया हूँ, मदद चाहिए!",hi,"immediate_danger,fear,panic,help_seeking"
"पंचायत की चौपाल में मेरे ऊपर जातिसूचक गालियाँ दी गईं, सब लोग मुझे बेइज्जत कर रहे हैं, मैं बहुत उदास हूँ।",hi,"sadness,anger,hopelessness"
"हमारे पूर्वजों का पट्टे की जमीन (पट्टा) अब पड़ोसी ने अवैध कब्जा कर लिया है, उन्होंने खेत में ट्रैक्टर रख कर रास्ता बंद कर दिया।",hi,"anger,hopelessness,help_seeking"
"हमारे टोले को सामाजिक बहिष्कार का सामना करना पड़ रहा है, सब लोग हमारी मदद नहीं कर रहे, हम बेघर हो रहे हैं।",hi,"sadness,hopelessness,anger"
"बाबूजी, आज मंदिर में प्रवेश करने की कोशिश पर मुझे जातिसूचक शब्दों से पुकारा गया और बाहर निकाल दिया गया।",hi,"sadness,anger,hopelessness"
"मेरे घर के सामने दारू पीकर गाली-गलौज करने वाले लोग बंदूक लेकर खड़े हैं, दरवाजा बंद है, कृपया तुरंत भेजें!",hi,"immediate_danger,fear,panic,help_seeking"
"हमारे खेत में धूम्रपान करने वाले दबंगों ने फसल जला दी, हमें एफआईआर दर्ज कराने की जरूरत है, कृपया मदद करें।",hi,"anger,help_seeking,hopelessness"
"गाँव के कुएँ (हैंडपंप) को दबंगों ने बंद कर दिया, अब हमारे बच्चों को पानी नहीं मिल रहा, बहुत दुखी हैं।",hi,"sadness,hopelessness,help_seeking"
"बाजार में मेरे ऊपर जातिसूचक शब्दों के साथ धमकी दी गई, लोग मुझे देख कर हँसते हैं, मैं डर गया हूँ।",hi,"intimidation,fear,anger"
"पिछले दो महीने से हमारे टोले को सामाजिक बहिष्कार का सामना करना पड़ रहा है, थानेदार कभी नहीं आते, हम एफआईआर दर्ज कराने के लिए गुहार लगा रहे हैं, पर कोई सुनता नहीं।",hi,"hopelessness,anger,sadness,help_seeking"
"अब तो घर में दाँत तोड़ने वाले लोग घुस आए हैं, तुरंत मदद चाहिए!",hi,"immediate_danger,fear,panic,help_seeking"
कृपया बताइए कि मेरे द्वारा दर्ज की गई शिकायत की स्थिति क्या है?,hi,others
"बाबूजी, 14566 हेल्पलाइन के दफ़्तर के कामकाज़ के घंटे क्या हैं? बस एक बार पता कर लेना है।",hi,others
"किरपा करके बताइए, कानूनी मदद के लिये कौन‑कौन से दस्तावेज़ चाहिए, मेरे पास पट्टा और राशन कार्ड है।",hi,others
"मेरी एफआईआर का डॉकेट नंबर 2023/1456/07 है, इसकी प्रगति की जानकारी देना, गुहार है।",hi,others
"पंचायत की चौपाल में जब मैं अपनी बात रखी तो बड़े दबंग लोग जातिसूचक गालियां देके सरेआम बेइज्जत कर रहे, अब मन बहुत टूट गया है।",hi,"anger,sadness,hopelessness,help_seeking"
"हमारा टोला मंदिर में प्रवेश नहीं दिया, बड़े लोग धूम्रपान करके धमका रहे हैं, डर के मारे हम नहीं जा पा रहे।",hi,"intimidation,fear,anger,help_seeking"
"रास्ते पर जा रहा था तो दारू पीकर गाली‑गलौज वाले लोग मेरे ऊपर जाति की गालियां फेंक रहे, दिल धड़क रहा, तुरंत मदद चाहिए।",hi,"fear,intimidation,panic,help_seeking"
"हमारे बड़के दादा का पट्टा वाला खेत अब दबंगों ने ट्रैक्टर से खेत का रास्ता रोक दियो, हम नहीं निकल पा रहे, तुरंत मदद चाहिए।",hi,"anger,immediate_danger,help_seeking"
"ऊपर वाले जमींदार ने हमारे फसल को आग से जला दिया, अब खलिहान में कुछ भी बचा नहीं, डर से सो नहीं पा रहे।",hi,"panic,fear,hopelessness,help_seeking"
"हैंडपंप की ओर जाने वाला कुआँ अब बड़े लोग पत्थर रखके बंद कर दिया, पानी नहीं मिल रहा, हमें क्या करना चाहिए?",hi,"anger,help_seeking"
"थानेदार सुनता ही ना, हमने कई बार शिकायत की लेकिन अभी तक कोई कार्रवाई नहीं हुई, अब मन में गुस्सा और निराशा है।",hi,"anger,sadness,hopelessness,help_seeking"
"एफआईआर दर्ज करने के बाद मुझे फोन करके धमकी दी गई, कहा गया कि अगर वापस नहीं आया तो मौत हो जाएगी, मैं बहुत डरा हुआ हूँ।",hi,"intimidation,fear,immediate_danger,help_seeking"
"हमारे टोले को सामाजिक बहिष्कार का सामना करना पड़ रहा है, पानी और बिजली नहीं मिल रही, मन बहुत उदास है, कृपया मदद करें।",hi,"sadness,hopelessness,help_seeking"
"बाबू जी, हमारे टोले के सार्वजनिक कुएँ से पानी निकालना अब मना कर दिया गया है, दुकानदार और पम्प वाला भी हमें नहीं देखता, हम गरीब लोगन रोज़ी‑रोटी के लिये पानी नहीं पा रहे, कृपया मदद करें।",hi,"anger,sadness,hopelessness,help_seeking"
"हमारो नाई साहब ने कहा कि हमारे जाति के लोगन को बाल नहीं काटेगा, डर के मारे हम सब घर में ही रहे, दबंगों की धमकी से डर लग रहा है।",hi,"intimidation,fear,anger,help_seeking"
"हमारा टोला के दूकान में सब्जी‑फल नहीं मिल रहा, दुकानदार कहता है कि हम बेइज्जत लोगन हैं, अब हम पेट भर नहीं सकते, मदद की गुहार लगाते हैं।",hi,"panic,hopelessness,anger,help_seeking"
"14566 हेल्पलाइन के ऑफिस के समय कब‑कब खुला रहता है, कृपया बताइए।",hi,others
"कानूनी मदद के लिये कौन‑कौन से दस्तावेज़ चाहिए, हम सब को जानकारी चाहिए।",hi,others
"हमने जो एफआईआर दायर किया था उसका डॉकेट नंबर 2023/45/12 है, उसकी प्रगति की स्थिति पूछना है।",hi,others
"हमारे पूर्वजों का पट्टा वाला जमीन अब गाँव के दबंग लोगन ने अपने खेत में घुसा दिया है, हम लोगन को डर लग रहा है, कृपया जमीन वापस दिलाइए।",hi,"intimidation,fear,anger,help_seeking"
"पिछले रात को हमारे खेत में धुआँ उठ गया, कोई हमारे फसल को जला दिया, हम सब के पास कुछ भी नहीं बचा, अब हम बेबस हैं, मदद चाहिए।",hi,"panic,hopelessness,anger,help_seeking"
"हमारा ट्रैक्टर रास्ते में दबंगों ने रोक कर खड़ा कर दिया, चलाने नहीं दिया, हमें काम नहीं हो रहा, डर लग रहा है, कृपया सहायता दें।",hi,"intimidation,fear,help_seeking"
"खेत के रास्ते में बड़े पत्थर रखे हैं, जिससे हम धान नहीं ले जा पा रहे, रोज़ी‑रोटी की चिंता बढ़ गई है, मदद की गुहार।",hi,"sadness,hopelessness,help_seeking"
"हमारा टोला अब पूरी तरह से सामाजिक बहिष्कार का शिकार है, हर चौपाल में हमें बेइज्जत किया जाता है, डर और गुस्सा दोनों साथ है।",hi,"intimidation,fear,anger,sadness"
"रात को गाँव के दारू पीकर गाली‑गलौज करने वाले लोग हमारे घर के बाहर धूम्रपान कर धमकी दे रहे हैं, हमें तुरंत सुरक्षा चाहिए।",hi,"immediate_danger,intimidation,fear,help_seeking"
"बाबू जी, कल रात हमारे घर में दबंगों ने धक्का मारते हुए आग लगा दी, अब हम सब डर के मारे नहीं सो पा रहे।",hi,"panic,fear,immediate_danger"
"हम गरीब लोगन ने थाने में एफआईआर दर्ज करवाई, पर थानेदार ने कागज फाड़ दिया और अब रिपोर्ट नहीं मिली, डॉक्टर की जांच रिपोर्ट भी गायब है।",hi,"anger,hopelessness,help_seeking"
"पंचायत में जब मैं अपनी बात रखने गया तो ऊँचे वर्ग वाले लोगन ने जाटिसूचक गालियां दीं, कहा हम काली जाति के लोगन को यहाँ नहीं रहना चाहिए।",hi,"sadness,anger,hopelessness"
"हमारे टोले में एक बच्चा दंग से मार गिरा, पर दरोगा साहब ने कहा ‘बच्चे की बात नहीं सुनते’, अब हम मदद नहीं ले पा रहे।",hi,"intimidation,fear,help_seeking"
"बाबू जी, दुर्घटना में घायल हुए मेरे भाई का इलाज हो गया, पर पोर्टल पर अभी तक कोई मुआवजा नहीं आया, हम रोज़ी-रोटी के लिए परेशान हैं।",hi,"sadness,hopelessness,help_seeking"
"हमारी फैसलाकर्ता ने कहा कि हमें वकील नहीं मिलेगा, कोर्ट में जज ने भी कहा ‘किसी को मदद नहीं मिलेगी’, अब हम फँस गए हैं।",hi,"hopelessness,panic,help_seeking"
"गांव के मंदिर में प्रवेश करने की कोशिश की तो पुजारी ने कहा ‘तुम्हारी जाति यहाँ नहीं आती’, हमें बेइज्जत कर दिया, अब रोज़ की पूजा भी नहीं कर पाते।",hi,"sadness,anger,hopelessness"
"दबंगों ने हमें दारू पीकर गाली-गलौज की और कहा अगर हम शिकायत करेंगे तो हाथापाई करेंगे, इसलिए हम चुप हैं।",hi,"intimidation,fear,panic"
"हमने झगड़े के बाद थाने में शिकायत की, पर थानेदार ने कहा ‘एफआईआर नहीं लिखेंगे’, फिर भी हम डर के मारे रात नहीं सो पाते।",hi,"fear,hopelessness,help_seeking"
"हमारी शिकायत पर डीएसपी साहब अभी तक नहीं आए, दो हफ्ते हो गये, अब हम नहीं जानते क्या करना है।",hi,"others,hopelessness"
"हमारे टोले में मेरे भाई को नौकरी से निकाल दिया गया, कहा गया कि वह ‘दबंग’ है, अब वह सामाजिक बहिष्कार का शिकार है।",hi,"sadness,anger,hopelessness"
"गाँव के कुएँ का हैंडपंप टूट गया, पानी नहीं आ रहा, थाने में शिकायत लिखवाई पर कोई नहीं आया, रोज़ी-रोटी के लिए पानी की कमी से परेशान हैं।",hi,"panic,help_seeking,others"
"भाई साहब, अभी हमारे बस्ती के चारों ओर दबंगों ने पत्थर फेंक रहे हैं, दरवाज़े अंदर से बंद कर रखे हैं, तुरंत मदद चाहिए!",hinglish,"immediate_danger,panic,fear,help_seeking"
"पिछली रात को हमारे घर में लाठी से मारपीट हुई, महिलाओं को गाली-गलौज के साथ धमकी दी गई, अब सब लोग बहुत डर रहे हैं.",hinglish,"intimidation,fear,anger,help_seeking"
"हमारी माँ को गाँव के मंदिर में प्रवेश नहीं दिया गया, कहा गया ‘तुम्हारी जाति के लोग यहाँ नहीं आ सकते’, सब ने हमें बेइज्जत किया.",hinglish,"sadness,anger,intimidation,hopelessness"
"भाई, हमारे घर के दरवाज़े पर धातु की छड़ें रखी हैं, अभी तोड़-फोड़ शुरू हो रही है!",hinglish,"panic,immediate_danger,fear,help_seeking"
"पिछले दिन हमारे बेटे को गाँव के दबंगों ने लाथी मार कर गिरा दिया, अब वो खून खा रहा है, हम नहीं जानते क्या करना है.",hinglish,"fear,sadness,anger,help_seeking"
"दारू पीकर लोग मेरे ऊपर गाली-गलौज कर रहे हैं, कहा है अगर FIR नहीं दायर किया तो घर जलाकर रख देंगे.",hinglish,"intimidation,fear,panic,help_seeking"
"हमारी माँ को दुकान में प्रवेश नहीं दिया गया, कहा गया कि वह ‘छोटी जाति’ की है, सब लोग हँस पड़े और हमें बेइज्जत किया.",hinglish,"sadness,anger,hopelessness,intimidation"
"हमारे टोले को पंचायत ने सामाजिक बहिष्कार कर दिया, हर कोई हमें देख कर हाथ उठाता है, अब रोज़ डरते हैं.",hinglish,"fear,hopelessness,sadness,intimidation"
"थानेदार ने कहा ‘मैं नहीं ले सकता’, फिर भी हम अभी भी दबंगों के हाथों में हैं, कोई मदद नहीं कर रहा.",hinglish,"hopelessness,anger,help_seeking,intimidation"
"रात को मेरे बच्चे को दहाड़ते हुए आवाज़ें सुनाई दीं, बाहर कुछ लोग लाठी लेकर खड़े थे, हम बहुत डरे हुए हैं.",hinglish,"fear,panic,immediate_danger,help_seeking"
"हमारी खलिहान को जलाने की धमकी दी जा रही है, अगर हम जमीन नहीं देंगे तो आग लगा देंगे, बहुत डर लग रहा है.",hinglish,"intimidation,fear,hopelessness,help_seeking"
"कृपया बताइए, हमारे केस का एफआईआर नंबर क्या है और कब तक अपडेट मिलेगा?",hinglish,others
"बाबू जी, हमारे बेटे के ऊपर दबंगों ने बंधक बना लिया है, उन्होंने कहा कि अगर हम एफआईआर नहीं खींचेंगे तो हाथापाई करेंगे, अब हम रात‑रात डर के मारे नहीं सो पाते।",hi,"fear,intimidation,panic,help_seeking"
"हम गरीब लोगन के बच्चन को रोज़ी‑रोटी कमाने के लिए खेत में ले जा रहे हैं, पर वही दबंग लोग हर शाम उनके पीछे ट्रैक्टर की आवाज़ से घूरते हैं, हमें डर है कि कुछ हो जाएगा।",hi,"fear,intimidation,immediate_danger,help_seeking"
"पंचायत की चौपाल में जब हम अपना पट्टा दिखाने गए, तो बड़े बड़े दबंगों ने जातिसूचक गालियां दीं और कहा कि हम जैसे लोगन को यहाँ रहने की इजाज़त नहीं।",hi,"anger,sadness,hopelessness"
"बाबू जी, मंदिर के द्वार पर हमें रोक दिया गया, कहा गया कि हमारे टोले के लोगन को पूजा में नहीं बुलाया जाएगा, इससे हम बेइज्जत महसूस कर रहे हैं।",hi,"sadness,anger,hopelessness"
"पुलिस ने हमारे खिलाफ झूठी क्रॉस‑एफआईआर दायर कर दी, अब डॉक्टर का मेडिकल रिपोर्ट भी नहीं मिला, हम न्याय की गुहार लगा रहे हैं।",hi,"hopelessness,anger,help_seeking"
"थाने‑कचहरी में हमने वकील की मदद मांगी, पर कोई मुफ्त वकील नहीं मिला, अब हम नहीं जानते कैसे लड़ेंगे।",hi,"hopelessness,help_seeking"
"ऑनलाइन पोर्टल पर हमारा नुकसान का मुआवजा अभी तक नहीं आया, कई महीने हो गए, रोज़ी‑रोटी चलाने में दिक्कत हो रही है।",hi,"hopelessness,anger,help_seeking"
"हमारे टोले को गांव के बड़े लोग सामाजिक बहिष्कार कर रहे हैं, कोई भी दाल‑चावल नहीं देता, हम बहुत दुखी हैं।",hi,"sadness,hopelessness,anger"
"रात को दारू पीकर गाली‑गलौज करने वाले दबंग हमारे घर के सामने खड़े होते हैं, उन्होंने कहा कि अगर हम आवाज़ उठाएंगे तो हम पर हाथ उठाएंगे।",hi,"fear,intimidation,immediate_danger,help_seeking"
"थानेदार ने कहा कि हम तुरंत रिपोर्ट नहीं लिख सकते, पर हमें अभी भी डर है कि वही लोग फिर से हमला करेंगे, कृपया तुरंत मदद करें।",hi,"immediate_danger,fear,help_seeking"
"बाबू जी, हमने दो महीने पहले एफआईआर दर्ज करवाई थी, अब तक कोई कार्रवाई नहीं हुई, कृपया स्थिति बताइए।",hi,"others,help_seeking"
"हमारी खलिहान के पास के कुएँ की मरम्मत का काम अभी तक नहीं हुआ, पानी नहीं आ रहा, रोज़ी‑रोटी के लिये पानी की जरूरत है, कृपया जल्दी देखिए।",hi,"others,help_seeking"
"भाई, कल रात हमारे खेत में धुआँ उठ गया, धूम्रपान कर रहे थे और कहा कि अगर FIR नहीं दायर करेंगे तो सब कुछ जल जाएगा।",hinglish,"fear,intimidation,immediate_danger,help_seeking"
"हमारे दादा जी का पुराना पट्टा आजकल दबंगों ने ले लिया, उन्होंने हमारे कुत्ते को भी मार दिया और कहा कि अब हम यहाँ नहीं रह सकते।",hinglish,"anger,fear,hopelessness,help_seeking"
"पंचायत में जब मैं बोला तो वो सब ने मुझे 'जैतीसुचक' कह कर बेइज्जत किया, अब मैं बहुत डर रहा हूँ।",hinglish,"sadness,fear,intimidation,help_seeking"
"हमारी बेटी को स्कूल से निकाल दिया गया क्योंकि वह SC है, टीचर ने धाकड़ गालियां दीं और कहा कि वो हमारे टोले में नहीं आनी चाहिए।",hinglish,"sadness,anger,hopelessness,help_seeking"
"रात को हमारे घर के सामने वाले रास्ते पर धातु की छड़ी से लाठी मारते हुए दो लोग आए, उन्होंने कहा अगर हम शिकायत नहीं करेंगे तो हम फिर से आएंगे।",hinglish,"intimidation,fear,immediate_danger,help_seeking"
"हमारे खेत के बीच में एक नया रास्ता बना दिया गया है, लेकिन वो रास्ता हमारे जल स्रोत वाले कुएँ को ब्लॉक कर रहा है, अब पानी नहीं मिल रहा, और गाँव के बड़े लोग हमें रोक रहे हैं।",hinglish,"panic,hopelessness,anger,help_seeking"
"बाबूजी, हमारे गाँव में नया मंदिर बन रहा है, पर हमें अंदर जाने नहीं दिया जा रहा, दरवाजे पर 'SC नहीं आ सकते' लिखा है।",hinglish,"sadness,anger,intimidation,hopelessness"
"पिछले हफ्ते हमारे खेत में हमारे ही लोग आए और हमारी फसल को आग से जलाया, कहा कि अगर हम इस बात को नहीं बताएंगे तो अगली बार और भी बुरा होगा।",hinglish,"fear,intimidation,immediate_danger,help_seeking"
"हमारी पत्नी को बाजार में जाति की गालियां दी गईं, लोग कह रहे थे 'तुम्हारी माँ के घर में क्या है' और हमें घर ले गए तो डर लग रहा है।",hinglish,"sadness,fear,intimidation,help_seeking"
"हमारी जमीन पर पड़ोसी ने अपना बाड़ा लगा दिया, हमारे ट्रैक्टर को रोक दिया और कहा कि अब हम इस जमीन पर नहीं जा सकते, अगर हम FIR नहीं दायर करेंगे तो हम और भी दबंग बनेंगे।",hinglish,"intimidation,anger,fear,help_seeking"
"रात को हमारे घर के सामने दारू पीकर गाली-गलौज करने वाले लोग आए, उन्होंने कहा कि अगर हम पुलिस को नहीं बुलाएंगे तो हम सबको मार डालेंगे।",hinglish,"immediate_danger,intimidation,fear,panic"
"हमारी बेटी का शादी का प्रस्ताव रद्द कर दिया गया क्योंकि वह SC है, दूल्हे के परिवार ने हमें धमकी दी कि अगर हम इस बात को नहीं छुपाएंगे तो हमारे पूरे टोले को जलाया जाएगा।",hinglish,"sadness,fear,intimidation,hopelessness"
"हाथपंप से पानी नहीं आया, सब हमें बेइज्जत कर रहे हैं, मदद करो!",hi,"panic,fear,help_seeking"
"सरपंच ने हमारे जंगल‑जमीन के अधिकार को खारिज कर दिया, अब दुकान वाले भी हमें नहीं खरीदते, दाढ़ी वाले दारू पीकर गाली‑गलौज करते हैं, हम पूरी तरह से सामाजिक बहिष्कार का सामना कर रहे हैं।",hi,"anger,sadness,hopelessness,help_seeking"
"जब हमने थानेदार को शिकायत दी तो उसने हमारे कागज फाड़ दिया और कहा कि दबंगों से समझौता कर लो, अब एफआईआर नहीं बना रहा, हमें डर लग रहा है।",hi,"intimidation,fear,hopelessness,help_seeking"
"मेरे बेटे की स्कॉलरशिप दो महीने से नहीं आई, चौपाल में पूछताछ करने पर भी सरपंच कहता है कि विभाग की दिक्कत है, अब हम बहुत परेशान हैं।",hi,"sadness,hopelessness,help_seeking"
"पिछले हफ्ते से हमारे खेत में मजदूरी रोकी गई, सरपंच ने पट्टा लेकर हमें काम नहीं दे रहा, हम भूख से मरने को हैं।",hi,"anger,panic,hopelessness,help_seeking"
"कहते हैं हमको गाँव से अलग कर दिया, अब हम तो खलिहान के पास ही रह रहे हैं, कोई भी हमें पानी नहीं देता, बहुत बेइज्जत महसूस कर रहे हैं।",hi,"sadness,hopelessness,intimidation,help_seeking"
"हमारे टोले की नाली टूट गई है, बारिश में गंदा पानी घर में आ रहा है, लेकिन सरपंच ने कहा कि काम अगले महीने तक नहीं होगा, कृपया जल्दी करो।",hi,"others,sadness"
"डिस्प के आने में दो महीने हो गए, अभी भी कोई कार्रवाई नहीं हुई, थानेदार हमें धमकी देता रहता है, हमें डर है कि फिर से कुछ हो जाएगा।",hi,"fear,intimidation,hopelessness,help_seeking"
"गांव के दुकान वाले हमें नहीं खरीदते, और सार्वजनिक कुआँ से भी पानी नहीं देते, कह रहे हैं कि हम दबंग नहीं हैं, हमें बहुत दुख हो रहा है।",hi,"sadness,anger,help_seeking"
"वन विभाग के लोग हमारे जंगल‑जमीन पर बिना पट्टा के कटाई कर रहे हैं, सरपंच ने भी कुछ नहीं कहा, अब हम डर के मारे खेत नहीं जोत पा रहे हैं।",hi,"fear,intimidation,anger,help_seeking"
"पॉइंट ऑफ़ असिस्टेंस का राहत फंड अभी तक नहीं मिला, हमारे परिवार की रोज़मर्रा की जरूरतें पूरी नहीं हो पा रही हैं, सरपंच कहता है कि फॉर्म अभी तक नहीं आया।",hi,"hopelessness,sadness,help_seeking,others"
"आज रात जंगल में दारू पीकर गाली‑गलौज करने वाले दबंग हमारे घर पर आए, हम तुरंत मदद चाहते हैं!",hi,"immediate_danger,fear,help_seeking"
"Sir, 14566 office ka timing kya hai? Kab tak hum call kar sakte hain?",hinglish,others
"Legal aid ke liye kaun kaun se documents chahiye, bataiye? Humare paas Aadhar aur ration card hai.",hinglish,others
"Mera docket number 2023/4567 ka status check karna hai, ab tak koi update nahi aaya.",hinglish,others
"हमारे टोले का सार्वजनिक हैंडपंप अब से दबंगों ने बंद कर दिया, पानी नहीं दे रहे, और हमें डर है कि अगर हम पूछेंगे तो और धमकी मिलेगी।",hinglish,"fear,intimidation,help_seeking"
"गाँव की दूकान वाले मेरे पास से सब्जी नहीं बेच रहे, कहते हैं हमारे कुटुंब को सामाजिक बहिष्कार दिया गया है, बहुत गुस्सा आ रहा है।",hinglish,"anger,sadness,hopelessness"
"बार्बर ने कहा कि हमारे बाल काटना नहीं है, कहा हम बेइज्जत हैं, अब हम कंघी भी नहीं कर पाते, बहुत गुस्सा और दुख है।",hinglish,"anger,sadness"
"पॉआ रिलीफ़ फंड का पेमेंट दो महीने से नहीं आया, हम बहुत परेशान हैं, मदद चाहिए, नहीं तो हम और भी निराश हो जाएंगे।",hinglish,"hopelessness,anger,help_seeking"
"मेरी बेटी की स्कॉलरशिप अभी तक ट्रांसफर नहीं हुई, कई बार फ़ोन किया लेकिन कोई जवाब नहीं, अब हमें बहुत उदास और निराशा महसूस हो रही है।",hinglish,"hopelessness,sadness,help_seeking"
"हमारे टोले की मुख्य सड़क में गड्ढा है, ट्रैक्टर ने भी नहीं चलाया, कृपया जल्दी से मरम्मत करवाएँ, नहीं तो लोग गुस्से में आ जाएंगे।",hinglish,"anger,help_seeking"
"टोले में नाली टूट गई है, बारिश में पानी भर रहा है, लोग गिरते हैं, हमें डर है कि कोई गंभीर चोट नहीं हो जाएगी, कृपया जल्दी मदद भेजें।",hinglish,"fear,help_seeking,immediate_danger"
"भाई, दबंगों ने कहा है केस वापस लेने की धमकी दी, अब हम पैनिक में हैं, अगर कुछ नहीं हुआ तो तुरंत खतरा है।",hinglish,"panic,intimidation,fear,immediate_danger"
"हमारे गाँव के कुएँ को बंद कर दिया गया, अब पानी नहीं मिल रहा, लोग हमें बेइज्जत कर रहे हैं, हम बहुत डरते हैं और मदद की गुहार लगा रहे हैं।",hinglish,"fear,sadness,hopelessness,help_seeking"
"भाई, कल रात घर में लाठी से मार रहे थे, अब तो डर के मारे सो नहीं पा रहा!",hinglish,"immediate_danger,fear,panic"
"हमारे पिता पर झूठी क्रॉस‑FIR दायर कर दी गई है, मेडिकल रिपोर्ट भी नहीं मिली और वकील भी नहीं दिया, पोर्टल पर मुआवजा अभी भी pending है।",hinglish,"hopelessness,anger,help_seeking"
"डरावनी आवाज़ों में कहा गया कि अगर केस नहीं लेता तो घर जलाकर रख देंगे, बच्चा भी बेइज्जत हो रहा है।",hinglish,"intimidation,fear,immediate_danger"
"हमारे गाँव की दुकानें अब हमें नहीं बेचती, दादी को भी पानी के हैंडपंप से पानी नहीं मिल रहा, सब लोग हमें सामाजिक बहिष्कार कर रहे हैं।",hinglish,"sadness,hopelessness,help_seeking"
"बाबूजी, हमारे टोले का नाई भी अब कतराने से इनकार कर रहा है, कहता है हम दबंगों को नहीं चाहते।",hinglish,"sadness,anger,hopelessness"
"कृपया बताइए, हमारी FIR का नंबर क्या है और अगले कदम क्या होने चाहिए?",hinglish,others
"रात को जब मैं घर आया तो दो लोग दारू पीकर गाली‑गलौज कर रहे थे, कहा कि अगर केस नहीं लेगा तो लाश बना देंगे।",hinglish,"intimidation,fear,immediate_danger"
"हमारी मम्मी की दुर्घटना का मुआवजा पोर्टल पर अभी तक नहीं आया, कई बार कॉल किया पर कोई जवाब नहीं मिला।",hinglish,"hopelessness,anger,help_seeking"
"पिछले हफ्ते गाँव के दबंगों ने हमें लाथी मार कर खेत से बाहर निकाल दिया, अब हम खेत में काम नहीं कर पा रहे।",hinglish,"intimidation,fear,panic"
"हमारी टोलिया का कुआँ बंद कर दिया गया, पानी नहीं मिल रहा, लोग हमें पानी नहीं दे रहे, बहुत बेइज्जत महसूस कर रहे हैं।",hinglish,"sadness,hopelessness,help_seeking"
"थानेदार ने कहा कि हमें वकील नहीं मिलेगा, फिर भी केस ले लो, हम तो बस मदद चाहते हैं।",hinglish,"hopelessness,help_seeking,anger"
"भाई, अभी घर में आग लगने वाली है, तुरंत मदद करो!",hinglish,"immediate_danger,panic,help_seeking"
"बाबूजी, हमारे घर के बाहर दबंगों ने तोला घेर लिया है, पत्थर फेंक रहे हैं, हथियार दिखा रहे हैं, दरवाज़े अंदर से बंद कर रखे हैं, कृपया तुरंत मदद भेजें।",hi,"immediate_danger,fear,panic,help_seeking"
"थानेदार साहब ने हमारी एफआईआर दर्ज करने से इनकार कर दिया, शिकायत का काग़ज़ फाड़ दिया और हमें दबंगों के साथ समझौता करने को कहा, अब हमें क्या करें?",hi,"anger,intimidation,hopelessness,help_seeking"
"हमारे बेटे की चोट का मेडिकल रिपोर्ट नहीं मिला, और हमारे खिलाफ झूठी क्रॉस‑एफआईआर दर्ज कर दी गई, पोर्टल पर देय मुआवजा भी अभी तक नहीं आया, बहुत निराश हूँ।",hi,"sadness,anger,hopelessness"
"हमारी पट्टे की जमीन पर दबंगों ने अवैध कब्जा कर लिया है, हमें धमकी दी कि अगर शिकायत करेंगे तो खलिहान जलाकर मार डालेंगे, कृपया मदद करें।",hi,"intimidation,fear,anger,help_seeking"
"जातिसूचक शब्द कह कर हमें सामाजिक बहिष्कार का सामना करना पड़ रहा है, अब गांव की चौपाल में भी हम बेइज्जत महसूस करते हैं, कोई सुन रहा है?",hi,"sadness,hopelessness,intimidation,help_seeking"
"डॉ. साहब के घर के पास दाकू मंडली ने धूम्रपान कर धमकी दी, लेकिन डीएसपी की विज़िट अभी तक नहीं हुई, रात को डर के मारे नहीं सो पा रहे।",hi,"panic,fear,hopelessness,help_seeking"
"एफआईआर दर्ज कराने के लिए हमें वकील नहीं मिला, थानेदार ने कहा कि हम समझौता कर लें, अब हम बहुत गुस्से में हैं।",hi,"anger,hopelessness,intimidation"
"हैंडपंप के पास दारू पीकर गाली‑गलौज करने वाले लोग लगातार धमकी दे रहे हैं, बच्चों को डर लग रहा है, कृपया सुरक्षा भेजें।",hi,"fear,intimidation,panic,help_seeking"
"हमारे गांव के कुएँ पर दबंगों ने निजी घर बना लिया है, हमें पानी नहीं मिल रहा, पंचायत ने कोई कार्रवाई नहीं की, बहुत निराश हूँ।",hi,"sadness,anger,hopelessness"
"हमारी बेटी पर बलात्कार हुआ, लेकिन पुलिस ने मेडिकल जांच नहीं करवाई, रिपोर्ट भी नहीं मिली, अब हमें क्या करना चाहिए?",hi,"sadness,anger,hopelessness,help_seeking"
"थाने में शिकायत लिखते ही थानेदार ने काग़ज़ फाड़ दिया और कहा कि बड़े अधिकारी को जाना पड़ेगा, अब हम डर के मारे चुप हैं।",hi,"intimidation,anger,hopelessness,help_seeking"
"गुहार है, हमारे गाँव में पानी दूषित है और दो बच्चे मर गए, लेकिन पुलिस कहती है कोई केस नहीं बना सकती, कृपया तुरंत एफआईआर दर्ज करें।",hi,"sadness,panic,help_seeking"
"बाबू जी, हम गरीब लोगन के PoA राहत फंड के पैसा अब तक नहीं मिला, दो महीने से इंतजार कर रहे हैं, कब मिलेगा?",hi,"others,hopelessness"
"बाबूजी, हमारे बच्चा के स्कॉलरशिप अभी तक नहीं पहुंची, कई महीने हो गए, हमरे पास रोज़ी-रोटी के लिए और क्या बचेगा?",hi,"others,sadness,hopelessness"
"हमार टोला के नाली टूटल बा, बरसात में पानी भर के घर में घुस जाता, थाने-कचहरी से मदद नहीं मिल रहल, कब ठीक होई?",hi,"others,anger,sadness"
"बाबू जी, अभी हमारे बस्ती के चारो ओर दबंग लोग पत्थर फेंक रहे हैं, हथियार लेके घेर लिए हैं, दरवाजा बंद, तुरंत पुलिस बचाव चाहिए!",hi,"immediate_danger,fear,panic,help_seeking"
"हमरे घर के बाहर दहाड़ते दबंग लोग हथियार लेके खड़े हैं, बच्चा रो रहा है, दरवाजा बंद है, हमसे बात नहीं कर रहे, कृपया जल्दी भेजिए!",hi,"immediate_danger,fear,panic,help_seeking"
"हमार बड़का पत्ता जमीन पर पड़ोसी दबंग लोग पट्टा बनाकर खेती कर रहे हैं, हमनी के अधिकार छीन रहे हैं, कब रोका जाएगा?",hi,"intimidation,anger,sadness"
"कल रात हमारे खेत में दारू पीकर गाली-गलौज करने वाले लोग फसल जलाए, अब हमारे पास कोई धान नहीं बचा, बहुत गुस्सा है!",hi,"anger,sadness,fear"
"हमार खेत के रास्ता ट्रैक्टर से बंद कर दिया, अब धान नहीं ले जा पा रहे, रोज़ी-रोटी के लिए बहुत मुश्किल हो गई है।",hi,"intimidation,anger,hopelessness"
"पिछले महीने दायर किया गया एफआईआर का अपडेट नहीं मिला, अभी तक कोई सूचना नहीं, कब तक इंतजार करना पड़ेगा?",hi,"others,hopelessness"
"हमार गांव के कुआँ टूटल बा, पानी नहीं निकल रहा, हाथापाई से भी ठीक नहीं हो रहा, थानेदार से गुहार लगाते हैं, मदद चाहिए।",hi,"others,help_seeking,sadness"
"हमार परिवार के सामाजिक बहिष्कार कइले बाड़न, गांव में कोई मदद नहीं कर रहा, हम बेइज्जत महसूस कर रहे हैं, क्या किया जाए?",hi,"sadness,hopelessness,intimidation"
"थाने में हमनी के केस बनवले बाड़न, दबंग लोगन की गाली-गलौज सुनाई दे रही है, हमें न्याय चाहिए, बहुत गुस्सा है।",hi,"anger,intimidation,sadness"
"भाई साहब, 14566 हेल्पलाइन का काम का समय कब‑से कब तक रहता है?",hi,others
"कौन‑कौन से कागज़ात चाहिए कानूनी मदद के लिये, बताइए?",hi,others
"मेरे केस का डॉकेट नंबर 2023/0456 का स्टेटस क्या है, कृपया जानकारी दें।",hi,others
"सरपंच और वन विभाग के लोग हमारे पितर के पैट्टा वाले जंगल‑जमीन पर बिन बुलाए घुस गए, धाकड़ गालियां दे रहे हैं, हमें डर लग रहा है।",hi,"intimidation,anger,fear"
"कल रात हमारे खेत में जंगल विभाग ने आग लगा दी, हमारे जंगल‑जमीन का अधिकार छीन लिया, अब हम सब पैनिक में हैं, मदद चाहिए।",hi,"panic,fear,help_seeking"
"सरपंच ने हमारे ट्रैक्टर को रोक दिया, कहा कि वन विभाग का काम है, अब रास्ता बंद है, हमको आशा नहीं बची।",hi,"hopelessness,anger,intimidation"
"हमारी मजदूरी रोकी गई है, रोज़गार वाले लोग अब नहीं देते, परिवार में बहुत दुख है, कृपया मदद करें।",hi,"sadness,anger,help_seeking"
"हमको गाँव से अलग कर दिया गया, चौपाल में जातिसूचक गालियां सुननी पड़ती हैं, अब हम बेइज्जत महसूस कर रहे हैं, कोई सहारा चाहिए।",hi,"sadness,hopelessness,help_seeking"
"वन विभाग के कुछ लोग दारू पीकर गाली‑गलौज कर रहे हैं, हमें धमकी दे रहे हैं, अब तुरंत सुरक्षा चाहिए।",hi,"immediate_danger,intimidation,fear"
"टोलाकी में मंदिर में प्रवेश नहीं दिया गया, लोग हमें जातिसूचक गाली दे रहे हैं, बहुत गुस्सा और दुख है।",hi,"anger,sadness,intimidation"
"गुहा में हमारा हैंडपंप बंद कर दिया, पानी नहीं मिल रहा, खेत सूख रहे हैं, मदद करो।",hi,"help_seeking,fear"
"थानेदार ने हमें पीटा, हम एफआईआर दर्ज करवाना चाहते हैं, अभी भी डर है, कृपया तुरंत मदद करें।",hi,"immediate_danger,panic,help_seeking"
"भाई, हमारे कुएँ (हैंडपंप) से पानी नहीं मिल रहा, दबंगों ने कहा कि हमारी जाति को पानी नहीं मिलेगा, अब डर लग रहा है।",hinglish,"fear,immediate_danger,help_seeking"
"हमारी गाँव की दुकान पर सब्जी नहीं मिल रही, दुकानदार ने कहा 'सामाजिक बहिष्कार है, तुम लोग नहीं खरीदोगे', अब हम भूखे मरेंगे।",hinglish,"sadness,anger,hopelessness,help_seeking"
"बार्बर ने कहा कि हमारे टोले के लोग यहाँ नहीं आएँ तो कटा नहीं देगा, दारू पीकर गाली-गलौज कर रहा है, हम बेइज्जत हो रहे हैं।",hinglish,"sadness,intimidation,hopelessness,help_seeking"
"थानेदार ने हमारी एफआईआर का कागज फाड़ दिया, कहा बड़े दबंगों को नहीं लेगा, अब क्या करें?",hinglish,"anger,intimidation,hopelessness,help_seeking"
"डारोगा कह रहा है केस नहीं लेगा, हमें दबंगों के साथ समझौता कर ले, हम डर के मारे नहीं बोल पा रहे।",hinglish,"fear,intimidation,panic,help_seeking"
"डीएसपी जी का वादा था 2 दिन में आएँगे, अब 10 दिन हो गए, कोई नहीं सुन रहा, हम बेबस हैं।",hinglish,"sadness,anger,others"
"हमारी माँ पर झूठी क्रॉस-एफआईआर दर्ज हो गई है, पुलिस हमें ही गुनहगार बना रही है, अब हम बेइज्जत हैं।",hinglish,"anger,intimidation,hopelessness,help_seeking"
"हॉस्पिटल ने हमारे मेडिकल रिपोर्ट नहीं दी, केस में सबूत नहीं है, अब क्या होगा?",hinglish,"panic,hopelessness,help_seeking"
"हमारे पास लीगल एड नहीं है, सरकारी वकील नहीं मिल रहा, केस लड़ नहीं पा रहे, बहुत निराश हैं।",hinglish,"hopelessness,sadness,help_seeking"
"ऑनलाइन पोर्टल पर हमारे नुकसान की रक़म अभी तक नहीं आई, कई महीने हो गए, हमें क्या करना चाहिए?",hinglish,"sadness,anger,help_seeking"
"पूरा टोला हमें बाहर नहीं जाने देता, दारू पीकर गाली-गलौज कर रहे हैं, हम घर में बंद हैं, बहुत डर लग रहा है।",hinglish,"fear,intimidation,hopelessness,help_seeking"
"रात को दबंगों ने हमारे घर पर आग लगा दी, अब हम बच नहीं पा रहे, तुरंत मदद चाहिए।",hinglish,"immediate_danger,panic,fear,help_seeking"
"बाबूजी, हमारे गाँव में PoA राहत फंड का पेमेंट दो महीने से नहीं आया, हर बार कह रहे हैं ‘दस्तावेज़ देखो’, हम तो बेइज्जत हो रहे हैं।",hinglish,"hopelessness,anger,help_seeking"
"छात्रा को स्कॉलरशिप की रकम अभी तक नहीं मिली, कॉलेज में फीस भरने को कह रहे हैं, हम तो पूरी तरह से फँसे हुए हैं।",hinglish,"panic,hopelessness,help_seeking"
"हमारे टोले की नाली टूट गई है, बारिश में पानी भर जाता है, लेकिन पंचायत अभी तक मरम्मत नहीं कर रही, कब तक इंतजार करेंगे?",hinglish,others
"दबंगों ने हमारे दादा के पट्टा वाले खेत पर कब्जा कर लिया है, अब हम खेत में नहीं जा पा रहे, रोज़ धमकी मिल रही है।",hinglish,"fear,intimidation,anger,help_seeking"
"कल रात हमारे खलिहान में फसल को आग से जला दिया गया, धुएँ में हम सब बेहोश हो गए, अब क्या करेंगे?",hinglish,"panic,fear,hopelessness,help_seeking"
"हमारी कृषि मार्ग को दबंगों ने रोका है, ट्रैक्टर नहीं चल पा रहा, खेत तक पहुँच नहीं पा रहे, रोज़ गाली-गलौज सुनते हैं।",hinglish,"intimidation,fear,help_seeking"
"टोले में दबंगों ने ट्रैक्टर को पट्टा से बंधा कर रख दिया, बाहर निकलते ही दारू पीकर गाली-गलौज करते हैं, हम तो बहुत डर रहे हैं।",hinglish,"fear,intimidation,anger"
"बिलासपुर के आरोपी अभी बॉल पर है, हथियार लेकर घूम रहा है, रात को हमारे घर के पास आया, तुरंत मदद चाहिए।",hinglish,"immediate_danger,fear,intimidation,help_seeking"
"हमारी बेटी को धमकी दी गई है कि अगर FIR वापस नहीं ली तो परिवार को बेइज्जत करेंगे, बच्चा रोज़ डर के मारे रोता है।",hinglish,"intimidation,fear,panic,help_seeking"
"दबंग लोग हमारे बच्चों को रोज़ स्टॉकिंग कर रहे हैं, स्कूल से भी नहीं जाने दे रहे, हम बहुत घबराए हुए हैं।",hinglish,"intimidation,fear,panic"
"हमारी सामाजिक बहिष्कार की वजह से गांव में कोई भी हमें नहीं मानता, हम बेइज्जत और उदास हैं।",hinglish,"sadness,hopelessness,anger"
"पिछले महीने दायर की गई शिकायत का डॉकेट नंबर 14566/2023 है, कृपया अपडेट दें।",hinglish,others
"बाबू जी, हमरे घर के चारो ओर दबंग लोगन ने पत्थर फेंकना शुरू कर दिया है, दरवाज़ा बंद कर के हथियार लेकर खड़ा हैं, तुरंत पुलिस की मदद चाहिए, हम सब डर के मारे कांप रहे हैं।",hi,"immediate_danger,panic,fear,help_seeking"
"रात के अंधियारे में हमारे टोले की महिला पर लाठी से हाथापाई हुई, दबंगों ने दारू पीकर गाली‑गलौज की और फिर धमकी दी कि फिर नहीं आएँगे तो घर जलाएंगे, हमें पुलिस की तुरंत सहायता चाहिए।",hi,"intimidation,fear,anger,help_seeking"
"बाबू जी, कल शाम को हमारे घर के सामने कुछ दबंगों ने आग लगाने की धमकी दी, उन्होंने कहा कि अगर हम शिकायत करेंगे तो खलिहान जला देंगे, अब बहुत डर लग रहा है।",hi,"fear,intimidation,panic,help_seeking"
"हम गरीब लोगन को पोएट्री ऑफ़ एग्रीकल्चर (PoA) राहत निधि का भुगतान दो महीने से नहीं मिला, कई बार थाना‑कचहरी में गुहार लगाई पर कोई जवाब नहीं मिला, अब रोज़ी‑रोटी की चिंता है।",hi,"sadness,hopelessness,anger,others"
"बाबू जी, मेरा बेटा स्कॉलरशिप का पैसा अभी तक नहीं मिला, कई बार दफ़्तर में जाँच करवाई पर कोई कार्रवाई नहीं हुई, हम बहुत निराश हैं।",hi,"sadness,hopelessness,others"
"हमारे टोले की मुख्य सड़क पर जल निकासी का पाइप टूट गया है, बारिश में पानी भर कर बाढ़ आ रही है, लेकिन थाना‑कचहरी ने अभी तक कोई मरम्मत नहीं की, मदद चाहिए।",hi,"sadness,hopelessness,others"
"पिछले महीने हमने दबंगों के खिलाफ एफआईआर दर्ज करवाई थी, लेकिन थानेदार ने कोई कार्रवाई नहीं की, अब तो लोग हमें डराते‑डराते बेइज्जत कर रहे हैं।",hi,"anger,sadness,intimidation,others"
"हमारा पूरा टोला सामाजिक बहिष्कार का शिकार है, दबंगों ने हमें गाँव की चौपाल में भी नहीं बुलाया, अब रोज़ी‑रोटी कमाने में दिक्कत हो रही है, कृपया मदद करें।",hi,"sadness,hopelessness,intimidation,help_seeking"
"गाँव के मुख्य कुएँ का हैंडपंप टूट गया है, पानी नहीं निकल रहा, कई बार पंचायत में गुहार लगाई पर कोई नहीं आया, अब सबको प्यास से मरना पड़ेगा।",hi,"sadness,hopelessness,others"
"एक दबंग ने फोन पर धमकी दी कि अगर हम पुलिस में शिकायत करेंगे तो हमारे घर पर हाथापाई कर देगा, हमें तुरंत सुरक्षा चाहिए।",hi,"intimidation,fear,anger,help_seeking"
"रात को हमारे घर के पीछे से बच्चा गायब हो गया, पुलिस ने कहा कि हम ही कारण हैं, अब हम बहुत डर रहे हैं, कृपया तुरंत खोज में मदद करें।",hi,"panic,fear,sadness,help_seeking"
"हमने दो महीने पहले जमीन के अवैध कब्जे के खिलाफ डाक्यूमेंट दायर किया था, लेकिन अभी तक कोई जवाब नहीं मिला, हम थक चुके हैं, कृपया फॉलो‑अप करें।",hi,"others,anger,hopelessness"
"भाई साहब, 14566 का ऑफिस कब खुलता‑बंद रहता है, सुबह‑शाम के टाइम बताइए।",hi,others
"कौन‑कौन से कागजात चाहिए कानूनी मदद के लिये, बताइए, ताकि हम जल्दी से जमा कर सकें।",hi,others
"मेरे दायर किए गए डॉकेट नंबर 2023/45/09 की स्थिति क्या है, कृपया अपडेट दें।",hi,others
"हमारे टोले में पोए रिलीफ़ फंड का पेमेंट दो महीने से नहीं आया, अब तो सबको भूख से मरना पड़ रहा है, कब तक दे देंगे?",hi,"anger,sadness,help_seeking"
"मेरी बेटी की स्कॉलरशिप अभी तक नहीं आई, स्कूल में फीस नहीं भर पा रहे, कब तक रिलीज़ होगी बताइए?",hi,"anger,sadness,help_seeking"
"हमारे गाँव के खेत का रास्ता दबंगों ने ट्रैक्टर रख कर बंद कर दिया, अब ट्रैक्टर नहीं चलाते तो भी रुकते हैं, रोड ठीक कराओ।",hi,"anger,help_seeking"
"टोले के पास की नाली में गंदा पानी भर गया, बारिश में जलभराव हो रहा है, जल्दी से ड्रेनेज ठीक कराइए।",hi,"anger,help_seeking"
"हमारे परिवार के खिलाफ झूठा क्रॉस‑FIR दायर कर दिया गया है, थानेदार सुनता ही नहीं, अब डर के मारे घर से बाहर नहीं निकल पाते।",hi,"fear,intimidation,anger,help_seeking"
"डॉक्टर ने जो मेडिकल रिपोर्ट दी थी, वो पोर्टल पर नहीं दिख रही, अब केस में आगे कैसे बढ़ेंगे, पैनिक हो रहा है।",hi,"panic,hopelessness,help_seeking"
"कानूनी मदद के लिये वकील नहीं मिला, थानेदार भी नहीं सुनता, अब केस लड़ने की हिम्मत नहीं बची।",hi,"fear,hopelessness,help_seeking"
"पोर्टल पर मेरा मुआवजा अभी तक नहीं आया, दो साल से इंतज़ार कर रहे हैं, कब तक मिलेगा बताइए।",hi,"anger,sadness,help_seeking"
"हमारे टोले में दबंग लोग धमका रहे हैं, दारू पीकर गाली‑गलौज कर रहे हैं, सामाजिक बहिष्कार का डर है, मदद चाहिए तुरंत।",hi,"intimidation,fear,panic,help_seeking"
"बाबूजी, अभी हमारे घर के चारों ओर गँठी ने पत्थर फेंक रहे हैं, दरवाज़ा अंदर से बंद कर दिया है, हम सब डर के मारे कांप रहे हैं, तुरंत मदद चाहिए!",hinglish,"immediate_danger,fear,panic,help_seeking"
"हमारी बस्ती का सार्वजनिक कुआँ बंद कर दिया गया है, दूकान वाले भी हमें कोई सामान नहीं बेचते, यहाँ के नाई ने कहा 'तुम्हारी जाति के लोग नहीं आते', हम बेइज्जत महसूस कर रहे हैं और बहुत गुस्सा है।",hinglish,"sadness,anger,hopelessness,help_seeking"
"Thanedhar complaint nahi le raha, मेरे पास लिखी हुई शिकायत का कागज़ ही तोड़ दिया, कहा 'तुम्हारी बात सुनेंगे ही नहीं', अब क्या करें, बहुत निराश हूँ।",hinglish,"anger,hopelessness,intimidation"
"आज रात हमारे टोले में धाकड़ लोग हथियार लेकर आए, दरवाज़े बंद कर के हमें बाहर नहीं जाने दे रहे, सब लोग चिल्ला रहे हैं, पुलिस तुरंत भेजिए!",hinglish,"immediate_danger,fear,panic,help_seeking"
"हमारे घर वाले को गाँव के चौपाल में बेइज्जत भरी गालियां दी जा रही हैं, लोग हमें खाने-पीने की चीज़ें भी नहीं देते, बहुत उदास और गुस्से में हूँ।",hinglish,"sadness,anger,hopelessness"
"DSP की विज़िट का वादा किया गया था पर अभी तक नहीं आया, थानेदार ने कहा 'तुम लोग मिल जुल कर केस वापस ले लो', हमसे समझौता करवाने की कोशिश कर रहा है।",hinglish,"anger,hopelessness,intimidation"
"पड़ोस के दबंगों ने बंदूक दिखा कर हमारे घर के बाहर खड़ा कर दिया, परिवार पूरी तरह से स्केयर है, तुरंत पुलिस भेजिए, नहीं तो बहुत बुरा होगा।",hinglish,"fear,intimidation,immediate_danger,help_seeking"
"गाँव के नाई ने कहा 'तुम लोग यहाँ नहीं कटवाते, जाति के कारण', अब हमें बाल कटवाने के लिए कहीं नहीं मिल रहा, बहुत दुखी और गुस्से में हूँ।",hinglish,"sadness,anger,hopelessness"
"Thanedhar ने मेरी लिखी शिकायत को कागज़ पर ही फाड़ दिया, कहा 'तुम्हारा केस नहीं बनता', अब पुलिस से कोई भरोसा नहीं बचा, बहुत निराश हूँ।",hinglish,"anger,intimidation,hopelessness"
"गाँव में कुछ लोग लाठी-डंडे लेकर महिलाओं पर हमला कर रहे हैं, दरवाज़ा बंद है, हम सब डर के मारे नहीं बोल पा रहे, कृपया तुरंत मदद भेजें।",hinglish,"immediate_danger,fear,panic,help_seeking"
"सभी दुकानों ने मिलकर हमारे परिवार को किराने की चीज़ें नहीं दी, पेट भर नहीं पा रहे, लोग हमें 'बाहरी' कह कर socially exclude कर रहे हैं, बहुत उदास और गुस्सा है।",hinglish,"sadness,hopelessness,anger"
"Daroga ने कहा 'case wapas le lo, नहीं तो तुम्हारी जिंदगियों में और दिक्कत होगी', हमें दबाव में रख कर केस वापस लेने को कहा, बहुत डर और गुस्सा है।",hinglish,"intimidation,anger,hopelessness"
"Babuji, 14566 office ka timing kya hai? Subah 9 baje se shaam 5 baje tak kaam hota hai kya?",hinglish,others
"Mujhe legal aid ke liye kaunse documents chahiye, please batao, aapke portal pe list missing lag rahi hai.",hinglish,others
"Mere case ka docket number 2023/14566/07 hai, abhi tak status update nahi aaya, koi help kar sakta hai?",hinglish,others
"Hamare gaon mein hamare parivaar ke khilaf ek false cross‑FIR file ho gayi hai, dabangg log hum par gussa dikha rahe hain, bahut gussa aata hai.",hinglish,"anger,intimidation,hopelessness"
"Medical examination report abhi tak mil nahi raha, doctor ne dard se bharpur report dene se inkaar kar diya, isse hum bahut udaas aur gussa ho rahe hain.",hinglish,"sadness,anger,hopelessness"
"Legal aid lawyer assign nahi hua, abhi case pending hai, hum panic ho rahe hain aur koi madad chahiye.",hinglish,"panic,hopelessness,help_seeking"
"Compensation portal pe pending amount dikh raha hai, lekin release nahi ho raha, hum bahut pareshan aur gussa hain.",hinglish,"sadness,anger,help_seeking"
"Abhi hamare basti ke bahar mob aa gaya hai, patta leke, pathar fenk rahe hain, darwaza band hai, turant police rescue chahiye!",hinglish,"immediate_danger,fear,panic,help_seeking"
"Hamare ghar ke bahar log bandook leke khade hain, darwaza lock ho gaya, hum cheekh rahe hain, koi turant madad kare!",hinglish,"immediate_danger,fear,intimidation,help_seeking"
"Mujhe baar‑baar dhamki mil rahi hai ki case wapas le lenge, dabangg log humein gussa dilate hain, bahut dar lag raha hai.",hinglish,"intimidation,fear,anger"
"Hamari family ko social bahishkaar aur बेइज्जत ka samna karna pad raha hai, log humare खलिहान ke paas se guzar ke gaali‑galauj karte hain, hum bahut udaas hain.",hinglish,"sadness,hopelessness,intimidation"
"Thaneedar ne hamare FIR ko register hi nahi kiya, humne guhaar ki thi, ab humko help chahiye, bahut gussa aata hai.",hinglish,"anger,help_seeking,intimidation"
"बाबूजी, हमारे पूर्वजों का पट्टे की जमीन आजकल दबंगों ने अवैध कब्जा कर ली है, खेत में फसल को दहला‑दबा दिया और हमसे डराते हुए कह रहे हैं कि आगे कोई शिकायत नहीं करेंगे।",hi,"intimidation,fear,help_seeking"
"हमारे ट्रैक्टर को गाँव के चौपाल के पास दबंगों ने रोक कर खड़ा कर दिया, उन्हें दारू पीकर गाली‑गलौज करते हुए कहा कि अगर हम आगे बढ़े तो गोली मार देंगे।",hi,"intimidation,fear,panic"
"जैसे ही हम मंदिर में प्रवेश करने की गुहार लगाई, वही लोग जातिसूचक शब्दों से हमें बेइज्जत करने लगे और हमें बाहर निकाल दिया, अब हमें बहुत गुस्सा और दुख हो रहा है।",hi,"anger,sadness,help_seeking"
"गाँव के कुएँ तक पहुँचते ही हमें धक्का मार कर रोक दिया गया, कहा गया कि हमारे जैसे दलित को पानी नहीं पीना चाहिए, इस कारण हमें डर और भय महसूस हो रहा है।",hi,"fear,intimidation,help_seeking"
"हमारी बहन पर झूठी एफआईआर दर्ज कर दी गई है और पुलिस ने हमें कोई मदद नहीं की, अब हम निराशा और गुस्सा महसूस कर रहे हैं।",hi,"hopelessness,anger,help_seeking"
"आघात के बाद अस्पताल का मेडिकल रिपोर्ट अभी तक नहीं मिला, पोर्टल पर देख रहे हैं पर कुछ नहीं दिख रहा, हमें बहुत उदासी और निराशा है।",hi,"sadness,hopelessness,help_seeking"
"कम्पनी ने हमारे पट्टे की जमीन के लिए जो मुआवजा वादा किया था, वह अभी तक पोर्टल पर नहीं दिख रहा, हम पूछ रहे हैं कि कब मिलेगा, कोई जवाब नहीं।",hi,"others,hopelessness,anger"
"डरंगे वाले लोग दारू पीकर हमारे घर के सामने धमकी दे रहे हैं, कहते हैं कि अगर हम शिकायत करेंगे तो गोली मार देंगे, हमें बहुत डर लग रहा है।",hi,"intimidation,fear,panic"
"हमारे टोले को सामाजिक बहिष्कार का सामना करना पड़ रहा है, सभी दुकानें हमें बंद कर रही हैं, इस कारण हमें बहुत उदास और निराशा महसूस हो रही है।",hi,"sadness,hopelessness,help_seeking"
"पंचायत में हमारे खिलाफ जातिसूचक गालियाँ दी गईं और हमें खलिहान में काम करने के लिए मजबूर किया गया, हमें गुस्सा और डर दोनों महसूस हो रहा है।",hi,"anger,intimidation,help_seeking"
"हमारा खेत का रास्ता दबंगों ने अवैध रूप से बंद कर दिया, अब हम अपनी फसल तक नहीं पहुँच पा रहे, कृपया मदद करें।",hi,"fear,help_seeking,others"
"बाजार में जब हम सामान खरीदने गए तो दुकानदार ने हमें जातिसूचक शब्दों से पुकारा और कहा कि हमारे जैसे दलित को यहाँ नहीं आना चाहिए, हमें तुरंत खतरा महसूस हुआ।",hi,"intimidation,anger,immediate_danger"
"बाबूजी, अभी हमारे बस्ती के चारों ओर दबंग लोग पत्थर फेंक रहे हैं, हथियार लेकर दरवाज़े बंद कर रखे हैं, तुरंत पुलिस की मदद चाहिए!",hi,"immediate_danger,fear,panic,help_seeking"
"हमारे टोले के घर के बाहर धाकड़ लोग धूम्रपान कर गाली‑गलौज कर रहे हैं, थानेदार ने हमें चुप रहने को कहा, डर से पैर नहीं हिल रहा, मदद चाहिए!",hi,"immediate_danger,intimidation,fear,help_seeking"
"सरपंच और वन विभाग के लोग हमारे जंगल‑जमीन का अधिकार को नज़रअंदाज़ कर, हमारे पैतृक पट्टा वाले खेत में ट्रैक्टर खड़ा कर दिया, अब हम फसल नहीं उगा पा रहे।",hi,"anger,hopelessness,sadness"
"पिछले रात को हमारे खेत में धुएँ की लहर आई, वन विभाग के लोग हमारे अनाज को जला दिया, हमको अब खाने को कुछ नहीं बचा, बहुत गुस्सा है।",hi,"anger,sadness,hopelessness"
"दबंग लोग हमारे ट्रैक्टर को रोक कर रखे हैं, रास्ता बंद कर दिया, हम खेत नहीं पहुँचा पा रहे, बहुत डर और गुस्सा है।",hi,"intimidation,anger,hopelessness"
"हमारी मजदूरी रोकी गई है, रोज़गार वाले लोगों को धौंकियों से धमकी दी जा रही है, अब पेट नहीं भर पाते, बहुत निराशा है।",hi,"anger,hopelessness,sadness"
"सरपंच और वन विभाग के लोग मिलके हमारे खलिहान को जलाकर बेइज्जत कर रहे हैं, अब हम रात को कहीं नहीं सो पाते, बहुत गुस्सा है।",hi,"anger,sadness,hopelessness"
"हमको गाँव से अलग कर दिया गया, सामाजिक बहिष्कार किया जा रहा है, थानेदार ने एफआईआर नहीं लिखी, अब हम बेबस हैं।",hi,"sadness,hopelessness,anger"
"डरावने लोग दारू पीकर गाली‑गलौज कर रहे हैं, हमारे ऊपर धमकी दे रहे हैं, पुलिस ने कुछ नहीं किया, हम बहुत डर रहे हैं।",hi,"intimidation,fear,anger"
"हमारा कुआँ/हैंडपंप बंद कर दिया गया, जल का अधिकार नहीं मिला, हम बार‑बार गुहार लगा रहे हैं, मदद चाहिए।",hi,"sadness,hopelessness,help_seeking"
"चौपाल में जब हमने जंगल‑जमीन का अधिकार माँगा तो सरपंच ने धक्का मार दिया, हम बेइज्जत महसूस कर रहे हैं, अब क्या करें?",hi,"intimidation,anger,sadness"
"थानेदार ने हमारी शिकायत का कागज फाड़ दिया, अब हमें डर है कि कोई मदद नहीं मिलेगी, कृपया मदद करें।",hi,"fear,hopelessness,help_seeking"
"बाबूजी, गाँव के सार्वजनिक कुएँ से पानी नहीं मिल रहा, दारू पीकर दुष्ट लोग हमें हाथपंप से बाहर निकाल रहे हैं, अब हम प्यास से मर रहे हैं।",hi,"panic,fear,immediate_danger,help_seeking"
"हमने थाने में एफआईआर दर्ज कराने की गुहार लगाई, पर थानेदार ने शिकायत का कागज फाड़ दिया और हमें दबंगों के साथ समझौता करने को कहा, अब कोई भरोसा नहीं बचा।",hi,"anger,hopelessness,help_seeking"
"हमारे टोले के लोग अब दवाई, चावल, सब्ज़ी नहीं खरीद पाते, क्योंकि दुकान वाले और नाई दोनों ने सामाजिक बहिष्कार कर दिया, हमें बेइज्जत कर रहे हैं।",hi,"sadness,anger,hopelessness,help_seeking"
"पंचायत में जब हम मंदिर में प्रवेश करने की गुहार की, तो बड़े लोग हमें जातिसूचक शब्दों से गाली‑गलौज करने लगे और बाहर निकाल दिया।",hi,"sadness,anger,intimidation"
"हमारी पट्टे की जमीन पर दबंगों ने अवैध कब्जा कर लिया, अब हमें खेती नहीं कर पाते, कृपया इस पर कार्रवाई करें।",hi,"anger,hopelessness,help_seeking"
"डरंगेज़ ने हमें धमकी दी कि अगर एफआईआर दर्ज नहीं करेंगे तो हम मार डालेंगे, हमें बहुत डर लग रहा है।",hi,"intimidation,fear,immediate_danger,help_seeking"
"चौपाल में जब हमने अपनी समस्या बताई तो बड़े लोग हमें जातिसूचक गालियों से अपमानित करने लगे, अब हम कुछ कह नहीं पाते।",hi,"sadness,anger,hopelessness"
"डर के मारे हम थाने में शिकायत ले गए, पर दरोगा ने कागज फाड़ दिया और कहा कि हम खुद ही सुलह कर लो, अब हम क्या करें?",hi,"anger,intimidation,hopelessness,help_seeking"
"गाँव के सार्वजनिक हैंडपंप से पानी नहीं मिलने के कारण हमें रोज़ प्यास से जूझना पड़ रहा है, लोग हमें धक्का मारते हैं और गाली‑गलौज करते हैं।",hi,"panic,fear,sadness,help_seeking"
"हमारी बेटी को नाई ने बाल नहीं कटवाने दिया, दुकान वाले ने भी सामान नहीं बेचा, पूरे टोले में हमें सामाजिक बहिष्कार का सामना करना पड़ रहा है।",hi,"sadness,anger,hopelessness"
"दबंग लोग हर रोज़ हमारे घर के बाहर धूम्रपान करते हैं, हमें पैसे देने की धमकी देते हैं, अब हमें तुरंत सुरक्षा चाहिए।",hi,"intimidation,fear,immediate_danger,help_seeking"
"हमने कल दर्ज की गई एफआईआर की स्थिति पूछी, कृपया बताइए कि अब तक कोई कार्रवाई हुई है या नहीं।",hi,others
"अब तो हमार घर के चारों ओर दबंगों ने बंदूक और पत्थर लेकर घेर लिया है, दरवाज़ा बंद कर दिया है, तुरंत मदद चाहिए, पुलिस नहीं आ रही, हम डर के मारे कांप रहे हैं।",hi,"immediate_danger,fear,panic"
"हमारी बस्ती के लोग दारू पीकर गाली-गलौज कर रहे हैं, हथियार लेकर धमकी दे रहे हैं, थानेदार नहीं आया, हमें बचाने के लिये कोई नहीं है, बहुत निराशा है।",hi,"immediate_danger,intimidation,hopelessness"
"सरपंच और वन विभाग के लोग हमारे पुरखों का जंगल‑जमीन का पट्टा लेकर, हमारी फसल को जला दिया, अब हम बेइज्जत महसूस कर रहे हैं, हमें न्याय चाहिए।",hi,"anger,fear,hopelessness"
"ट्रैक्टर से हमारे खेत का रास्ता बंद कर दिया गया, वन विभाग के दबंग लोग कह रहे हैं कि हम यहाँ नहीं आ सकते, हमारी मजदूरी रोकी गई, बहुत गुस्सा है।",hi,"anger,intimidation"
"सरपंच ने हमें गाँव से अलग कर दिया, कहा कि जंगल‑जमीन का अधिकार अब नहीं रहेगा, अब हम खलिहान तक नहीं जा पाते, दिल टूट गया।",hi,"anger,sadness,hopelessness"
"14566 का कार्यालय कब खुलता है, कृपया समय बताइए।",hi,others
"कानूनी सहायता के लिये कौन‑कौन से दस्तावेज़ चाहिए, कृपया जानकारी दें।",hi,others
"मेरे दायर किए गए एफआईआर का डॉकेट नंबर 2023/456 है, उसकी स्थिति क्या है, कृपया बताइए।",hi,others
"हमने जंगल‑जमीन का अधिकार लेकर वन विभाग के खिलाफ शिकायत की और अब हमारे टोले में सामाजिक बहिष्कार हो गया, लोग हमें घर से बाहर निकाल रहे हैं, बहुत दुखी और गुस्सा है।",hi,"sadness,anger,hopelessness"
"हमारे गाँव के कुएँ/हैंडपंप को वन विभाग के लोग रात में तोड़ दिया, अब पानी नहीं मिल रहा, हमें बहुत डर और गुस्सा है।",hi,"fear,anger"
"जब हम अपने खेत में लकड़ी काटने गए तो वन विभाग के लोग दारू पीकर हमें मारने की धमकी दी, हमें मार गिराया, हमारी मजदूरी रोकी, बहुत डर लग रहा है।",hi,"intimidation,fear,anger"
"सरपंच ने जमीन का पट्टा लेने के लिये हमें झूठा फीस देना कहा, नहीं देने पर हमें गाँव से बाहर निकाल देंगे, हम बेइज्जत और गुस्से में हैं।",hi,"anger,sadness"
"बाबूजी, कल हमारे गाँव के मंदिर में प्रवेश की गुहार लगाई, पर दादियों ने हमें जातिसूचक गालियां देके सरेआम बेइज्जत कर दिया, अब कोई नहीं जाता।",hi,"sadness,anger,hopelessness"
"पुलिस ने बंधक पर बंधे आरोपी को जमानत दे दी, अब वो दबंग अपने हाथ में बंदूक लेकर हमारे टोले में घूम रहा है, हमारे बच्चों को घूर‑घूर के धमका रहा है।",hi,"fear,intimidation,immediate_danger"
"रात को दो लाठियों से मार गिराया, घर के बाहर धुआँ लगा दिया, हम सब डर के मारे पलकें नहीं मार पा रहे, तुरंत मदद चाहिए।",hi,"immediate_danger,panic,fear"
"पंचायत की चौपाल में हमारे परिवार को सामाजिक बहिष्कार की मारपीट की, सब लोग जातिसूचक गालियां दे रहे, अब हम बेबस हैं।",hi,"sadness,anger,hopelessness"
"खेत का रास्ता दबंगों ने ट्रैक्टर से रोक दियो, थानेदार सुनता ही ना, हम रोज़ गुहार लगाते हैं पर कोई नहीं आता।",hi,"help_seeking,intimidation,anger"
"एफआईआर दर्ज करवाई थी, पर दबंग हमारे पिता को फोन करके धमकी दे रहे हैं कि FIR वापस ले लो नहीं तो घर जला देंगे।",hi,"intimidation,fear,hopelessness"
"मेरी पत्नी को रात में दारू पीकर गाली‑गलौज कर रहे थे और कहा कि अगर हम नहीं हटे तो घर में आग लगा देंगे, हम सब डर के मारे कांप रहे हैं।",hi,"immediate_danger,fear,panic"
"हैंडपंप के पास दबंगों ने कंक्रीट का पट्टा लगा दिया, पानी नहीं मिल रहा, थानेदार भी नहीं देख रहा, हमें बहुत दुख हो रहा है।",hi,"sadness,hopelessness,help_seeking"
"गाँव के दबंग दारू पीकर हमारे खेत में घुस आए, हमें मार‑पीट की और जातिसूचक गालियां दी, अब हम डर के मारे बाहर नहीं जा पाते।",hi,"anger,fear,immediate_danger"
"गाँव के चौपाल में किसी ने मेरे नाम पर जातिसूचक पोस्ट डाल दी, सब लोग हँस रहे हैं, हम सरेआम बेइज्जत हो गए हैं।",hi,"sadness,anger,hopelessness"
"मेरे बेटे को स्कूल में प्रवेश नहीं दिया गया, कक्षा में प्रवेश के बाद भी शिक्षक ने जाति के नाम पर गाली दी, अब हम बहुत उदास हैं।",hi,"sadness,hopelessness,anger"
"कृपया बताइए, हमारे दर्ज किए गए एफआईआर की प्रगति क्या है? अभी तक कोई अपडेट नहीं मिला।",hi,others
"बाबूजी, थानेदार साहब ने हमारी शिकायत का कागज फाड़ दिया, कहे कि दबंगों से समझौता कर ले, अब हमें डर लग रहा है, कृपा करके मदद करो।",hi,"fear,intimidation,help_seeking"
"हमारी एफआईआर दर्ज करवाई थी, पर हमारे टोले के सरपंच और वन विभाग के लोग हमारे जंगल‑जमीन का अधिकार लेकर झगड़ा कर रहे हैं, और डीएसपी दो हफ्ते से नहीं आए, हम बेबस हैं।",hi,"hopelessness,fear,help_seeking"
"कल रात गाँव में दारू पीकर गंदे लोग लाठी से मारते हुए हमारे घर के सामने धूम्रपान कर रहे थे, मैं और मेरे बच्चे तुरंत भागे, दिल धड़क रहा है।",hi,"panic,immediate_danger,anger"
"हमारे खलिहान को आग लगाने की धमकी दी गई है, उन्होंने कहा कि अगर हम जंगल‑जमीन का अधिकार नहीं छोड़ेंगे तो सब कुछ जल जाएगा, हमें तुरंत सुरक्षा चाहिए।",hi,"fear,intimidation,immediate_danger"
"सरपंच ने मजदूरी रोकी, और हमें काम से निकाल दिया, अब हम भूखे मर रहे हैं, कोई मदद करो।",hi,"anger,hopelessness,help_seeking"
"वन विभाग के लोग हमारे पट्टा को निलंबित कर रहे हैं, कह रहे हैं कि जंगल‑जमीन का अधिकार हमसे छीन लिया जाएगा, हम बेइज्जत महसूस कर रहे हैं।",hi,"anger,sadness,help_seeking"
"हमको गाँव से अलग कर दिया, लोग हमें सामाजिक बहिष्कार कर रहे हैं, चौपाल में भी अब नहीं बुलाते, दिल टूट गया।",hi,"sadness,hopelessness,intimidation"
"14566 हेल्पलाइन का ऑफिस कब खुलता है, कृपया समय बताइए।",hi,others
"कानूनी सहायता के लिए कौन‑कौन से दस्तावेज चाहिए, गुहार लगाते हैं आप बताइए।",hi,others
"मेरे दायर किए गए डॉकेट नंबर 3421 की स्थिति क्या है, कृपया अपडेट दें।",hi,others
"रात को दारू पीकर गाली‑गलौज करने वाले लोग हमारे घर के सामने खड़े होकर हमें धमकी दे रहे थे, हम बहुत डरे हुए हैं।",hi,"fear,intimidation,panic"
"गाँव के कुएँ का हैंडपंप बंद कर दिया गया, थानेदार ने मदद करने से इनकार कर दिया, अब पानी नहीं मिल रहा, हमें तुरंत मदद चाहिए।",hi,"fear,immediate_danger,help_seeking"
"भाई साहब, हमारे गाँव के सार्वजनिक कुएँ से पानी नहीं मिलने दे रहे, दूकान वाले भी बोली नहीं दे रहे, हम बहुत प्यासे हैं, मदद चाहिए।",hinglish,"anger,sadness,help_seeking"
"कल से हमारे टोले के नाई ने कटा नहीं दिया, कह रहा है हम ‘नीचे’ वाले हैं, अब बाल कटवाने के लिए कहीं नहीं जा रहे, बहुत गुस्सा है।",hinglish,"anger,help_seeking"
"हमारी दाल की दुकान ने हमें पूरी तरह से बंद कर दिया, हर बार जब हम अंदर जाते हैं तो दुकानदार हमें ‘कट्टर’ कहता है, अब खाने की चीज़ें नहीं मिल रही।",hinglish,"hopelessness,anger,help_seeking"
"पंचायत में जब मैं मंदिर में पूजा करने गया तो कुछ लोग मेरे ऊपर जातिसूचक गालियां दे रहे थे, उन्होंने कहा मैं पवित्र जगह में नहीं आ सकता, बहुत बेइज्जत महसूस कर रहा हूँ।",hinglish,"sadness,anger,hopelessness,help_seeking"
"चौपाल में जब मैं बात कर रहा था तो एक दबंग ने मेरे कपड़े खींचे और कहा ‘तुम जैसे लोग यहाँ नहीं रहने चाहिए’, मैं डर गया।",hinglish,"intimidation,fear,panic,help_seeking"
"अभी हमारे घर के चारों ओर लोग पत्थर फेंक रहे हैं, बंदूकें दिखा रहे हैं, दरवाज़ा बंद है, हम बाहर नहीं निकल पा रहे, तुरंत पुलिस भेजो!",hinglish,"immediate_danger,panic,fear,help_seeking"
"हमने एफआईआर दायर किया था, पर थानेदार ने कहा केस वापस ले लो, नहीं तो और दंडित करेंगे, अब हम बहुत डर रहे हैं।",hinglish,"intimidation,fear,hopelessness,help_seeking"
"हमारे परिवार को पूरे गाँव में सामाजिक बहिष्कार कर दिया है, हर कोई हमें देख कर ‘तुम्हारी जिंदग़ी खत्म’ कहता है, हमें डर लग रहा है।",hinglish,"intimidation,fear,hopelessness,help_seeking"
"रात को दारू पीकर कुछ लोग हमारे घर के बाहर गाली-गलौज कर रहे हैं, हमारे बच्चों को डराने की कोशिश कर रहे हैं, हमें बहुत डर है।",hinglish,"intimidation,fear,panic,help_seeking"
"मैं जब बाजार में गया तो दुकानदार ने कहा ‘तुम यहाँ नहीं आ सकते’, मेरे साथ जाति के नाम लेकर गाली दी, अब मैं रोज़ बाजार नहीं जा पाता।",hinglish,"sadness,anger,hopelessness,help_seeking"
"हमारा गाँव का हैंडपंप आज सुबह से बंद कर दिया गया, कुछ लोग उसे तोड़ रहे हैं, हम पानी नहीं पी पा रहे, बहुत प्यास लगी है, कृपया मदद करें।",hinglish,"panic,fear,sadness,help_seeking"
कृपया बताइए कि मेरे द्वारा दायर शिकायत की प्रगति क्या है और कब तक जवाब मिलेगा?,hinglish,others
"बाबू जी, हमारे बेटे को दबंगों ने रात को घर के सामने घूरते हुए लाठी लेकर धमकी दी, कहा अगर FIR वापस नहीं ली तो पूरे टोले को जलाकर रख देंगे।",hi,"intimidation,fear,immediate_danger"
"हम गरीब लोगन के घर के सामने वही आरोपी जो बंधुआ बंधु पर बंधक है, आज सुबह हथियार लेकर आया, हमारे बच्चन को देख कर कहा, अगर तुम लोग FIR वापस नहीं खींचोगे तो तुम्हारी माँ को भी मार डालेंगे।",hi,"intimidation,fear,panic"
"पिछली रात को हमारे घर में दो दबंगों ने लाठी-हथौड़ा लेकर धावा किया, मेरी पत्नी को पीटा, बच्चे रो रहे थे, अब हम नहीं जानते कि आगे क्या होगा।",hi,"fear,anger,sadness"
"बाबू जी, कल रात हमारे खलिहान में आग लगाने की धमकी मिली, उन्होंने कहा अगर हम पुलिस में रिपोर्ट नहीं करेंगे तो अगली रात पूरी टोली के घर जलाकर रख देंगे।",hi,"intimidation,immediate_danger,fear"
"हमारा परिवार अब सामाजिक बहिष्कार का शिकार बन गया है, गाँव के लोग हमें देख कर गाली-गलौज करने लगे, रोज़ी-रोटी भी नहीं मिल रही, मन बहुत टूट गया है।",hi,"sadness,hopelessness,anger"
"भाई साहब, हमें डर लग रहा है, कल शाम को आरोपी ने हमारे घर के बाहर गोली चलाने की कोशिश की, अब हम नहीं जानते कहाँ छिपें, कृपया मदद करें।",hi,"help_seeking,fear,immediate_danger"
14566 हेल्पलाइन के कार्यालय के समय क्या हैं? मैं आज शाम में जाना चाहता हूँ।,hi,others
"कौन-कौन से दस्तावेज़ चाहिए कानूनी सहायता के लिए, कृपया बताइए।",hi,others
मेरी दर्ज की गई डॉकेट संख्या 2023/14566/07 की स्थिति क्या है? अभी तक कोई अपडेट नहीं मिला।,hi,others
"मैं FIR दर्ज करवाना चाहता हूँ, किन चरणों में जाना पड़ेगा और थाने में कौन से काग़ज़ात लाने होंगे?",hi,"help_seeking,others"
"बाबू जी, हमारे गाँव की महिला को दारू पीकर दबंग ने गाली-गलौज की और कहा अगर वह फिर से शिकायत करेगी तो उसे मार डालेंगे, अब वह बहुत डरी हुई है।",hi,"intimidation,fear,anger"
"हमारी टोली में कई लोग बेरोजगार हैं, लेकिन दबंगों ने हमारे खेतों पर पट्टा लगा दिया, अब हम रोज़ी-रोटी नहीं कमा पा रहे, बहुत निराशा है।",hi,"hopelessness,sadness,others"
"बाबू जी, कल पंचायत में हम गरीब लोगन के ऊपर जातिसूचक गालियां दी गईं, सब लोग हमें बेइज्जत कर रहे हैं, अब डर लग रहा है।",hi,"intimidation,fear,anger"
"हम गरीब लोगन के टोले के लोगन को गाँव के मंदिर के द्वार से बाहर निकाल दिया गया, कहा गया कि हम पवित्र नहीं, अब बहुत दुख हो रहा है।",hi,"sadness,hopelessness,anger"
"गाँव के सार्वजनिक कुआँ से पानी लेने पर थाना-कचहरी के लोग और दुकानदार ने हमें रोक दिया, कहा कि हमारा क़िस्मत खराब है, अब रोज़ी-रोटी के लिए पानी नहीं मिल रहा।",hi,"fear,hopelessness,sadness"
"हमारे टोले के लड़के दाढ़ी काटने के लिए नाई के पास गए, नाई ने कहा कि हम SC हैं, इसलिए नहीं काटेंगे, हमें बहुत अपमानित महसूस हो रहा है।",hi,"sadness,anger,hopelessness"
"डबंग लोग हमारे घर के सामने धूम्रपान करके गाली-गलौज कर रहे हैं, कहा कि अगर हम शिकायत करेंगे तो हाथापाई करेंगे।",hi,"intimidation,fear,immediate_danger,help_seeking"
"14566 हेल्पलाइन का कार्यालय कब खुलता है, कृपया बताइए।",hi,others
"कानूनी सहायता के लिए कौन-कौन से दस्तावेज़ चाहिए, कृपया जानकारी दें।",hi,others
"मेरे दायर किए गए एफआईआर का डॉकेट नंबर 2023/145 है, उसकी प्रगति क्या है?",hi,others
"बाबू जी, आज रात हमारे घर पर दहशत भरी आवाज़ आई, हम बहुत डरे हुए हैं!",hi,"panic,fear,immediate_danger"
"गाँव के दोकान वाले और सब्जी वाले ने हमारे टोले को पूरी तरह से बहिष्कार कर दिया, कोई भी सामान नहीं बेचते, हम भूख से मर रहे हैं।",hi,"hopelessness,sadness,anger"
"थानेदार ने हमें बिना कारण थाने में खींच लिया, फिर भी हमसे कोई सवाल नहीं किया, बस हमें दबंगों की तरह ट्रीट किया।",hi,"intimidation,fear,anger"
"हमारे गाँव में हाथपंप टूट गया, अब बच्चे भी पानी नहीं पी पा रहे, कृपया तुरंत मदद भेजें।",hi,"help_seeking,immediate_danger,panic"
"बाबू जी, हमारे बेटे को रोज़ दफ़ा‑डफ़ा कर धमकी दे रहे हैं, वो कहता है अगर FIR वापस नहीं ली तो आगे और भी बुरा होगा।",hi,"fear,intimidation,help_seeking"
"हम गरीब लोगन के खेत में दबंग लोग बंदूक लेकर घुसे, हमारे परिवार को बेइज्जत कर रहे हैं, बच्चा भी देख‑देख के डर रहा है।",hi,"panic,fear,immediate_danger,help_seeking"
"थानेदार साहब ने हमारी शिकायत का काग़ज़ फाड़ दिया, अब हम नहीं जानते क्या करे, वह कहता है बड़े जमींदार को नहीं छेड़ सकते।",hi,"anger,hopelessness,help_seeking"
"डारोगा ने कहा कि FIR नहीं लिखेंगे, क्योंकि आरोपी हमारे टोले का बड़ा दबंग है, हमें झूठा समझते हैं।",hi,"anger,hopelessness,help_seeking"
"14566 का ऑफिस कब खुलता है, और किन दस्तावेज़ों की ज़रूरत होती है कानूनी मदद के लिए?",hi,others
"मेरी दायर की गई FIR का डॉकेट नंबर 2023/14566/07 है, कृपया बताइए अब तक क्या प्रगति हुई?",hi,others
क्या आप बता सकते हैं कि महिला शरणार्थी के लिए कोई विशेष सहायता योजना है या नहीं?,hi,others
"हमारी बेटी को स्कूल से लेकर घर तक दबंग लोग फॉलो कर रहे हैं, हर मोड़ पर गाली‑गलौज कर रहे हैं, हमें नहीं पता कैसे बचें।",hi,"fear,intimidation,help_seeking"
"बाबू जी, आरोपी ने कहा है कि अगर हम FIR वापस ले लेंगे तो हमारी जमीन नहीं छीनेंगे, हम अब क्या करें?",hi,"fear,hopelessness,help_seeking"
"गांव के कुएँ पर दबंग लोग शराब पीकर गाली दे रहे हैं, हमारे बुजुर्गों को पानी नहीं मिल रहा, डर के मारे हम घर नहीं जा पा रहे।",hi,"panic,immediate_danger,help_seeking"
"हमारे परिवार को सामाजिक बहिष्कार कर दिया गया है, क्योंकि हमने दबंगों के खिलाफ शिकायत की, अब हम रोज़ मारपीट और गाली का सामना कर रहे हैं।",hi,"sadness,anger,hopelessness,help_seeking"
"हमारी शिकायत पर DSP अभी तक नहीं आए, थानेदार कह रहा है कि वह अगले हफ्ते आएगा, पर हमें अभी भी डर है, कृपया जल्द भेजें।",hi,"fear,hopelessness,help_seeking"
"भाईसाहब, अभी हमारे घर के चारों तरफ़ दबंगों का ढेर है, पत्थर फेंक रहे हैं, बंदूकें दिखा रहे हैं, दरवाज़ा अंदर से बंद है, जल्दी मदद भेजिए!",hinglish,"immediate_danger,fear,panic,help_seeking"
"हमारी बस्ती में लोग हथियार लेकर घेर रहे हैं, लोग चिल्ला रहे हैं 'बाहर जाओ', हम फँसे हुए हैं, पुलिस तुरंत भेजो!",hinglish,"immediate_danger,fear,help_seeking"
"टोले के लोग कह रहे हैं अगर हम बाहर नहीं निकले तो घर में आग लगा देंगे, धमकी दे रहे हैं, हम बहुत डरे हुए हैं, कृपया बचाव करो!",hinglish,"immediate_danger,intimidation,fear,help_seeking"
"पानी का हैंडपंप आज से हमें नहीं दिया जा रहा, दुकानदार और पम्प वाला हमें धक्का मार रहा है, अब हम प्यास से मरेंगे, मदद चाहिए!",hinglish,"sadness,intimidation,fear,help_seeking"
"बार्बर ने कहा कि मेरे कुटुंब को अब बाल नहीं काटेगा, हम सबको सामाजिक बहिष्कार का सामना करना पड़ रहा है, अब कोई उम्मीद नहीं बची।",hinglish,"hopelessness,sadness,intimidation"
"गांव की दूकान ने कहा कि हम यहाँ से कुछ नहीं खरीदेंगे, हमारे सामान को बेइज्जत कर रहे हैं, हम बहुत गुस्सा और उदास हैं।",hinglish,"anger,sadness,hopelessness"
"हमारे टोले को कुएँ से पानी नहीं दिया जा रहा, लोग हमें धक्का मारते हुए कह रहे हैं 'तुम लोग यहाँ नहीं आओ', अब हम डर के मारे रह नहीं पा रहे।",hinglish,"fear,intimidation,sadness"
"14566 का ऑफिस कब खुलता है, कृपया समय बताइए।",hinglish,others
"लीगल एड के लिए कौन-कौन से दस्तावेज़ चाहिए, कृपया जानकारी दें।",hinglish,others
"मेरे केस का डॉकेट नंबर 2023/0456 का स्टेटस क्या है, अपडेट चाहिए।",hinglish,others
"क्या आप मेरे पिछले कॉल का फॉलो‑अप दे सकते हैं, मैं जानना चाहता हूँ आगे की कार्रवाई क्या होगी?",hinglish,others
"बाबू जी, कल रात हमारे बेटे को दबंगों ने लाठी मार के ले गए, थानेदार ने FIR लिखने से इनकार कर दिया, कागज फाड़ दिया, अब हम क्या करें?",hi,"fear,intimidation,anger,hopelessness"
"हम गरीब लोगन के टोले में जब हम पट्टा लेकर जमीन की शिकायत लेके गये, तो दरोगा साहब ने कहा कि बड़े जमींदार के खिलाफ कुछ नहीं कर सकते, अब हम बेइज्जत महसूस कर रहे हैं।",hi,"sadness,hopelessness,anger"
"बाबू जी, 14566 के दफ़्तर के कामकाज के समय क्या है? हम कल जाना चाहते हैं।",hi,others
"बाबू जी, कानूनी सहायता के लिये कौन‑कौन से कागज चाहिए, कृपया बताइए।",hi,others
"रात को जब हम खलिहान में काम कर रहे थे, दो दबंगों ने आग लगाने की धमकी दी और लाठी से मारने की बात कही, अब हम बहुत डर के मारे नहीं सो पा रहे।",hi,"fear,immediate_danger,panic"
"हमारी बेटी को गाँव के बड़े ने दारू पीकर गाली‑गलौज की और लाठी से पीटा, अब वह रोती‑रोती स्कूल नहीं जाना चाहती।",hi,"sadness,fear,intimidation"
"हमारी शिकायत पर DSP जी दो हफ़्ते से नहीं आए, थाने-कचहरी में भी कोई कार्रवाई नहीं हुई, हम तो अब थक गए हैं।",hi,"hopelessness,anger,sadness"
"हमारे टोले में हमारे लोगन को सामाजिक बहिष्कार किया जा रहा है क्योंकि हम दलित हैं, कोई मदद नहीं मिल रही।",hi,"sadness,hopelessness,fear"
"हमने 12 मार्च को दायर की गई शिकायत का डॉकेट नंबर 45678 है, कृपया उसकी स्थिति बताइए।",hi,others
"आज दोपहर हमारे घर पर दहशत की लहर आई, लोग लाठी लेकर अंदर घुसे, हम अभी भी बाहर छुपे हैं, मदद चाहिए।",hi,"immediate_danger,fear,panic,help_seeking"
"हमारी माँ के साथ झगड़ा हुआ, लेकिन थानेदार ने कहा कि महिला को शिकायत नहीं करनी चाहिए, FIR नहीं लिखेगा, अब हम बहुत गुस्से में हैं।",hi,"anger,hopelessness,intimidation"
"हमारे गाँव के कुएँ की हाइड्रेंट टूट गई, लेकिन पंचायत ने कोई काम नहीं किया, अब रोज़ पानी नहीं मिल रहा, हमारी रोजी-रोटी खतरे में है।",hi,"sadness,hopelessness,anger"
"बाबू जी, थानेदार साहब ने हमारी शिकायत का कागज ही फाड़ दिया, दबंग जमींदार को समझौता करवाने की धाकड़ कोशिश की, अब हमको डर लग रहा है कि फिर क्या होगा।",hi,"fear,intimidation,anger,help_seeking"
"हम गरीब लोगन ने DSP जी को बुलाया था जब हमारे टोले में जातीय मारपीट हुई, पर अब दो हफ्ते बीत गए, कोई नहीं आया, लग रहा है सब हमें नजरअंदाज कर रहे हैं।",hi,"hopelessness,fear,anger,help_seeking"
"डरोगा साहब ने हमारी एफआईआर की कागज़ी काम को ही छीन लिया, फिर कहे कि बड़े दबंग लोग हैं, हमसे समझौता कर ले, अब हमें लग रहा है कि सब हाथापाई में ही फँस गए हैं।",hi,"intimidation,panic,hopelessness,help_seeking"
14566 हेल्पलाइन का कामकाजी समय क्या है? हमें पता करना है कि कब कॉल कर सकेंगे।,hi,others
"कानूनी सहायता के लिये कौन-कौन से दस्तावेज़ चाहिए, कृपया बताइए।",hi,others
"हमने दो हफ्ते पहले अपना डॉकेट नंबर 14566/2023/078 दर्ज कराया था, अब उसकी स्थिति क्या है, कृपया जानकारी दें।",hi,others
"हमारा पोए राहत फंड अभी तक नहीं आया, महीने भर रोज़ी-रोटी के लिए इंतजार कर रहे हैं, इस देरी से बहुत निराश हैं।",hi,"sadness,anger,hopelessness,help_seeking"
"छात्रवृत्ति की रकम अभी तक नहीं पहुंची, पढ़ाई के लिये पैसे नहीं, अब डर लग रहा है कि पढ़ाई बीच में ही रुक जाएगी।",hi,"sadness,panic,hopelessness,help_seeking"
"हमारे टोले की मुख्य सड़क में गड्ढा है, बारिश में पानी भर जाता है, लोग फिसलते‑फिसलते गिरते हैं, कृपया जल्दी से मरम्मत करवाएँ।",hi,"sadness,anger,help_seeking"
"गाँव के कुएँ का हैंडपंप टूट गया है, पानी नहीं आ रहा, बच्चा‑बच्ची को पानी नहीं मिल रहा, अब बहुत घबराहट है।",hi,"panic,fear,help_seeking"
"जब हमने दबंगों के खिलाफ शिकायत की तो अब गाँव में हमें बेइज्जत कहा जा रहा है, सामाजिक बहिष्कार का सामना कर रहे हैं, कोई मदद नहीं कर रहा।",hi,"intimidation,sadness,hopelessness,help_seeking"
"हमारे टोले में दारू पीकर गाली‑गलौज करने वाले दाकुओं ने रात को धमकी दी है, अगर पुलिस नहीं आई तो तुरंत खतरा बन जाएगा।",hi,"immediate_danger,fear,panic,help_seeking"
"बाबू जी, हमारे बस्ती के चारों ओर दबंग लोग पत्थर फेंक रहे हैं, बंदूक‑बंदूक लेकर घेर लिये हैं, दरवाज़ा अंदर से बंद कर दिया, तुरंत मदद चाहिए!",hi,"immediate_danger,fear,panic,help_seeking"
"हम गरीब लोगन के घर में तोड़‑फोड़ हो रही है, थानेदार नहीं आया, लोग दारू पीकर गाली‑गलौज कर रहे हैं, कृपा करके जल्दी भेजिए!",hi,"immediate_danger,intimidation,fear,help_seeking"
"बाबू जी, हमारे पिता की मौत का केस में झूठी क्रॉस‑FIR दायर कर दी गई, वकील नहीं मिला, पोर्टल पर मुआवजा अभी तक नहीं मिला, हम बहुत गुस्सा हैं!",hi,"anger,hopelessness,sadness"
"हमारे गाँव में चोट लगने के बाद मेडिकल रिपोर्ट नहीं मिली, पुलिस ने नहीं भेजा, अब इलाज नहीं हो रहा, बहुत दुख हो रहा है।",hi,"sadness,hopelessness,anger"
"बाबू जी, कानूनी सहायता के लिये आवेदन किया पर कोई जवाब नहीं आया, कृपया बताइए क्या करना है?",hi,"others,sadness"
"हमारे दादा जी का पुराना पट्टा जमीन अब दबंग लोग अपने खेत में ले रहे हैं, हमसे धक्का‑मार कर निकाल रहे हैं, डर लग रहा है।",hi,"intimidation,anger,fear"
"पिछले रात हमारे खेत में अनजान लोग आकर फसल जला दिए, पुलिस ने कोई कार्रवाई नहीं की, अब हम भूखे हैं, बहुत गुस्सा और निराशा है।",hi,"sadness,anger,hopelessness"
"हमारा ट्रैक्टर रास्ते में दबंगों ने रोक कर फिरौती माँगी, हम नहीं दे सकते, अब काम नहीं हो रहा, डर और घबराहट है।",hi,"intimidation,panic,fear"
"हमारी बेटी ने गांव के मुखिया को रिपोर्ट किया तो अब पूरे टोले में सामाजिक बहिष्कार हो गया, लोग धमकी दे रहे हैं, बहुत उदास और निराश हैं।",hi,"sadness,intimidation,hopelessness"
"गांव का कुआँ टूट गया, अधिकारी नहीं आते, पानी नहीं मिल रहा, रोज़ी‑रोटी मुश्किल से चल रही है, मदद चाहिए।",hi,"sadness,hopelessness,others"
"थाने में FIR दर्ज कराने के लिये दारू पीते थानेदार ने रिश्वत माँगी, हम गरीब लोगन को डर लग रहा है, बहुत गुस्सा है।",hi,"anger,intimidation,hopelessness"
"बाबू जी, गाँव में एक महिला को पति ने मारना शुरू कर दिया, हम सब डर के मारे इधर‑उधर भाग रहे हैं, तुरंत पुलिस भेजिए!",hi,"help_seeking,immediate_danger,fear"
"बाबूजी, हमारे टोले में दबंगों ने हमारे पिता के खिलाफ झूठा FIR लगवा दिया, अब वो हमारे घर पर धमकी दे रहे हैं कि FIR वापस ले लो नहीं तो सबको मार डालेंगे।",hinglish,"fear,intimidation,help_seeking"
"डॉक्टर ने कहा था कि मेडिकल रिपोर्ट बन जाएगी, पर अब तक कोई रिपोर्ट नहीं मिली, केस में आगे बढ़ नहीं पा रहे, बहुत निराश हूँ।",hinglish,"hopelessness,anger,help_seeking"
"वकील नहीं मिला, कानूनी मदद का वादा किया था पर अब तक कोई वकील नहीं आया, मैं बहुत दुखी और घबराया हुआ हूँ।",hinglish,"sadness,panic,help_seeking"
"ऑनलाइन पोर्टल पर कम्पेन्सेशन का 2 लाख रुपये अभी तक नहीं आया, बार-बार पूछते हैं तो कहते हैं ‘डेटा में गड़बड़ी’, मैं बहुत गुस्से में हूँ।",hinglish,"anger,hopelessness,help_seeking"
"14566 का ऑफिस कब खुलता है, कृपया टाइमिंग बताइए।",hinglish,others
"लीगल एड के लिए कौन-कौन से दस्तावेज चाहिए, कृपया जानकारी दें।",hinglish,others
"मेरे केस का डॉकेट नंबर 2023/145/09 का स्टेटस क्या है, अभी तक अपडेट नहीं दिख रहा।",hinglish,others
"बिल्डिंग के बाहर दबंग बैंड वाले बैंडिट बायले पर बाहर घूम रहे हैं, हथियार लेकर हमारे घर के सामने खड़े हैं, बच्चों को देख रहे हैं, हमें तुरंत मदद चाहिए।",hinglish,"fear,intimidation,immediate_danger,help_seeking"
"हमारी बेटी को स्कूल से निकाल दिया, अब पड़ोसी कह रहे हैं कि अगर हम FIR वापस नहीं ले तो हमारे घर में आग लगा देंगे, मैं बहुत पैनिक में हूँ।",hinglish,"panic,intimidation,fear,help_seeking"
"वो लोग रोज़ हमारे बच्चों को पीछे से फॉलो कर रहे हैं, कभी‑कभी गाली‑गलौज भी कर रहे हैं, हमें डर लग रहा है कि कुछ हो जाये।",hinglish,"fear,intimidation,immediate_danger,help_seeking"
"हमारे टोले में सामाजिक बहिष्कार हो रहा है, लोग हमें खेत में काम नहीं करने दे रहे, हम बेइज्जत महसूस कर रहे हैं, बहुत डर और दुख है।",hinglish,"sadness,fear,intimidation,help_seeking"
"थानेदार ने हमारी शिकायत नहीं ली, कहा ‘इसे तो झेल लो’, अब हम बहुत गुस्से में और निराश हैं।",hinglish,"anger,hopelessness,help_seeking"
"बाबूजी, मेरे भाई को जेल से रिहा कर दिया गया है, अब वह बंदूक लेकर हमारे घर के बाहर खड़ा है और कह रहा है कि FIR वापस ले लो नहीं तो मेरे परिवार को मार डालेगा।",hi,"fear,intimidation,help_seeking"
"पंचायत में जब मैं अपनी बात रख रहा था तो दबंगों ने जातिसूचक गालियाँ दीं और मंदिर के द्वार से मुझे बाहर निकाल दिया, अब मैं बेइज्जत महसूस कर रहा हूँ।",hi,"anger,sadness,hopelessness,help_seeking"
"रात को मेरे घर के सामने लाठी से मारते हुए दो लोग आए, उन्होंने कहा कि अगर मैं एफआईआर दर्ज नहीं करूँगा तो आग लगा देंगे, मैं बहुत डरा हुआ हूँ।",hi,"fear,immediate_danger,panic,help_seeking"
"हमारे टोले को सामाजिक बहिष्कार का सामना करना पड़ रहा है, कुआँ तक पहुँचने से भी रोका जा रहा है और दारू पीकर गाली-गलौज कर रहे लोग हमें धमकी दे रहे हैं।",hi,"sadness,hopelessness,intimidation,help_seeking"
"हमारी पट्टे की जमीन पर दबंगों ने अवैध कब्जा कर लिया है, उन्होंने मेरे पिता को गोली मारने की धमकी दी और कहा कि अब हम कोई भी FIR नहीं दर्ज करा पाएँगे।",hi,"fear,anger,intimidation,help_seeking"
"मेरे बेटे को मारने की धमकी दे रहे हैं, मैं अभी भी डर के मारे कांप रहा हूँ।",hi,"panic,fear,immediate_danger,help_seeking"
"दुकान में जब मैं सब्जी खरीदने गया तो दुकानदार ने मुझे जातिसूचक शब्दों में बुलाया और कहा कि तुम लोग तो निचले जाति के हो, मैं बहुत दुखी हूँ।",hi,"anger,sadness,hopelessness,help_seeking"
"गाँव के शराबी लोग दारू पीकर गाली-गलौज कर रहे हैं, उन्होंने कहा कि अगर मैं शिकायत नहीं करूँगा तो मेरे घर को जला देंगे।",hi,"fear,intimidation,immediate_danger,help_seeking"
"हमारे टोले को सामाजिक बहिष्कार का सामना करना पड़ रहा है, सामुदायिक हॉल में प्रवेश से भी रोका जा रहा है और लोग हमें 'दबंग' कह कर तिरस्कार कर रहे हैं।",hi,"sadness,hopelessness,intimidation,help_seeking"
"थानेदार ने हमारी शिकायत को नजरअंदाज कर दिया, अब हमें नहीं पता कि कब तक हम इस अत्याचार को सहेंगे, कृपया मदद करें।",hi,"hopelessness,anger,help_seeking"
"मेरी पत्नी को लाठी से मारते हुए दो लोग आए, उन्होंने कहा कि अगर हम जमीन के लिए लड़ेंगे तो हम सबको मार डालेंगे, मैं बहुत डरा हुआ हूँ।",hi,"sadness,anger,immediate_danger,help_seeking"
कृपया बताइए मेरा दर्ज किया गया FIR कब तक प्रक्रिया में आएगा?,hi,others
"हमारे परिवार के ऊपर झूठी क्रॉस‑FIR दायर कर दी गई है, डॉक्टर ने जो मेडिकल रिपोर्ट देनी थी वो अभी तक नहीं मिली, और कोई वकील भी नहीं मिला, पोर्टल पर देय मुआवजा अभी तक नहीं आया, थानेदार सुनता ही ना।",hi,"fear,anger,hopelessness,help_seeking"
"अब हमारे बस्ती के बाहर ढेर सारा भीड़ जमा हो गई है, पत्थर फेंक रहे हैं, बंदूक‑बंदूक लेकर धक्का दे रहे हैं, दरवाज़े अंदर से बंद कर रखे हैं, तुरंत पुलिस बचाव करो!",hi,"immediate_danger,panic,fear,help_seeking"
"गांव के मंदिर में जब हम प्रवेश करने की कोशिश की तो ऊँचे लोग जातिसूचक गालियाँ देके सरेआम बेइज्जत कर रहे, हमें बाहर निकाल दिया गया, अब हम क्या करें?",hi,"sadness,anger,intimidation"
"हमारी पीड़िता के लिये दिये गये मुआवजे का पैसा पोर्टल पर दिख रहा है पर अभी तक ट्रांसफर नहीं हुआ, खेत का रास्ता रोक दियो, कई बार कॉल किया पर कोई जवाब नहीं, बहुत निराश हूँ।",hi,"hopelessness,anger,others"
"गाँव में धूम्रपान करने वाले दारू पीते हुए लोग दहाड़ते हुए कह रहे हैं ‘बेटा, थानेदार सुनता ही ना’, दहाड़ते हुए हम पर हथियार दिखा रहे हैं, अभी मदद चाहिए!",hi,"immediate_danger,panic,intimidation,help_seeking"
"हमारी बेटी को बाजार के दुकान में प्रवेश नहीं दिया गया, दुकानदार ने ‘तू तो निचले वर्ग का है’ कह कर धक्का मार दिया, पूरे टोले में सामाजिक बहिष्कार की धमकी दे रहे हैं।",hi,"sadness,anger,intimidation"
"पीड़िता की मेडिकल जांच का रिपोर्ट अभी तक नहीं आया, डॉक्टर को बुलाने के लिए कोई वकील नहीं मिला, थाने में भी कोई मदद नहीं मिल रही, बहुत डर लग रहा है।",hi,"hopelessness,fear,others"
"आज रात हमारे घर को आग लगा दी गई, पड़ोसियों ने जलती हुई लकड़ियों से धुआँ उठाते हुए कहा ‘अब देखो, तुम क्या करोगे’, अभी तक कोई पुलिस नहीं आई, बचाओ!",hi,"immediate_danger,panic,fear,help_seeking"
"पंचायत की चौपाल में जब हमने अपनी बात रखी तो बुजुर्गों ने ‘तुम लोग निचले जाति के हो’ कह कर सारा सम्मान छीना, अब हम डर के मारे घर नहीं जा पा रहे।",hi,"sadness,anger,intimidation"
"हमारे पिता को झूठी FIR के कारण जेल भेज दिया गया, वकील नहीं मिलने से बचाव नहीं हो पा रहा, परिवार में बहुत डर और गुस्सा है, कृपया मदद करें।",hi,"fear,anger,hopelessness,help_seeking"
"बस्ती में शराबी लोग बंदूक‑बंदूक लेकर महिलाओं को धमका रहे हैं, कई बार ‘अगर आवाज़ उठाएगा तो मार देंगे’ कह रहे हैं, तुरंत पुलिस भेजो!",hi,"immediate_danger,intimidation,fear,help_seeking"
"हमारे गाँव के कुएँ तक पहुँचने से हमें रोक दिया गया, ऊँचे लोग कह रहे हैं ‘तुम लोग तो खलिहान में ही रहो’, पानी नहीं मिलने से सब लोग पीड़ित हैं।",hi,"sadness,anger,hopelessness"
"बाबू जी, कल रात घर में दबंगों ने घुसकर मेरी बेटी को मारने की धमकी दी, मैं अब नहीं चल पाऊँगा!",hi,"immediate_danger,fear,panic,help_seeking"
"थानेदार साहब ने हमारी एफआईआर का कागज फाड़ दिया, अब हम दबंगों के हाथों बेबस हैं।",hi,"anger,hopelessness,help_seeking"
"डॉ. साहब ने हमारे चोट का मेडिकल रिपोर्ट नहीं दिया, और पोर्टल पर मुआवजा अभी तक नहीं आया, हम गरीब लोगन को क्या भरोसा?",hi,"sadness,anger,hopelessness,help_seeking"
"हमारे पिता पर झूठी क्रॉस‑एफआईआर दर्ज हुई, अब गांव वाले हमें बेइज्जत कर रहे हैं, हम नहीं जानते क्या करें।",hi,"fear,hopelessness,anger,help_seeking"
"गांव के कुएँ से पानी नहीं मिल रहा, दूकान वाले भी हमें रोक रहे हैं, रोज़ी‑रोटी का क्या होगा?",hi,"sadness,hopelessness,anger,help_seeking"
"बार्बर ने कहा कि हमारे टोले के लोगन को बाल नहीं काटूँगा, हमें सामाजिक बहिष्कार का सामना करना पड़ रहा है।",hi,"sadness,anger,hopelessness"
"डीयस्पी का वादा था कि वह आएँगे, पर दो हफ्ते बीत गए, अब हम दबंगों की मार से डरते हैं।",hi,"fear,hopelessness,help_seeking"
"किसी वकील ने हमारी मदद नहीं की, कानूनी सहायता नहीं मिली, अब हम न्याय के लिए क्या कर पाएँगे?",hi,"hopelessness,anger,help_seeking"
दबंगों ने दारू पीकर गाली‑गलौज की और कहा कि अगर शिकायत नहीं हटाई तो घर जला देंगे।,hi,"intimidation,fear,immediate_danger,help_seeking"
"हमारा गांव का हैंडपंप बंद कर दिया गया, कोई भी पानी नहीं देता, बच्चा भी प्यास से मर रहा है।",hi,"panic,immediate_danger,hopelessness,help_seeking"
"डरोगा ने कहा कि हमारे केस में कोई अपराध नहीं, इसलिए एफआईआर नहीं लिखेगा, हम क्या करें?",hi,"hopelessness,anger,help_seeking"
"पोर्टल पर मुआवजा 6 महीने से लटक रहा है, अभी तक नहीं मिला, हम गरीबी में और खिंच रहे हैं।",hi,"sadness,hopelessness,anger,help_seeking"
"बाबू जी, हम गरीब लोगन के पास अब तक पोए राहत फंड नहीं आया, दो महीने से इंतजार कर रहे हैं, कृपया जल्दी जांच करिए।",hi,"hopelessness,help_seeking"
"बाबूजी, मेरे बेटे की स्कॉलरशिप का पैसा अभी तक नहीं मिला, पढ़ाई में बाधा आ रही है, कृपया इस पर कार्रवाई करें।",hi,"sadness,hopelessness,help_seeking"
"हमरे टोले के सामने की गली में नाली टूट गई है, बारिश में जल भर जाता है, थाना‑कचहरी से मदद चाहिए, कब ठीक होगी?",hi,"help_seeking,others"
"बाबू जी, खलिहान के पास की नहर बंद है, खेत में पानी नहीं जा रहा, रोजी‑रोटी के लिए बहुत मुश्किल हो गई है।",hi,"sadness,help_seeking"
"हमरे बाप के पास जो पट्टा था, दबंग लोगन ने बिना कागज के खेत में घुस कर फसल तोड़ ली, अब हम बेइज्जत महसूस कर रहे हैं।",hi,"anger,fear,intimidation"
"कल रात हमारे खेत में दहाड़े हुए लोगन ने धुएँ से फसल जला दी, अब रोजी‑रोटी नहीं बची, पुलिस ने कोई एफआईआर नहीं लिखा।",hi,"panic,hopelessness,anger,help_seeking"
"हमारा टोला का रास्ता दबंगों ने ट्रैक्टर खड़ा कर दिया है, गाड़ी नहीं चलती, हमें स्कूल भेजना मुश्किल हो गया।",hi,"intimidation,fear,anger,help_seeking"
"मेरे भाई को जेल से रिहा कर दिया गया, अब वही दबंग हमारे घर के बाहर खड़े होकर गाली‑गलौज कर रहे हैं, बच्चा रोता रहता है।",hi,"fear,intimidation,panic"
"हमने जो भी अपराधी के खिलाफ एफआईआर लिखा था, अब वही लोग हमारे घर में आकर धमकी दे रहे हैं कि अगर FIR वापस नहीं ली तो हाथापाई करेंगे।",hi,"intimidation,fear,help_seeking"
"हमारे छोटे बच्चे रोज़ स्कूल से लौटते समय दबंगों के समूह द्वारा पीछा किया जाता है, माँ को बहुत डर लग रहा है।",hi,"fear,intimidation,panic"
"बाबू जी, पिछले महीने हमने थाना में शिकायत दर्ज करवाई थी, अब तक कोई जवाब नहीं मिला, कृपया स्थिति बताइए।",hi,others
"हमारे गांव के कुआँ/हैंडपंप में पाई नहीं आ रही, रोज़ पानी के लिए दूर चलना पड़ता है, थाना से मदद चाहिए।",hi,"help_seeking,sadness"
"बाबू जी, रात के अंधियारे में दबंगों ने हमारे घर के बाहर लाठी से मारपीट की, अब हम डर के मारे नींद नहीं ले पाते।",hi,"fear,intimidation,immediate_danger,help_seeking"
"हम गरीब लोगन की बेटी को दफन के पास दारू पीकर गाली-गलौज कर रहे दबंगों ने मारने की धमकी दी, अब वह रोज़ रोती है।",hi,"fear,panic,sadness,help_seeking"
"हमारे पूर्वजों का पट्टा वाला खेत अब गाँव के बड़े जमींदार ने अपने ट्रैक्टर से धँसाकर हमारी फसल जलाने की कोशिश की, अब हम रोज़ी-रोटी की चिंता में हैं।",hi,"anger,hopelessness,immediate_danger,help_seeking"
"टोला के रास्ते में दबंगों ने कंकड़ रख कर हमारे खेत तक पहुँचने का रास्ता बंद कर दिया, किसान भाई अब ट्रैक्टर नहीं चला पाते।",hi,"intimidation,anger,hopelessness,help_seeking"
"हमारी चाचानी के हाथापाई से गांव के सार्वजनिक कुआँ से पानी लेने पर दूकानदार ने हमें रोक दिया, अब बच्चों को प्यास लगी है।",hi,"sadness,hopelessness,anger,help_seeking"
"बाबू जी, हमारे टोले के लोगन को दुकान वाले ने सब्ज़ी नहीं दी, कहा कि हम SC लोग हैं, अब हम भूखे मर रहे हैं।",hi,"sadness,hopelessness,anger,help_seeking"
"रात को दबंगों ने हमारे घर के सामने आग लगाने की बात की, लाथी लेकर आए और कहा कि अगर हम शिकायत करेंगे तो घर जल जाएगा।",hi,"fear,intimidation,immediate_danger,help_seeking"
"हमारी धान की फसल को दबंगों ने बिना पूछे ही काट लिया, और हमारे हाथ में कोई पैसा नहीं बचा, रोज़ी-रोटी अब नहीं मिल रही।",hi,"anger,hopelessness,sadness,help_seeking"
"गाँव के नाई ने कहा कि वह हमारे टोले के लोगन को बाल नहीं काटेगा, कहा हम बेइज्जत हैं, अब हम शादी में भी नहीं जा सकते।",hi,"sadness,hopelessness,anger,help_seeking"
"थाना-कचहरी के थानेदार ने हमें बताया कि अगर हम एफआईआर नहीं लिखवाएंगे तो हमारे घर को दबंगों द्वारा जला दिया जाएगा, अब हम डर के मारे चुप हैं।",hi,"fear,intimidation,hopelessness,help_seeking"
"हमारे खेत के पास के रास्ते में दबंगों ने अपना ट्रैक्टर फँसा दिया, जिससे हम अपने बैल को भी नहीं ले जा पा रहे, रोज़ी-रोटी की चिंता बढ़ गई।",hi,"intimidation,anger,hopelessness,help_seeking"
"हमारे टोले को पूरे गांव ने सामाजिक बहिष्कार कर दिया, कोई भी हमें दाल-चावल नहीं देता, यहां तक कि थानेदार भी हमें अनदेखा करता है।",hi,"sadness,hopelessness,fear,help_seeking"
"बाबू जी, हम गरीब लोगन का PoA राहत फंड दो महीने से नहीं आया, रोज़ी‑रोटी के लिये बहुत मुश्किल हो रही है, कृपया जल्दी जाँच करिए।",hi,"hopelessness,sadness,help_seeking,others"
"हमरे टोलै की बेटी की स्कॉलरशिप अभी तक नहीं मिली, विभाग के कागजात में देर से लिखाई हो रही है, हम बेइज्जत महसूस कर रहे हैं।",hi,"anger,sadness,help_seeking,others"
"चौपाल के पास की गली में ट्रैक्टर दबंगों ने रख दिया है, सड़क टूट गई है और गाड़ी नहीं चलती, सरकार से जल्दी मरम्मत की गुहार लगाते हैं।",hi,"anger,help_seeking,others"
"हमरे खलिहान के पास नाली बंद है, बरसात में पानी भर के घर में हाथापाई हो रही है, अब रोज़ी‑रोटी की चिंता है।",hi,"sadness,hopelessness,help_seeking,others"
"बाबू जी, आज रात हमारे बस्ती के चारों ओर दबंग लोग पत्थर फेंक रहे हैं, हथियार लेकर घुस आए हैं, दरवाज़ा बंद है, तुरंत पुलिस की मदद चाहिए!",hi,"immediate_danger,panic,fear,help_seeking"
"हमरे घर के बाहर थानेदार ने बंदूक दिखा कर धमकी दी, दरवाज़ा बंद कर रखा है, हम डर के मारे नहीं चल पा रहे, कृपया तुरंत बचाव करें।",hi,"immediate_danger,fear,panic,help_seeking"
"हमरे पिता पर झूठी एफआईआर दायर कर दी गई है, दबंग लोग हमारे परिवार को बेइज्जत कर रहे हैं, अब न्याय नहीं मिल रहा, मदद चाहिए।",hi,"anger,intimidation,hopelessness,help_seeking"
"गुजरात में हुए दुर्घटना का मेडिकल रिपोर्ट अभी तक नहीं आया, अस्पताल ने कहा कि पोर्टल में अपलोड नहीं हुआ, इलाज का खर्च बढ़ रहा है।",hi,"sadness,hopelessness,help_seeking,others"
"हम SC परिवार को कानूनी मदद नहीं मिल रही, थाने‑कचहरी में वकील नहीं दिया गया, हम बेबस हैं, कृपया सहायता करें।",hi,"anger,sadness,help_seeking,others"
"सरकारी पोर्टल पर जमीन अधिग्रहण का मुआवजा अभी तक नहीं दिख रहा, दो साल से इंतज़ार कर रहे हैं, हम बेइज्जत और गरीबी में धँसे हैं।",hi,"anger,hopelessness,help_seeking,others"
"पानी के कुएँ की मरम्मत की शिकायत पर दबंग लोग हमें सामाजिक बहिष्कार कर रहे हैं, गाँव में दारू पीकर गाली‑गलौज कर रहे हैं, हम बहुत डरते हैं।",hi,"intimidation,sadness,hopelessness,others"
"पहले की डाक्यूमेंट में बेक़ाबू रेत खनन की शिकायत पर कोई कार्रवाई नहीं हुई, हम फिर से गुहार लगा रहे हैं, कृपया फॉलो‑अप करें।",hi,"others,anger,help_seeking"
"हमारा पुरखा का पट्टा वाला जमीन अब गाँव के दबंगों ने अपने खेत में ले लिया, हमारे खेत का रास्ता भी रोक दिया है, अब हम खलिहान तक नहीं जा पा रहे।",hi,"anger,hopelessness,intimidation"
"कल रात दारू पीकर दबंगों ने हमारे फसल को आग लगा दी, धुआँ उठते ही सब कुछ जल गया, अब हम भूखे मरेंगे।",hi,"fear,panic,immediate_danger"
"थानेदार सुनता ही नहीं, हमारे ट्रैक्टर को दबंगों ने रोक कर खींच लिया, अब हम गाँव के चौपाल तक नहीं जा पा रहे।",hi,"anger,hopelessness,intimidation"
"पिछले हफ्ते मेरे बेटे को लाठी से पीटा गया, लोग डराते-डराते कह रहे हैं फिर से न आएँ तो घर जला देंगे।",hi,"fear,intimidation,immediate_danger,anger"
"रात को जब मैं घर आया तो दो लोग धुंध में खड़े होकर कहा, अगली बार अगर नहीं मानोगे तो तुम्हारी बेटी को मार देंगे।",hi,"fear,intimidation,panic"
"हमारी टोलिया का सार्वजनिक कुआँ अब बंद कर दिया गया है, कोई भी हमें पानी नहीं देता, बच्चा भी प्यास से मर रहा है।",hi,"sadness,hopelessness,help_seeking"
"गाँव की दुकान में कोई भी हमारे टोले के लोग दाल नहीं बेचता, हर बार दारू पीकर गाली-गलौज सुनते हैं, हम भूख से मर रहे हैं।",hi,"anger,sadness,hopelessness"
"हमारे गाँव के नाई ने कहा कि अब से हमारे बाल नहीं काटेगा, कहा हम SC हैं, बेइज्जत कर रहे हैं।",hi,"sadness,anger,hopelessness"
"डरावने लोग कह रहे हैं कि अगर हम शिकायत करेंगे तो हमारे घर को आग लगा देंगे, रात को हम सो नहीं पाते।",hi,"fear,immediate_danger,panic"
"मेरी पत्नी को दो लोग रात को डांटते हुए धमका रहे हैं, कह रहे हैं अगर हम आवाज़ उठाएंगे तो गाँव में सबको मारेंगे।",hi,"fear,intimidation,panic,help_seeking"
"कृपया बताइए कि हमारे एफआईआर की प्रगति क्या है, कब तक कार्रवाई होगी?",hi,others
"हमारा टोला अब गांव के हॉल में बैठ नहीं सकता, सभी हमें बाहर कर रहे हैं, सामाजिक बहिष्कार हो रहा है, कृपया मदद करें।",hi,"help_seeking,sadness,hopelessness"
"भाई, कल पंडित जी ने हमारे घर में घुसते ही ""तुम लोग नीचे वाले हो"" कहके गाली दी, अब हम डर के मारे बाहर नहीं जा पा रहे।",hinglish,"fear,intimidation,anger"
"हमारी बेटी को मंदिर में प्रवेश नहीं दिया गया, पुजारी ने ""छोटी जाति"" कह कर धक्का मार दिया, हम बहुत बेइज्जत महसूस कर रहे हैं।",hinglish,"sadness,anger,intimidation"
"ड्राइवर ने कहा कि अगर हम केस नहीं लेते तो पट्टा तोड़ देंगे, अब परिवार बहुत scare है।",hinglish,"fear,intimidation,panic"
"थानेदार कह रहा है complaint नहीं ले रहा, हमें धमकी दे रहा है कि फिर से नहीं आएँगे तो गली में दारू पीकर गाली-गलौज करेंगे।",hinglish,"intimidation,fear"
14566 का office timings क्या है? शाम को कॉल कर सकते हैं?,hinglish,others
कौन-कौन से दस्तावेज़ चाहिए एफआईआर के साथ legal aid के लिए?,hinglish,others
"मेरे docket number 2023/145/07 का status बताइए, अभी तक कोई अपडेट नहीं मिला।",hinglish,others
"मेरे बेटे की स्कॉलरशिप का पैसा दो महीने से नहीं आया, अब पढ़ाई में दिक्कत हो रही है।",hinglish,"hopelessness,sadness,anger"
"गांव के PoA राहत फंड का पैसा अभी तक नहीं मिला, लोग पानी के कुएँ की मरम्मत नहीं कर पा रहे।",hinglish,"hopelessness,sadness"
"हमारे टोले की नाली टूट गई है, बारिश में पानी भर जाता है, जल्दी मरम्मत करवाइए।",hinglish,help_seeking
"ड्रेन साफ़ करने वाले ने कहा अगर हम पैसे नहीं देंगे तो फिर से नहीं आएँगे, अब हम डर रहे हैं।",hinglish,"fear,intimidation,help_seeking"
"हमारे परिवार को गाँव में सामाजिक बहिष्कार कर दिया गया, लोग हमें खाने में भी नहीं बुलाते, बहुत दुख हो रहा है।",hinglish,"sadness,hopelessness,fear"
"हमारे गाँव के कुआँ का पानी अब हाथपंप से नहीं मिल रहा, दुकानदार और पड़ोसी सब हमें रोक रहे हैं, रोज़‑रोज़ बेइज्जत हो रहे हैं, अब हम क्या करिए?",hi,"hopelessness,sadness,anger,help_seeking"
"बाबूजी, नजदीकी नाई ने कहा कि हमारे टोले के लोग उसके पास नहीं आएँगे, डर के मारे हम सब बाल नहीं कटवाते, हमें मदद चाहिए।",hi,"intimidation,fear,help_seeking"
"आज गाँव की दूकान में गया, लेकिन दुकानदार ने कहा ‘तुम लोग यहाँ से नहीं खरीदोगे’, धक्का‑धक्का कर बाहर निकाल दिया, धमका रहे हैं, दिल धड़क रहा है, क्या करूँ?",hi,"panic,anger,intimidation,help_seeking"
"पिछले हफ्ते थाने में गया, पर थानेदार ने हमारा एफआईआर का कागज फाड़ दिया, कहा ‘इसे छोड़ दो’, अब हम क्या करेंगे?",hi,"intimidation,hopelessness,anger,help_seeking"
"डरगैज वाले दबंगों ने हमें धमका रहे हैं, दारू पीकर गाली‑गलौज कर रहे हैं, अगर पुलिस नहीं आए तो तुरंत खतरा है।",hi,"immediate_danger,fear,intimidation,help_seeking"
"थानेदार सुनता ही ना, हमने कई बार गुहार लगाई पर DSP का कोई जवाब नहीं आया, अब सब लोग घबराए हुए हैं।",hi,"panic,hopelessness,anger,help_seeking"
"खेत का रास्ता रोक दियो, दबंगों ने ट्रैक्टर से बंद कर दिया, बाहर निकलते ही जातिसूचक गालियां दे रहे हैं, हम डर के मारे घर में ही बंद हैं।",hi,"fear,intimidation,immediate_danger,help_seeking"
"सामाजिक बहिष्कार हो गया है, चौपाल में भी हमें बुलाया ही नहीं जाता, लोग हमें देख कर सरेआम बेइज्जत करते हैं, दिल टूट गया।",hi,"sadness,hopelessness,anger,help_seeking"
"पिछले महीने जब हमने पट्टा लेकर जमीन पर काम शुरू किया, तो गांव के बड़े ने धमकी दी ‘अगर आगे बढ़े तो मार डालूँगा’, अब हम नहीं जान पाते कि क्या करें।",hi,"intimidation,fear,immediate_danger,help_seeking"
14566 हेल्पलाइन के ऑफिस के समय क्या हैं?,hi,others
"कानूनी सहायता के लिए कौन‑कौन से दस्तावेज़ चाहिए, कृपया बताइए।",hi,others
"मेरे दर्ज किए गए केस का डॉकेट नंबर 2023/456 है, उसकी वर्तमान स्थिति क्या है?",hi,others
"बाबू जी, हमारे टोले के लोगन को मंदिर में कदम रखने की इजाज़त नहीं दी गई, धाकड़ लोगन ने जातिसूचक गालियाँ दीं और हमें बेइज्जत किया।",hi,"sadness,anger,hopelessness"
"थानेदार साहब ने हमारी एफआईआर का कागज़ फाड़ दिया, कहा कि दबंगों के साथ समझौता कर लो, नहीं तो रोज़ी‑रोटी भी नहीं बचेगी।",hi,"intimidation,hopelessness,anger,help_seeking"
"जेल से रिहा हुए आरोपी अब हथियार लेकर हमारे घर के बाहर घूम रहा है, हमारे बच्चों को धमकी दे रहा है कि अगर FIR वापस नहीं ली तो मार डालेंगे।",hi,"fear,intimidation,immediate_danger,panic"
"बाबू जी, मेरे बेटे को दबंगों ने मारना शुरू कर दिया, जल्दी मदद करो!",hi,"panic,immediate_danger,help_seeking"
"हम गरीब लोगन ने कई बार DSP जी को बुलाने की गुहार लगाई, पर थानेदार ने कहा कि वो दो हफ्ते बाद आएँगे, अब रोज़ी‑रोटी की चिंता है।",hi,"hopelessness,anger,sadness,help_seeking"
"पंचायत में हमारे टोले को सामाजिक बहिष्कार की सजा मिली, सब लोगन ने हमें घर से बाहर निकाल दिया, अब कोई भी मदद नहीं करता।",hi,"sadness,hopelessness,anger"
"थानेदार ने कहा अगर हम FIR वापस ले लेंगे तो हमारे पूरे परिवार को दारू पीकर गाली‑गलौज कर मार देंगे, हम बहुत डरे हुए हैं।",hi,"intimidation,fear,immediate_danger,help_seeking"
"हमारे गाँव के कुएँ में पानी नहीं दिया जा रहा, दबंग जाति वाले लोगन ने हाथापाई करके हमें पानी से वंचित कर दिया, रोज़ी‑रोटी के लिए पानी नहीं मिल रहा।",hi,"sadness,anger,hopelessness"
"पुलिस ने हमें झूठा बयान लिखवाया, कहा कि हम ही अपराधी हैं, नहीं तो थाने में ही रख देंगे, हम बहुत डर रहे हैं।",hi,"intimidation,fear,anger"
"दबंगों ने बंदूक लेकर हमारे खलिहान के सामने खड़ा हो गया, अगर हम नहीं मानेंगे तो गोली मार देंगे, हम बहुत डरे हुए हैं।",hi,"fear,immediate_danger,panic"
"पंचायत की चौपाल में हमारे पिता को जातिसूचक गाली दी गई, सभी लोगन ने उन्हें बेइज्जत किया, अब हम कुछ नहीं बोल पाते।",hi,"sadness,anger,hopelessness"
"कृपया बताइए कि हमारी एफआईआर का स्टेटस क्या है, थाने‑कचहरी में कब तक अपडेट होगा?",hi,others
14566 हेल्पलाइन के कार्यालय के समय क्या हैं? कृपया बताइए कि सुबह कितने बजे से शाम तक खुला रहता है।,hi,others
"कानूनी सहायता के लिए कौन‑कौन से दस्तावेज़ चाहिए, जैसे कि जाति प्रमाणपत्र या पट्टा? मुझे जानकारी चाहिए।",hi,others
मेरे दायर किए गए डॉकेट नंबर 2023/0456 की स्थिति क्या है? कृपया अपडेट दें।,hi,others
"हमारे गाँव में पोए राहत निधि का भुगतान अभी तक नहीं आया, कई महीने हो गए हैं, परिवार की आर्थिक स्थिति बिगड़ रही है, बहुत निराश हूँ।",hi,"sadness,anger,hopelessness,help_seeking"
"छात्रवृत्ति का पैसा देर से आ रहा है, मेरे भाई की पढ़ाई रुक गई है, इस देरी से हमें बहुत दुख हो रहा है, कृपया जल्दी कार्रवाई करें।",hi,"sadness,anger,hopelessness,help_seeking"
"टोले की मुख्य सड़क पर गड्ढे बहुत बड़े हो गए हैं, गाड़ी चलाते समय डर लगता है, कृपया मरम्मत का काम जल्द शुरू करें।",hi,"anger,help_seeking"
"हमारे टोलै में नाली बंद हो गई है, बारिश में जलभराव हो रहा है, घरों में पानी जमा हो रहा है, कृपया जल निकासी की व्यवस्था करें।",hi,"sadness,help_seeking"
"हमारी पैतृक पट्टे की जमीन पर अवैध कब्जा कर लिया गया है, ऊँचा बाड़ा बना कर हमारे खेत में प्रवेश नहीं दिया जा रहा, हमें बहुत डर लग रहा है, कृपया मदद करें।",hi,"intimidation,fear,anger,help_seeking"
"ऊँचे जाति वाले ज़मींदार ने हमारे खेत में फसल जला दी, हम सबको डर और निराशा है, तुरंत एफआईआर दर्ज कराने में सहायता चाहिए।",hi,"panic,fear,hopelessness,help_seeking"
"हमारे खेत की पहुँच वाली गली में अजनबी लोग कचरा फेंक रहे हैं, रास्ता बंद हो गया है, हमें काम करने में दिक्कत हो रही है, कृपया इस अवैध कब्जे को हटवाएँ।",hi,"intimidation,anger,help_seeking"
"मेरे ट्रैक्टर को गाँव के दबंग ने रोक कर फिरौती माँगी, डर के मारे मैं नहीं चल पा रहा हूँ, कृपया तुरंत हस्तक्षेप करें।",hi,"intimidation,fear,panic,help_seeking"
"मैंने पहले शिकायत की थी, अब मेरे परिवार को सामाजिक बहिष्कार का सामना करना पड़ रहा है, पड़ोसी जातिसूचक शब्द बोलते हैं, हमें बहुत उदासी और डर है।",hi,"intimidation,fear,hopelessness,sadness"
"बाबू जी, हम गरीब लोगन के बेटा पर दबंग काका ने मारपीट की, पर थानेदार ने शिकायत कागज फाड़ दिया, अब हम क्या करब?",hi,"intimidation,fear,help_seeking"
"हमार टोला में रात के समय दंगे हुए, लेकिन डीएसपी साहब अभी तक नहीं आए, लोग डर के मारे घर में ही बंद हैं.",hi,"panic,fear,hopelessness"
"पॉवर्टी एलीजिबिलिटी रिलीफ फंड के पैसे अब तक नहीं मिले, हम रोजी-रोटी चलाने के लिये कर्ज ले रहे हैं, बहुत हाथापाई हो गई है.",hi,"sadness,hopelessness,help_seeking"
"मेरी बेटी की स्कॉलरशिप का पैसा दो महीने से नहीं आया, पढ़ाई में बाधा आ रही है, हम बहुत परेशान हैं, कृपया गुहार लगाइए.",hi,"sadness,hopelessness,help_seeking"
"हमार खलिहान तक की गली में पानी भर जाता है, तोला वाले कई बार रिपोर्ट कर चुके हैं, पर कोई सड़क मरम्मत नहीं हुई, अब हम थक गए हैं.",hi,"anger,hopelessness,help_seeking"
"टूटे नाली से बाढ़ आ गई, लेकिन पंचायत ने अभी तक कोई काम नहीं किया, लोग बीमार पड़ रहे हैं, हम डर के मारे बिस्तर पर पड़े हैं.",hi,"fear,anger,help_seeking"
"गांव के सार्वजनिक कुएँ से पानी नहीं दिया जा रहा, लोग कह रहे हैं कि हम शूद्र हैं, अब हम प्यास से मरेंगे, कृपया मदद करें.",hi,"fear,hopelessness,help_seeking"
"हमारे टोले के लोगन को गांव की दुकान में सब्जी नहीं मिलती, दुकानदार कहता है कि हम गरीब और दलित हैं, हम बहुत दुखी हैं.",hi,"sadness,anger,hopelessness"
"बाबूजी, नाई ने हमारे बाल नहीं कटाए, कहा कि हम काली जाति के हैं, अब शादी में कैसे दिखेंगे, हम बहुत परेशान हैं.",hi,"sadness,anger,hopelessness"
"डरावनी बात है, गांव के शराबी दबंग दारू पीकर हमें धमकी दे रहे हैं, अगर हम शिकायत करेंगे तो मार डालेंगे, तुरंत मदद चाहिए.",hi,"intimidation,fear,immediate_danger,help_seeking"
"थाने में गया तो थानेदार ने कहा कि अगर हम एफआईआर लिखेंगे तो हमारे घर में आग लगा देंगे, अब हम क्या करें, बहुत डर लग रहा है.",hi,"intimidation,fear,hopelessness,help_seeking"
"हमारी पिछली शिकायत का डॉकेट नंबर 12345 है, कृपया बताइए कि अब तक क्या कार्रवाई हुई है?",hi,others
"Babuji, humare gaon mein jab humne daroga se FIR file karne ko bola, wo complaint ka paper hi phaad ke le gaya, ab hum kya kare?",hinglish,"intimidation,hopelessness,help_seeking"
"DSP sir aaj tak nahi aaye, humare bhai ko daka diya gaya aur koi action nahi liya, hum bahut dar rahe hain.",hinglish,"fear,immediate_danger,help_seeking"
"Thanedhar ne hume dhamki di ki agar FIR nahi dunga to case wapas le lega, ab family bohot scare hai.",hinglish,"intimidation,fear,panic,help_seeking"
"Mandir ke gate pe humko jaatisuchak gaaliyan di gayi, koi bhi humse baat nahi karta, hum beizzati se thak gaye hain.",hinglish,"sadness,anger,hopelessness"
"Chaupal mein humare pati ko khana dene se mana kar diya, log kehte hain humara kutumb 'dalit' hai, ab hum bahut udaas hain.",hinglish,"sadness,hopelessness,fear"
"Gaon ke dabangg ne humare kutte ko maar diya aur gaaliyan dete hue bola ki hum SC hain, ab hum bahut gussa hain.",hinglish,"anger,intimidation"
14566 office ka timing kya hai aur kaunse documents legal aid ke liye chahiye?,hinglish,others
Mera docket number 2023/4567 ka status kya hai? Kripya bataiye.,hinglish,others
Legal aid ke liye FIR copy ke alawa aadhar card ke sath koi aur paper chahiye?,hinglish,others
"Raat ko humare ghar ke bahar daku aake dhamki de rahe hain, police ne aaj tak koi action nahi liya, hum bahut dar gaye hain.",hinglish,"immediate_danger,fear,panic,help_seeking"
"Hamare pati ko market se bahar nikaal diya gaya, log kehte hain humara parivar SC hai, ab hum sabko social bahishkar ka samna karna pad raha hai.",hinglish,"sadness,hopelessness,anger"
"Daroga ne humari complaint ko 'choti baat' bola aur FIR likhne se mana kar diya, ab humko pata nahi kya kare.",hinglish,"anger,hopelessness,help_seeking"
"बाबू जी, थानेदार साहब ने हमारी शिकायत का कागज फाड़ दिया और FIR नहीं लिखे, अब दबंग लोग हमें फिर से मारेंगे, हम गरीब लोगन को क्या करे?",hi,"anger,hopelessness,intimidation,help_seeking"
"हमरे टोले में रात के समय दहशत फैला है, लेकिन DSP साहब अभी तक नहीं आए, हमें डर लग रहा है कि कब तक और बर्दाश्त करेंगे।",hi,"fear,hopelessness,help_seeking"
"डरोगा साहब ने हमें दबंगों से समझौता करने को कहा, नहीं तो रोज़ी-रोटी छीन लेगा, हम तो बेइज्जत हो रहे हैं।",hi,"anger,intimidation,hopelessness"
"पॉवर्टी अलायंस फंड का पैसा अब तक नहीं आया, हमारे बच्चों की पढ़ाई और खलिहान की मरम्मत रुक गई, कब तक इंतजार करें?",hi,"sadness,anger,help_seeking"
"सरकारी छात्रवृत्ति का भुगतान दो महीने से लटके है, हम रोज़ी-रोटी के लिए खेत में मेहनत करते हैं, अब क्या करेंगे?",hi,"sadness,hopelessness,help_seeking"
"हमारे टोले का मुख्य सड़क गड्ढे से भर गया है, गाड़ी चलाते समय हाथापाई हो रही है, कृपया जल्दी मरम्मत करवाएँ।",hi,"anger,sadness,help_seeking"
"बारिश के बाद नाली नहीं साफ हुई, पानी भर कर खतरनाक हो गया, बच्चे बीमार पड़ रहे हैं, तुरंत कार्रवाई चाहिए।",hi,"immediate_danger,sadness,help_seeking"
"14566 हेल्पलाइन के काम करने के समय क्या हैं, कृपया बताइए?",hi,others
"कानूनी सहायता के लिए कौन-कौन से दस्तावेज़ चाहिए, बताइए बाबू जी।",hi,others
"मेरे दायर किए गए डॉकेट नंबर 2023/07/14566 की स्थिति क्या है, कृपया अपडेट दें।",hi,others
"पिछले महीने की शिकायत पर कोई फॉलो‑अप नहीं मिला, कृपया बताएं कब तक समाधान मिलेगा?",hi,others
"अब तो दबंग लोग हमारे घर के सामने दारू पीकर गाली-गलौज कर रहे हैं, हम डर के मारे नहीं चल पा रहे, मदद करो!",hi,"panic,fear,immediate_danger,help_seeking"
"बाबूजी, मेरे भाई को जेल से रिहा कर दिया गया है, वह अब बंदूक लेकर हमारे घर के सामने खड़ा है और कह रहा है कि FIR वापस ले लो, नहीं तो हमारे परिवार को मार डालेगा।",hi,"intimidation,fear,immediate_danger"
"हमारे दो बच्चों को रोज़ सुबह स्कूल से वापस आते समय दबंगों ने घूरा, उन्हें धमकी दी कि अगर हम FIR नहीं हटाएंगे तो उन्हें मार देंगे।",hi,"intimidation,fear,panic"
"हमारी पत्नी पर झूठी क्रॉस‑FIR दर्ज कर दी गई है, और अस्पताल का मेडिकल रिपोर्ट भी गायब कर दिया गया, अब हमें न्याय नहीं मिल रहा।",hi,"hopelessness,anger,sadness"
"थाने में वकील नहीं मिला, कोई मुफ्त कानूनी सहायता नहीं दी गई, हम खुद ही केस लड़ने की कोशिश कर रहे हैं।",hi,"hopelessness,help_seeking"
"सरकारी पोर्टल पर हमारे नुकसान की भरपाई का भुगतान अभी तक नहीं आया, कई बार ट्रैक किया पर कोई अपडेट नहीं मिलता।",hi,"hopelessness,anger,help_seeking"
"थानेदार ने हमारी शिकायत का कागज़ फाड़ दिया और कहा कि हम बड़े लोगों से समझौता कर लें, FIR नहीं लिखेगा।",hi,"intimidation,anger,hopelessness"
"डरोगा ने हमें दबंगों के साथ समझौता करने को कहा, नहीं तो गांव में हमारी सामाजिक बहिष्कार हो जाएगी।",hi,"intimidation,fear,hopelessness"
"डिस्पैचिंग स्पेशल DSP का वादा किया गया था, लेकिन दो हफ्ते बीत गए, अभी तक कोई आया नहीं।",hi,"hopelessness,anger,help_seeking"
"हमारी शिकायत के बाद पूरे टोले ने हमें बाहर निकाल दिया, कोई भी हमारे घर में नहीं आता, सामाजिक बहिष्कार का सामना कर रहे हैं।",hi,"sadness,hopelessness,anger"
"दबंग दारू पीकर हमारे घर के सामने गाली-गलौज कर रहा है, कह रहा है कि अगर FIR नहीं हटाएंगे तो खून बहाएंगे।",hi,"intimidation,fear,immediate_danger"
"हमारे पट्टे की जमीन पर अवैध कब्जा करके पड़ोसी ने अपना नाम लिखवा दिया, पुलिस ने कोई जांच नहीं की।",hi,"anger,hopelessness,help_seeking"
"कृपया तुरंत सुरक्षा प्रदान करें, हमारे बच्चों को लगातार धमकियों का सामना करना पड़ रहा है, हमें मदद चाहिए।",hi,"help_seeking,immediate_danger,fear"
"बाबूजी, मेरे पति को बंधुआ बँड के दबंग बंधु बंधु ने धक्के से बाहर निकाल कर हमारे घर में घुस कर कहा कि अगर हम एफआईआर दर्ज नहीं करवाएंगे तो हमारे बच्चों को मार डालेंगे, हमें बहुत डर लग रहा है।",hi,"fear,intimidation,help_seeking"
"पिछले दो हफ्तों से वही आरोपी, जो अभी अभी जमानत पर आया है, हमारे टोले के बच्चों को गली‑गली में घूर रहा है, हाथ में बंदूक लेकर धमकी दे रहा है, हमें तुरंत सुरक्षा चाहिए।",hi,"immediate_danger,fear,panic"
"हमारे गाँव में पोए राहत निधि का भुगतान दो महीने से नहीं आया, कई बार थानेदार और पंचायत से गुहार लगाई पर कोई जवाब नहीं मिला, कृपया इस पर कार्रवाई करें।",hi,"others,hopelessness,help_seeking"
"मेरे बेटे की छात्रवृत्ति का पैसा अभी तक ट्रांसफर नहीं हुआ है, कॉलेज में पढ़ाई रोकनी पड़ रही है, कृपया इस देरी को दूर करने की कृपा करें।",hi,"others,hopelessness"
"टोले के मुख्य रास्ते पर गड्ढा है, बारिश में पानी भर जाता है और गाड़ी चलाना असंभव हो गया है, कृपया जल्द से जल्द सड़क मरम्मत करवाएँ।",hi,"others,help_seeking"
"हमारे खलिहान के पास नाली बंद हो गई है, पानी भर कर खेत में जलभराव हो रहा है, पंचायत से गुजारिश है कि नाली की सफाई तुरंत करवाई जाए।",hi,"others,help_seeking"
"हमारी परिवार के खिलाफ झूठी क्रॉस‑एफआईआर दर्ज कर दी गई है, जिससे हमें सामाजिक बहिष्कार का सामना करना पड़ रहा है, हमें न्याय चाहिए।",hi,"anger,hopelessness,help_seeking"
"एफआईआर दर्ज कराने के बाद डॉक्टर का मेडिकल रिपोर्ट अभी तक नहीं मिला, जिससे उपचार में देरी हो रही है, कृपया रिपोर्ट जल्द भेजें।",hi,"sadness,anger,help_seeking"
"हमारी केस में कानूनी सहायता के लिए वकील नहीं मिला, थानेदार ने कहा कि पोर्टल पर अपलोड कर लें, पर हमें समझ नहीं आ रहा, कृपया मदद करें।",hi,"hopelessness,help_seeking"
"विपत्ति राहत के पोर्टल पर मेरा केस है, लेकिन अब तक कोई भी रक्कम नहीं मिली, कई बार कॉल किया पर कोई जवाब नहीं, इस पर कार्रवाई कीजिए।",hi,"anger,hopelessness,others"
"एफआईआर दर्ज करने के बाद हमारे परिवार को गाँव में सामाजिक बहिष्कार का सामना करना पड़ रहा है, लोग जातिसूचक शब्दों से गाली‑गलौज करने लगे हैं, हमें सुरक्षा और समर्थन चाहिए।",hi,"sadness,anger,help_seeking"
"हमारी जमीन का पट्टे की जमीन है, पर पड़ोसी ने अवैध कब्जा करके खलिहान के पास खड़ी कर दी है, अब हमें खेती नहीं हो पा रही, कृपया इस अवैध कब्जे को हटाने में मदद करें।",hi,"anger,intimidation,help_seeking"
"बाबू जी, कल रात हमारे घर के बाहर दो दबंगों ने लाठी से मारना शुरू कर दिया, हम सब डर के मारे घर में ही छिपे रहे, अब तो हमें तुरंत मदद चाहिए।",hi,"fear,intimidation,immediate_danger,panic"
"हम गरीब लोगन को गाँव के चौपाल में एक महिला को दुरुपयोग करने की धमकी दी गई, दारू पीकर गाली‑गलौज कर रहे थे, हाथापाई की बात कर रहे थे, अब बच्ची रो रही है, हमें डर लग रहा है।",hi,"fear,panic,immediate_danger"
"हमारे टोले के लोगन को गाँव के हँडपंप से पानी नहीं दिया जा रहा, दूकान वाले भी हमसे सामान नहीं बेचते, सब हमें बेइज्जत कर रहे हैं।",hi,"sadness,hopelessness,anger"
"बाबू जी, हमारे बालकनी के पास के नाई ने कहा कि वह हमारे जाति के कारण हमें बाल नहीं देगा, हम बहुत दुखी और गुस्से में हैं।",hi,"sadness,anger,hopelessness"
"रात को दो दबंगों ने हमारे घर की खिड़कियों पर पत्थर फेंके और कहा कि अगर हम शिकायत करेंगे तो आग लगा देंगे, अब हम बहुत डर गए हैं।",hi,"fear,intimidation,immediate_danger"
"हमारा पोए राहत निधि का भुगतान अब तक नहीं आया, दो महीने हो गए, हमने कई बार थाना‑कचहरी में रिपोर्ट कर चुके हैं, कृपया जांच कर मदद करें।",hi,others
"मेरे बेटे की छात्रवृत्ति अभी तक ट्रांसफर नहीं हुई, स्कूल ने कहा कि दस्तावेज़ों की कमी है, लेकिन हमने सब जमा किया है, कृपया मदद करें।",hi,others
"हमारे टोले में नया जल पाइप नहीं लाया गया, और गाँव के दूकान वाले हमें सामान नहीं बेचते, हमें रोजी‑रोटी की चिंता है।",hi,"sadness,hopelessness,anger"
"पिछले हफ़्ते हमारे घर के सामने दो दबंगों ने लाठी से मारना शुरू किया, उन्होंने कहा कि अगर हम पुलिस को बुलाएंगे तो हम सबको जला देंगे, अब हम बहुत डरे हुए हैं।",hi,"fear,intimidation,immediate_danger,panic"
"हमारी बेटी को स्कूल से बाहर निकाल दिया गया क्योंकि कुछ दबंगों ने कहा कि वह हमारे जाति की है, अब वह डर के मारे रोती रहती है।",hi,"fear,sadness,hopelessness"
"हमारे गाँव की नाली की मरम्मत दो साल से लटकी हुई है, कई बार रिपोर्ट की, हम कई बार थाना‑कचहरी में शिकायत दर्ज कराए, पर अभी तक कोई काम नहीं हुआ, कृपया कार्रवाई करें।",hi,others
"हमारे टोले के लोगन को गाँव के मंदिर में पूजा में भाग लेने से रोका जा रहा है, लोग हमें सामाजिक बहिष्कार कर रहे हैं, हम बहुत उदास हैं।",hi,"sadness,hopelessness,anger"
"भाई, कल रात को मेरे घर पर दबंगों ने आग लगा दी, अब मैं डर के मारे नहीं सो पा रहा!",hinglish,"panic,fear,immediate_danger,help_seeking"
"हमारी बेटी के साथ डॉक्टर की लापरवाही से हुई मौत पर थानेदार ने FIR नहीं लिखी, कागज फाड़ दिया और हमें समझाया कि बड़े जमींदार को परेशान मत करो।",hinglish,"anger,hopelessness,help_seeking,intimidation"
"हमारे टोले के लोग अब कुआँ से पानी नहीं ले सकते, दुकान वाले हमें बेइज्जत कर रहे हैं और बार्बर भी कतराते हैं, पूरी तरह से सामाजिक बहिष्कार हो गया है।",hinglish,"sadness,hopelessness,anger,help_seeking"
"पड़ोसी ने हमारे पिता के खिलाफ झूठी क्रॉस‑FIR दायर कर दी, अब पुलिस ने हमारे घर की जाँच भी नहीं की और हम बेबस हैं।",hinglish,"fear,hopelessness,help_seeking"
"हॉस्पिटल से मिलने वाला मेडिकल रिपोर्ट अभी तक नहीं आया, डॉक्टर ने कहा था कि केस में ले लेंगे, पर अब कोई जवाब नहीं, हमें न्याय चाहिए।",hinglish,"sadness,hopelessness,help_seeking"
"ऑनलाइन पोर्टल पर हमने 2 महीने से कॉम्पेनसेशन का ट्रैक किया है, लेकिन अभी तक कोई पैसा नहीं आया, हमें बताओ कब मिलेगा?",hinglish,others
"डारोगा ने हमें धमकी दी कि अगर हम केस नहीं छोड़ेंगे तो हमारे खेतों पर पट्टा लगा देगा, अब हम बहुत डरे हुए हैं।",hinglish,"intimidation,fear,help_seeking"
"हमारी शिकायत पर DSP ने दो हफ्ते पहले वादा किया था, पर अभी तक नहीं आया, हमारे परिवार को रोज़ डर लग रहा है।",hinglish,"panic,fear,hopelessness,help_seeking"
"हमारे पास वकील नहीं है, कोर्ट ने कहा था कि मुफ्त लीगल एड देगा पर अब तक कोई वकील नहीं मिला, केस आगे नहीं बढ़ रहा।",hinglish,"hopelessness,anger,help_seeking"
"गांव की सार्वजनिक हैंडपंप से पानी नहीं दे रहे, कहा कि हम SC हैं, अब हमारे बच्चों को पानी नहीं मिल रहा, बहुत दुखी हैं।",hinglish,"sadness,hopelessness,help_seeking"
"FIR दायर करने के बाद दुष्ट लोग हमें दारू पीकर गाली-गलौज कर रहे हैं, कहा कि केस वापस ले लो, नहीं तो घर में आग लगा देंगे।",hinglish,"intimidation,fear,panic,help_seeking"
"रात को हमारे घर के सामने दो मोटरबाइक वाले दबंग आए, कहा कि अगर हम शिकायत जारी रखेंगे तो हम सबको मार देंगे, मैं अभी भी कांप रहा हूँ।",hinglish,"immediate_danger,fear,panic,help_seeking"
"बाबू जी, हम गरीब लोगन के लिये 14566 हेल्पलाइन के दफ़्तर के समय कब‑कब खुला रहेला?",hi,others
"हमरे टोले में कानूनी मदद खातिर कौन‑कौन दस्तावेज़ चाही, कृपा करके बताइए, बाबूजी।",hi,others
"हमरे दायर किए गए एफआईआर नंबर 2023/0456 के स्थिति के बारे में जानकारी चाही, थानेदार साहब।",hi,others
"रात में दबंग लोगन ने लाठी से मारपीट की, हमरे बेटे के हाथापाई हो गई, अब डर के मारे हम बेइज्जत महसूस कर रहे हैं।",hi,"fear,intimidation,anger"
"पिछले कल दारू पीकर गाली‑गलौज वाले लोगन ने हमारे घर के सामने आग लगावे की धमकी दी, अब हम बहुत डर रहे हैं।",hi,"fear,intimidation"
"हमारी बेटी पर रात में कुछ दुष्ट लोगन ने धक्का मारके गाली दी, वो डर के मारे रो रही है, हमको मदद चाहिए।",hi,"fear,panic"
"अब तो पूरा टोला के लोगन ने हमारे बस्ती के चारों ओर पत्थर फेंकना शुरू कर दिया, हथियार लेके आए हैं, तुरंत मदद चाहिए!",hi,"immediate_danger,fear,panic"
"हमारी चौपाल में लोगन ने दरवाज़ा बंद कर दिया, अंदर बच्चे रो रहे हैं, पुलिस नहीं आ रही, हम निराश हैं।",hi,"immediate_danger,hopelessness"
"हमरे परिवार के लोगन को सामाजिक बहिष्कार कर दिया गया, हर जगह बेइज्जत किया जा रहा है, हम बहुत दुखी और गुस्से में हैं।",hi,"sadness,hopelessness,anger"
"दबंग लोगन ने हमें खेत में काम करवाने के लिए जकड़ लिया, लाठी से मारते हुए कहे कि रोको नहीं तो मारेंगे, हम बहुत डर रहे हैं।",hi,"fear,intimidation,anger"
"खलिहान के पास कुछ लोगन ने चाकू लेकर धमकी दी, कहा कि अगर हम नहीं हटे तो सब कुछ जलाकर रख देंगे, अभी बहुत खतरा है।",hi,"immediate_danger,fear"
"बाबू जी, ऑनलाइन एफआईआर कैसे दर्ज कर सकते हैं, कृपया प्रक्रिया बताइए, धन्यवाद।",hi,others
"बाबू जी, हम गरीब लोगन के पास पोएट्री ऑफ़ असिस्टेंस (PoA) राहत का पैसा दो साल से नहीं आया, रोज़ी‑रोटी चलाने में बहुत दिक्कत हो रही है, कृपा करके जल्दी जाँच करिए।",hi,"help_seeking,hopelessness"
"सरकार के छात्रवृत्ति का भुगतान अभी तक नहीं मिला, हम बच्चन के पढ़ाई रुक गई है, आपसे गुहार है कि जल्दी ट्रांसफर कर दिया जाए।",hi,"help_seeking,sadness"
"हमारे टोले की नाली टूट गई है, बरसात में पानी भर जाता है, कृपया थाने‑कचहरी के माध्यम से सड़क विभाग को भेज दें।",hi,others
"हमारे पूर्वजों का पट्टा वाला जमीन दबंगों ने जबरन घेर लिया है, अब हम बेइज्जत महसूस कर रहे हैं, तुरंत कार्रवाई चाहिए।",hi,"anger,fear,intimidation"
"पिछले रात हमारे खेत में ऊँची जातियों के लोग दारू पीकर गाली‑गलौज करते हुए हमारे फसल को जला दिया, अब हम पैनिक में हैं, मदद की ज़रूरत है।",hi,"panic,fear,anger"
"टोला के रास्ते में दबंगों ने ट्रैक्टर रोक रखा है, निकलते ही जातिसूचक गाली देते हैं, हम डर के मारे चल नहीं पा रहे, कृपया थानेदार को बुलाएँ।",hi,"intimidation,fear,help_seeking"
"बाबू जी, मंदिर में प्रवेश की अनुमति नहीं दी गई, हमें जाति के कारण बाहर खड़ा कर दिया गया, बहुत दुख और गुस्सा है।",hi,"sadness,anger,intimidation"
"पंचायत की चौपाल में हमारे ऊपर जाटिसूचक गाली‑गलौज हुई, सभी लोग हमें बेइज्जत कर रहे हैं, अब हमें कुछ भी भरोसा नहीं रहा।",hi,"sadness,anger,hopelessness"
"हमारे टोले के दूकान में प्रवेश करने से मना कर दिया गया, दुकानदार ने कहा 'तुम्हारी जाति के लोग यहाँ नहीं आ सकते', अब रोज़ी‑रोटी कम हो गई है, कृपया मदद करें।",hi,"sadness,anger,help_seeking"
"कल रात दबंगों ने हमारे घर पर आग लगा दी, हमें तुरंत खतरा महसूस हुआ, थाने‑कचहरी में एफआईआर दर्ज कराई लेकिन अभी तक कोई कार्रवाई नहीं हुई।",hi,"immediate_danger,fear,intimidation"
"गाँव के कुएँ/हैंडपंप का पंप टूट गया है, पानी नहीं आ रहा, हम गरीब लोगन को रोज़ी‑रोटी के लिये पानी नहीं मिल रहा, कृपया जल्द ठीक करें।",hi,"help_seeking,hopelessness,sadness"
"जब हमने सामाजिक बहिष्कार की शिकायत की तो हमारे घर के बाहर लोगों ने धमकी दी, अब हम बाहर नहीं जा सकते, बहुत डर लग रहा है।",hi,"intimidation,fear,hopelessness"
"बाबूजी, कृपया बताइए कि 14566 हेल्पलाइन का कार्यालय कौन‑से समय खुला रहता है?",hi,others
"मैं कानूनी सहायता के लिए कौन‑कौन से दस्तावेज़ चाहिए, कृपया जानकारी दें।",hi,others
"मेरे दायर किए गए डॉकेट नंबर 2023/14566/07 की स्थिति क्या है, गुहार है।",hi,others
"अभी हमारे बस्ती के बाहर दबंगों ने बंदूकें लेकर घेर लिया है, पत्थर फेंक रहे हैं, घर के दरवाज़े बंद हैं, तुरंत मदद चाहिए!",hi,"immediate_danger,fear,panic"
"थानेदार ने हमें बंद कर दिया है, दरवाज़े अंदर से बंद हैं और लोग दारू पीकर गाली‑गलौज कर रहे हैं, हमें बचाओ!",hi,"immediate_danger,fear"
"हमारे पूर्वजों का पट्टे की जमीन अब दबंगों ने अवैध कब्जा कर लिया है, वे जातिसूचक शब्द बोलते हुए फसलें तोड़ रहे हैं, हमें बहुत डर लग रहा है।",hi,"anger,sadness,fear,intimidation"
"कल रात हमारे खेत में अनजान लोगों ने धुएँ से फसलें जला दीं, हम बेइज्जत महसूस कर रहे हैं और अब डर के मारे नहीं काम कर पा रहे।",hi,"anger,sadness,panic"
"टोले के रास्ते में दबंगों ने ट्रैक्टर खड़ा कर दिया है, जिससे हम खलिहान तक नहीं पहुँच पा रहे, हमें बहुत गुस्सा आ रहा है।",hi,"anger,intimidation"
"एफआईआर दर्ज कराने के बाद हमें सामाजिक बहिष्कार का सामना करना पड़ रहा है, लोग हमें गाँव की चौपाल से भी बाहर निकाल रहे हैं, बहुत उदास हूँ।",hi,"sadness,hopelessness,anger"
"दबंगों ने हमें धमकी दी है कि अगर हम आगे शिकायत करेंगे तो जातिसूचक शब्दों से गाली‑गलौज करेंगे, अब हमें कोई आशा नहीं दिखती।",hi,"intimidation,fear,hopelessness"
"कृपया बताइए कि अवैध कब्जे की शिकायत के लिए एफआईआर कैसे दर्ज करूँ, हमें मदद चाहिए।",hi,help_seeking
"पिछले महीने हमने पुलिस को रिपोर्ट की थी, लेकिन अब तक कोई कार्रवाई नहीं हुई, हम बेइज्जत और निराश महसूस कर रहे हैं।",hi,"sadness,hopelessness,anger"
"हमारी बेटी पर झूठी क्रॉस‑एफआईआर दायर कर दी गई है, अस्पताल का मेडिकल रिपोर्ट भी नहीं मिला, वकील भी नहीं दिया और पोर्टल पर मुआवजा अभी तक नहीं आया।",hi,"fear,anger,hopelessness,help_seeking"
"हमारे दादाजी का पुराना पट्टा वाला खेत दबंगों ने कब्जा कर लिया, फसल जलाकर ले गए, अब हम भूखे हैं।",hi,"anger,sadness,intimidation"
"खेत का रास्ता रोक दियो, ट्रैक्टर रोक कर दबंग लोग गाली‑गलौज कर रहे, निकलते‑ही हमें मारने की धमकी दे रहे हैं।",hi,"panic,fear,immediate_danger,help_seeking"
"थानेदार सुनता ही ना, हमने शिकायत लिखी पर उसने कागज ही फाड़ दिया।",hi,"anger,hopelessness,intimidation"
"डरोगा ने हमारी एफआईआर का कागज फाड़ दिया और हमें दबंगों के साथ समझौता करने को कहा, हम क्या करेंगे?",hi,"anger,fear,hopelessness"
"डीयस्पी का वादा था कि आएगा, पर दो हफ्ते बीत गए, हम सब टोले में इंतजार कर रहे हैं, अब तो सबको डर लग रहा है।",hi,"panic,hopelessness,help_seeking"
"हमारी शिकायत पर अब पूरे गाँव में सामाजिक बहिष्कार हो रहा है, लोग हमें घर-घर से बाहर निकाल रहे हैं।",hi,"sadness,fear,intimidation"
"दबंग लोग दारू पीकर गाली‑गलौज कर रहे, रोज़ धमका रहे हैं कि अगर शिकायत नहीं हटाई तो हमें मार डालेंगे।",hi,"intimidation,immediate_danger,fear"
"गुहार है, मेरे पैर में चोट लगी पर मेडिकल परीक्षा का रिपोर्ट नहीं मिला, डॉक्टर ने भी कहा कि रिपोर्ट नहीं है तो केस नहीं चलेगा।",hi,"sadness,hopelessness,help_seeking"
"हमने इलाज का बिल जमा किया, पर पोर्टल पर मुआवजा अभी तक नहीं आया, हर दिन भूख से पेट दर्द हो रहा है।",hi,"anger,hopelessness,sadness"
"गाँव के कुएँ/हैंडपंप का पानी बंद हो गया, थानेदार ने कहा कि कोई नहीं देख रहा, अब बच्चें पानी नहीं पी पा रहे हैं।",hi,"panic,fear,help_seeking"
"चौपाल में हमारे ऊपर सरेआम बेइज्जत कर रहे, सब लोग हँसते हुए हमें गाली दे रहे, अब हम कुछ नहीं कर पा रहे।",hi,"sadness,anger,intimidation"
"हमारे खेत की पट्टे की जमीन पर दबंगों ने रात में आग लगा दी, अब हम डर के मारे नहीं निकल पा रहे।",hi,"panic,fear,immediate_danger"
"मेरे दादा जी का 2 बग़ीचा, जो पट्टे की जमीन है, उसे गाँव के बड़े ज़मींदार ने बिना किसी काग़ज़ के अवैध कब्जा कर लिया, अब हम बेइज्जत हो रहे हैं और कोई मदद नहीं कर रहा।",hi,"anger,hopelessness,help_seeking"
"पिछले हफ़्ते मेरे बेटे पर झूठा FIR दर्ज कर दिया गया, लेकिन थानेदार ने रिपोर्ट में से मेडिकल रिपोर्ट निकाल ही नहीं दी, हमें न्याय नहीं मिल रहा।",hi,"sadness,hopelessness,help_seeking"
"जब हमने दारू पीकर गाली-गलौज कर रहे दबंगों की शिकायत की, तो थानेदार ने शिकायत का काग़ज़ फाड़ दिया और कहा कि हम उनसे समझौता कर लें।",hi,"intimidation,anger,hopelessness"
"कुल्हाड़ी से कटे पैर की भरपाई के लिए पोर्टल पर आवेदन किया, लेकिन अब दो महीने बीत गए, कोई पैसा नहीं मिला, हम बहुत परेशान हैं।",hi,"sadness,hopelessness,help_seeking"
"हमारे परिवार को गाँव में सामाजिक बहिष्कार किया जा रहा है क्योंकि हमने दबंगों के खिलाफ एफआईआर दर्ज कराया, अब कोई भी हमें खाने-पीने नहीं देता।",hi,"sadness,hopelessness,help_seeking"
"हमारी ट्रैक्टर को गाँव के बड़े दबंगों ने रास्ते में रोक कर खींच लिया, अब खेत में धान नहीं बो सकते, हमें तुरंत मदद चाहिए।",hi,"intimidation,anger,help_seeking"
"हमारी बेटी को स्कूल से बाहर निकाल दिया गया, क्योंकि हमें जातिसूचक शब्दों से धमकी दी गई, अब हम डर के मारे घर नहीं छोड़ पाते।",hi,"fear,intimidation,panic"
"एफआईआर दर्ज करने के बाद कोई वकील नहीं मिला, कानूनी सहायता नहीं दी जा रही, हम खुद ही लड़ रहे हैं।",hi,"hopelessness,help_seeking"
"हमारे खेत की मुख्य पगडंडी को दबंगों ने खलिहान के सामने रखी लकड़ी से बंद कर दिया, अब हम पानी के कुएँ तक नहीं जा सकते।",hi,"anger,immediate_danger,help_seeking"
"हैंडपंप पर दारू पीकर गाली-गलौज करने वाले दबंगों ने हमारे हाथ में पानी की टंकी तोड़ दी, अब गाँव में पानी नहीं है, हम बहुत डर रहे हैं।",hi,"panic,fear,help_seeking"
कृपया बताइए कि एफआईआर दर्ज कराने के बाद केस की प्रगति को ऑनलाइन कैसे ट्रैक किया जा सकता है?,hi,others
"रात को मेरे घर के सामने लाठी से मार रहे हैं, अब तो डर के मारे सो नहीं पा रहा।",hi,"fear,immediate_danger,panic"
"हमारे टोले के लोग अब कुआँ का पानी नहीं ले सकते, दूकान वाले भी हमें देख कर सामान नहीं बेचते, सब लोग हमें सामाजिक बहिष्कार कर रहे हैं।",hi,"sadness,hopelessness,anger"
"थानेदार सुनता ही ना, हमने एफआईआर लिखवाने की कोशिश की तो कागज फाड़ दिया, अब कौन हमारी मदद करेगा?",hi,"anger,hopelessness,help_seeking"
"डरावनी रात में मेरे बेटे को धमका रहे हैं, कहते हैं अगर हम शिकायत करेंगे तो घर जलाकर रख देंगे।",hi,"fear,intimidation,immediate_danger"
"हमारे गाँव के नाई ने कहा कि मेरे परिवार को सेवा नहीं देगा, कहा हम ‘दबंग’ नहीं हैं, अब हम बाल नहीं कटवा पा रहे।",hi,"sadness,anger,hopelessness"
"मेरी पत्नी को दारू पीकर गाली-गलौज सुनाई, अब वह रोज़ रात को डर से कांपती है, हमें मदद चाहिए।",hi,"fear,panic,help_seeking"
"खेत का रास्ता रोक दियो, दबंगों ने जला दिया, कहा अगर हम विरोध करेंगे तो पूरी फसल जलाकर रख देंगे।",hi,"fear,intimidation,immediate_danger,anger"
"गांव की किराना दुकान ने हमारे टोले के लोगों को कूद-कूद कर बाहर निकाल दिया, कहा हम ‘कट्टर’ हैं, अब हमें रोज़ खाना नहीं मिल रहा।",hi,"sadness,anger,hopelessness"
"डिस्पाचर ने कहा आएँगा, पर दो हफ्ते बीत गए, थानेदार ने हमें ‘बड़े लोग’ कह कर अनदेखा किया, अब केस नहीं बन रहा।",hi,"hopelessness,anger,help_seeking"
"रात को जब मैं घर से बाहर निकला तो दो लोग लाठी लेकर मेरे पीछे लगे, कहा ‘भेदभाव वाले को यहाँ नहीं चलना चाहिए’।",hi,"fear,intimidation,panic"
"पब्लिक हैंडपम्प से पानी नहीं दे रहे, कहा हमारे पास ‘पट्टा’ नहीं है, अब बच्चे भी प्यास से मर रहे हैं।",hi,"sadness,hopelessness,help_seeking"
"कृपया बताइए, 14566 पर शिकायत करने के बाद कितने दिन में DSP की रिपोर्ट मिलती है?",hi,others
"भाई, रात को हमारे घर के सामने लाठी से मारते हुए दबंग आए, अब हम बहुत डर रहे हैं।",hinglish,"fear,immediate_danger,panic,help_seeking"
"हमारी बेटी पर झूठी FIR दायर कर दी गई है, अब पुलिस थानेदार हमें बुला कर कह रहा है कि हम केस वापस ले लो, नहीं तो और दंड होगा।",hinglish,"intimidation,hopelessness,anger,help_seeking"
"बाबूजी, हमारे बेटे को धमकी दी जा रही है कि अगर हम FIR नहीं हटाएंगे तो हमारे घर में आग लगा देंगे, बच्चा भी डर के मारे रो रहा है।",hinglish,"fear,intimidation,panic,help_seeking"
"मैंने जो देखा था वो बताया, पर अब वही आरोपी बंदक के साथ गली में घूम रहा है, मेरे बच्चों को भी देख रहा है, हमें बहुत डर लग रहा है।",hinglish,"fear,intimidation,immediate_danger,help_seeking"
"हमारा मेडिकल रिपोर्ट अभी तक पोर्टल पर नहीं आया, क्या आप बता सकते हैं कब मिलेगा? हम compensation के लिए इंतजार कर रहे हैं।",hinglish,"others,help_seeking"
"कल रात हमारे खेत में आग लगाने की धमकी मिली, दबंगों ने कहा अगर हम शिकायत करेंगे तो पूरी टोली को जलाकर रख देंगे।",hinglish,"fear,intimidation,panic,immediate_danger"
"हमारी माँ को लाथी से मार दिया गया, अब डॉक्टर कह रहे हैं इलाज महँगा है, पर हमें कोई मदद नहीं मिल रही, हम बहुत उदास हैं।",hinglish,"sadness,hopelessness,help_seeking"
"कहते हैं कि वकील मिलेंगे, पर अभी तक कोई वकील नहीं आया, हम इस झंझट में फँस गए हैं, बहुत गुस्सा आ रहा है।",hinglish,"anger,hopelessness,help_seeking"
"बच्चे को रात में दारू पीते हुए गाली-गलौज सुनाई दी, अब डर के मारे रो रहा है, तुरंत मदद चाहिए।",hinglish,"fear,panic,immediate_danger,help_seeking"
"हमारे घर को सामाजिक बहिष्कार मिला है, पड़ोसी कह रहे हैं कि हम दुष्ट हैं, अब हमें कहीं नहीं जाना।",hinglish,"sadness,hopelessness,intimidation,help_seeking"
"हमारी FIR दर्ज हुई, पर आरोपी अब बंदक के साथ बाजार में घूम रहा है, हर शाम हमारे घर के सामने गाड़ी खड़ी कर देता है, हमें डर लग रहा है।",hinglish,"intimidation,fear,immediate_danger,help_seeking"
"कम्पेन्सेशन का पैसा पोर्टल पर दिख रहा है पर ट्रांसफर नहीं हो रहा, क्या आप चेक कर सकते हैं? हम बहुत परेशान हैं।",hinglish,"others,help_seeking"
"बाबू जी, हम गरीब लोगन के हाथापाई से जल की बोतल नहीं मिल रही, गाँव के सार्वजनिक हैंडपंप पर हमारे टोले को पानी नहीं दिया जा रहा, सब लोग हमें बेइज्जत कर रहे हैं।",hi,"anger,sadness,hopelessness,help_seeking"
"हमारा बालक के नाई दादा ने कहा कि हमारे जाति के लोगन को बाल नहीं काटेंगे, दाबंगों की धौंस में हम रोज़ी-रोटी कमाने वाले लोगन को भी कटा नहीं देता, अब हम परेशान हैं।",hi,"anger,hopelessness,help_seeking"
"टोला के लोगन को बाजार के दुकान वाले ने कह दिया कि हमसे कोई भी किराना नहीं बेचेगा, हम बेघर हो रहे हैं, बाबू जी, गुहार लगाते हैं।",hi,"sadness,hopelessness,anger,help_seeking"
"अब तो हमारे बस्ती के बाहर दबंग लोग पत्थर फेंक रहे हैं, दरवाज़ा बंद है, हथियार लेकर घेर लिया है, हम तुरंत थाने‑कचहरी से मदद चाहते हैं।",hi,"immediate_danger,panic,fear,help_seeking"
"आज रात हमारे घर के चारों ओर मोटा झुंड आया, धाकड़ लोग दारू पीकर गाली‑गलौज कर रहे हैं, दरवाज़ा खोल नहीं रहे, हम डर के मारे कांप रहे हैं।",hi,"panic,fear,immediate_danger,help_seeking"
"हमारे टोले के लोगन को गाँव के मंदिर में प्रवेश नहीं दिया गया, पुजारी ने जातिसूचक गालियाँ दीं, हम बेइज्जत और सामाजिक बहिष्कार का सामना कर रहे हैं।",hi,"sadness,anger,hopelessness,help_seeking"
"चौपाल में पंछायत की बैठक में हमें बैठने की इजाज़त नहीं दी गई, दबंगों ने हमारे सिर पर धक्का दिया, हम बहुत दुखी और गुस्से में हैं।",hi,"anger,sadness,hopelessness,help_seeking"
"गाँव के दबंग ने कहा कि अगर हम एफआईआर नहीं लिखवाएंगे तो हमारे खेतों को जला देंगे, हम डर के मारे रात नहीं सो पाते।",hi,"intimidation,fear,hopelessness,help_seeking"
"हमारी खलिहान के पास वाले कुएँ से पानी निकालने पर गाँव के बड़े लोग हमें रोकते हैं, कह रहे हैं कि हम शुद्ध पानी नहीं पी सकते, अब हमारी रोज़ी‑रोटी भी खतरे में है।",hi,"sadness,hopelessness,anger,help_seeking"
"हमारी बेटी की शादी के बाद हमारे घर को पूरे टोले ने बंद कर दिया, कोई भी हमें खाना नहीं देता, हम बेइज्जत और अकेले पड़ गए हैं।",hi,"sadness,hopelessness,anger,help_seeking"
"हमने थानेदार को कई बार गुहार लगाई पर कोई कार्रवाई नहीं हुई, अब हम डरते हैं कि दबंग फिर से हमला करेंगे, कृपया मदद करें।",hi,"fear,hopelessness,help_seeking"
"हमारे खेत पर पट्टा लेकर दबंग लोग हथियार लेकर आए, हमें डर है कि हमारी जमीन छीन ली जाएगी, हम तुरंत सुरक्षा चाहते हैं।",hi,"intimidation,fear,immediate_danger,help_seeking"
"पानी का हैंडपंप से पानी नहीं मिल रहा, दूकान वाले भी हमारी खरीदारी नहीं ले रहे, और नाई भी दाढ़ी नहीं काट रहा, हम सब बेइज्जत हो रहे हैं।",hi,"fear,sadness,hopelessness,help_seeking"
"हमारे दादा जी के पत्ते वाले खेत में दबंगों ने घुस कर फसल जला दी, अब हम कुछ नहीं बचे, हमें मदद चाहिए।",hi,"anger,fear,help_seeking,sadness"
"खेत का रास्ता रोक दियो, ट्रैक्टर खड़ा कर दिया, बाहर नहीं जा पा रहे, रोज़ धमकी मिल रही है।",hi,"intimidation,fear,panic,help_seeking"
"रात को घर के बाहर धुआँ देखा, दाबंगों ने आग लगाने की धमकी दी, हम सब डर के मारे नहीं सो पा रहे।",hi,"immediate_danger,fear,panic"
"कल शाम को गांव के कुछ लोग लाठी से मार रहे थे, मेरे बेटे को चोट लगी, अब हम पुलिस से डरते हैं।",hi,"immediate_danger,anger,sadness,help_seeking"
"पूरे टोले ने हमें बाजार से बाहर कर दिया, कोई भी हमारे साथ बात नहीं करता, हम सामाजिक बहिष्कार का शिकार हैं।",hi,"hopelessness,sadness,fear,help_seeking"
"थानेदार सुनता ही ना, हमने कई बार शिकायत की पर कोई कार्रवाई नहीं हुई।",hi,"hopelessness,anger,help_seeking"
"हमारी बेटी को रात को धमका रहे हैं, दारू पीकर गाली-गलौज कर रहे हैं, माँ रोती रहती है।",hi,"fear,immediate_danger,panic"
"बाबूजी, नाई ने कहा कि हमारे जाति के लोग दाढ़ी नहीं काटेंगे, हम सब बेइज्जत हो रहे हैं।",hi,"sadness,hopelessness,help_seeking"
"हमारे खेत के रास्ते में ट्रैक्टर रोक दियो, अब फसल नहीं ले जा पा रहे, दबंग लोग गाली दे रहे हैं।",hi,"intimidation,anger,help_seeking"
"गांव के दाबंग दारू पीकर गाली-गलौज कर रहे हैं, हमें डर है कि वे आग लगा देंगे।",hi,"fear,immediate_danger,panic"
"कृपया बताइए हमारा एफआईआर कब तक दर्ज होगा, अभी तक कोई अपडेट नहीं मिला।",hi,others
"बाबूजी, हमारे बेटे की FIR वापस ले ले, नहीं तो हमारे घर में गोली मार देंगे, दबंग लोग बंधुआ बँडू हथियारों के साथ हर रोज़ हमारे खेत का रास्ता रोक दियो।",hi,"intimidation,fear,help_seeking"
"थानेदार सुनता ही ना, हमारी शिकायत का कागज फाड़ दिया, कहा कि पट्टा वाले को समझौता कर ले, नहीं तो गाँव में सामाजिक बहिष्कार बढ़ेगा।",hi,"anger,hopelessness,help_seeking"
"पंचायत में जब मैं गया तो जाटों ने जातिसूचक गालियां दी, सरेआम बेइज्जत कर रहे, अब हम खलिहान में भी नहीं जा पाते।",hi,"sadness,intimidation,fear"
"मेरे दो बच्चों को रोज़ उन दबंगों ने पीछा किया, रात को भी घर के पास खड़ा कर धमकी दी कि अगर FIR नहीं खींची तो गोली मारेंगे, मैं अब डर के मारे नहीं सो पाता।",hi,"immediate_danger,fear,panic,help_seeking"
"हमारा गाँव का कुआँ अब से बंद कर दिया गया, दबंगों ने कहा कि हम लोग नीचे नहीं आएँगे तो पानी नहीं देंगे, सामाजिक बहिष्कार और बेइज्जती से हम बहुत दुखी हैं।",hi,"sadness,hopelessness,intimidation"
"मैं मंदिर में प्रवेश करने गया तो दारू पीकर गाली-गलौज वाले ने धक्का मार कर कहा कि तुम्हारी जाति के लोग यहाँ नहीं आ सकते, मैं डर के मारे भाग गया।",hi,"intimidation,fear,anger"
"एफआईआर दर्ज़ करवाई पर डीसिपी का दौरा अभी तक नहीं आया, थाने में दारोगा भी कह रहा है कि ये मामला छोटा है, हमें अब क्या करना चाहिए?",hi,"hopelessness,anger,help_seeking"
"हमने शिकायत की और आज दो दबंगों ने हमारे घर के सामने दारू पीकर गाली-गलौज की, कहा कि अगर FIR नहीं खींची तो हम तुम्हें रात में गोली मारेंगे, मैं तुरंत मदद चाहता हूँ।",hi,"intimidation,fear,immediate_danger,help_seeking"
"रात को हमारे घर के बाहर दो बंदूकधारी खड़े थे, उन्होंने कहा 'अब तुम्हें नहीं बचाएंगे', मैं बहुत डरा हुआ हूँ, कृपया मदद करो।",hi,"immediate_danger,panic,fear"
"बाजार में जब मैं सब्ज़ी खरीदने गया तो लोग मेरे ऊपर जातिसूचक गाली दे रहे थे, सब लोग हँसते हुए मुझे बेइज्जत कर रहे, मैं बहुत उदास हूँ।",hi,"sadness,anger"
"भाई, मेरे घर पर गोली चल रही है, जल्दी मदद करो!",hi,"panic,immediate_danger,help_seeking"
"कृपया बताइए, मेरे द्वारा 2 महीने पहले दर्ज़ की गई एफआईआर का क्या स्टेटस है?",hi,others
"हमारे परिवार ने एफआईआर दर्ज कराने के बाद भी थानेदार ने कोई मेडिकल रिपोर्ट नहीं ली, अब वही लोग झूठी क्रॉस‑एफआईआर दाखिल कर रहे हैं और पोर्टल पर देय मुआवजा अभी तक नहीं मिला, हमें बहुत गुस्सा और निराशा है।",hi,"anger,hopelessness,fear,help_seeking"
"बाबूजी, हमारे पिता पर झूठा केस है, आरोपी अभी भी जेल से बैन पर बाहर घूम रहा है, हथियार लेकर हमारे बच्चों को धमकी दे रहा है कि FIR वापस ले लो, हमें डर और तत्काल खतरा महसूस हो रहा है।",hi,"intimidation,fear,immediate_danger,help_seeking"
"मैं अभी घबराहट में हूँ, दो दबंगों ने हमें टोले से बाहर निकालने की धमकी दी, मैं डर के मारे भाग रहा हूँ, कृपया तुरंत मदद करें!",hi,"panic,fear,immediate_danger,help_seeking"
14566 हेल्पलाइन के कार्यालय के समय क्या हैं? कृपया बताइए।,hi,others
"एफ़आईआर दर्ज कराने के लिए कौन-कौन से दस्तावेज़ चाहिए और कानूनी सहायता के लिए क्या प्रक्रिया है, इस बारे में जानकारी चाहिए।",hi,others
"मेरे केस का डॉकेट नंबर 2023/14566/07 है, कृपया इसकी प्रगति की स्थिति बताइए।",hi,others
"हमारे टोले की पट्टे की जमीन पर अवैध कब्जा करके गाँव के दबंगों ने हमें सामाजिक बहिष्कार कर दिया, अब हम खलिहान में भी काम नहीं कर पा रहे, बहुत गुस्सा और डर लग रहा है।",hi,"anger,intimidation,fear,help_seeking"
"जमींदार ने हमारे ऊपर जातिसूचक शब्दों का प्रयोग किया और चौपाल में हमें बेइज्जत किया, अब पूरे गाँव में सामाजिक बहिष्कार का सामना कर रहे हैं, हमें बहुत दुख और गुस्सा है।",hi,"sadness,anger,intimidation,help_seeking"
"पिछले महीने हम पर दारू पीकर गाली‑गलौज वाले लोगों ने हमला किया, लेकिन थानेदार ने अभी तक मेडिकल जांच नहीं करवाई, हमें न्याय नहीं मिल रहा, बहुत निराशा है।",hi,"hopelessness,anger,help_seeking"
"पोर्टल पर मुआवजा का आवेदन किया था, लेकिन सिस्टम गड़बड़ी के कारण अभी तक भुगतान नहीं हुआ, कई बार गुहार लगाई पर कोई जवाब नहीं, हमें बहुत निराशा और गुस्सा है।",hi,"hopelessness,anger,sadness,help_seeking"
"हैंडपंप के पास दारू पीकर गाली‑गलौज करने वाले लोग रोज़ आते हैं, हमारे बच्चों को डराते हैं और पानी पीने से रोकते हैं, हमें तुरंत सुरक्षा चाहिए।",hi,"intimidation,fear,immediate_danger,help_seeking"
"हमारी बेटी ने एफआईआर दर्ज करवाई थी, लेकिन अब आरोपी की धमकी से हमसे FIR वापस लेने को कहा जा रहा है, परिवार को लगातार सताया जा रहा है, हमें बहुत डर और निराशा है।",hi,"intimidation,fear,hopelessness,help_seeking"
"Babuji, hamare PoA relief fund ka paise ab tak nahi aaya, 3 mahine ho gaye, aap please check kar dijiye.",hinglish,"others,sadness"
"Meri beti ka scholarship ab tak transfer nahi hua, uske fees ka tension hai, aap se madad chahiye.",hinglish,"others,help_seeking"
"Hamare tole ki nali tuti hui hai, baarish me paani bhar jaata, koi theek nahi kar raha, sab log pareshaan hain.",hinglish,"others,hopelessness"
"Kal raat ko kuch logon ne humare ghar ke bahar lathi se dhamki di, hum sab dar ke kaanp rahe hain, aap turant madad karein.",hinglish,"fear,intimidation,immediate_danger,help_seeking"
"Mujhe aur meri behen ko gaon ke दबंगों ne pit diya, ab hum beizzati mehsoos kar rahe hain, koi sahara chahiye.",hinglish,"anger,sadness,fear,help_seeking"
"Meri beti ko raat ko koi अजनबी डरा raha tha, ab vo school nahi ja rahi, hum bahut pareshan hain.",hinglish,"fear,panic,help_seeking"
"Hamare पिताजी ka patta wala khet dabang logon ne apna bana liya, ab hum koi fasal nahi uga sakte, aap se nivedan hai.",hinglish,"anger,hopelessness,help_seeking"
"Kal hamare kheton me aag lag gayi, koi nahi dekha, ab hum khaane ke liye kuch nahi bacha, turant sahayata chahiye.",hinglish,"panic,sadness,immediate_danger,help_seeking"
"Gaon ke raaste me tractor park kar diya gaya hai, gaadi chal nahi pati, school aur bazaar nahi ja pa rahe, bahut pareshaan hain.",hinglish,"anger,hopelessness"
"Dabangg log bol rahe hain ki hamare ghar ko aag laga denge agar hum complaint nahi karenge, hum bahut dar gaye hain.",hinglish,"intimidation,fear,immediate_danger,help_seeking"
"Mujhe ab gaon ki चौपाल me baithne ki ijazat nahi mil rahi, sab log mujhe बेइज्जत kar rahe hain, dil tut gaya.",hinglish,"sadness,hopelessness,others"
"Thane me FIR likhwane ki koshish ki, lekin thana darwaza band kar diya, koi madad nahi mil rahi, hum bahut gussa hain.",hinglish,"anger,hopelessness,help_seeking"
"बाबू जी, हम गरीब लोगन के थानेदार ने हमारी FIR नहीं लिखी, शिकायत का कागज फाड़ दिया और दबंगों के साथ समझौता करवाने को कहा, अब हम डर के मारे नहीं बोल पाते।",hi,"intimidation,fear,hopelessness,help_seeking"
"हमारा टोला के लड़का पर झगड़ा हुआ, पर दारोगा ने दबंगों को बख्श दिया, हमें हाथापाई से डर लग रहा है और न्याय नहीं मिल रहा, अब हम बहुत गुस्सा हैं।",hi,"anger,intimidation,hopelessness,help_seeking"
"डिस्पैचर साहब, दो हफ्ते से DSP जी का वादा है पर अभी तक नहीं आया, रोज़ी-रोटी कमाने के लिए खेत में काम नहीं कर पाते, दिल धड़क रहा है, मदद चाहिए।",hi,"panic,hopelessness,anger,help_seeking"
"हमारी बारी की कुआँ से पानी नहीं दिया जा रहा, गांव के दारू पीकर गाली‑गलौज करने वाले लोग हमें रोकते हैं, रोज़ी‑रोटी के लिये पानी नहीं मिल रहा, बहुत दुख है।",hi,"sadness,anger,hopelessness,help_seeking"
"गाँव की दुकान वाले ने हमारे टोले के लोगन को सब्ज़ी‑दाल नहीं बेची, कहा हम बेइज्जत हो गए हैं, अब हम भूखे हैं और बहुत गुस्सा है।",hi,"sadness,anger,hopelessness,help_seeking"
"बार्बर साहब ने कहा कि वह हमारे कास्ट के लोगन को कतर नहीं देगा, दाढ़ी कटवाने को भी नहीं देगा, हम सब बेइज्जत महसूस कर रहे हैं।",hi,"sadness,anger,hopelessness,help_seeking"
"पूरा टोला हमें सामाजिक बहिष्कार कर रहा है, कोई बात नहीं मानता, घर‑घर में धमकी मिलती है, हम डर के मारे रात नहीं सो पाते।",hi,"fear,sadness,hopelessness,help_seeking"
"दबंगों ने दारू पीकर हमें धक्का‑मुक्की की धमकी दी, कहा अगर शिकायत की तो हाथापाई करेंगे, हम तुरंत मदद चाहते हैं।",hi,"intimidation,fear,immediate_danger,help_seeking"
"थानेदार साहब ने हमें कहा कि अगर हम FIR दर्ज कराएंगे तो हमारे घर में हाथापाई होगी, अब हम बहुत डर गए हैं, कृपया मदद करें।",hi,"intimidation,fear,immediate_danger,help_seeking"
14566 हेल्पलाइन के कामकाज के समय क्या हैं? कृपया बताइए।,hi,others
"हमारा डॉकेट नंबर 14566/2024/078 है, उसकी वर्तमान स्थिति क्या है? कृपया बताइए।",hi,others
"भाईसाब, हमारे टोले का PoA राहत फंड दो महीने से नहीं आया, अब हम गुजारिश कर रहे हैं कि कब मिलेगा?",hinglish,"others,sadness"
"बाबूजी, मेरे बेटे की स्कॉलरशिप का पैसा अभी तक ट्रांसफर नहीं हुआ, पढ़ाई रुक गई है, कृपया जल्दी देखें।",hinglish,"others,sadness,hopelessness"
"हमारे गाँव की चौपाल के सामने वाली सड़क में गड्ढा है, ट्रैक्टर पट्टा वाले भी नहीं जा रहे, मरम्मत कब होगी?",hinglish,"others,anger"
"दबंगों ने कल शाम को लाठी से पीटा, अब घर से बाहर निकलते ही डर लग रहा है, मदद चाहिए।",hinglish,"fear,intimidation,anger,help_seeking"
"मेरी बेटी को दारू पीकर गाली-गलौज कर रहे हैं, हम सब बहुत डर के मारे हैं, पुलिस को बुलाओ।",hinglish,"fear,intimidation,panic,help_seeking"
"अभी हमारे बस्ती के चारों ओर भीड़ इकट्ठा है, पत्थर फेंक रहे हैं, हथियार दिखा रहे हैं, घर में दरवाज़ा बंद है, तुरंत मदद चाहिए!",hinglish,"immediate_danger,panic,fear,help_seeking"
"खलिहान को जलाने की धमकी मिली है, रात को सो नहीं पा रहे, कृपया सुरक्षा भेजें।",hinglish,"fear,intimidation,panic,help_seeking"
"हमारे परिवार को सामाजिक बहिष्कार कर दिया गया, स्कूल में भी गाली मिलती है, अब कुछ नहीं बचा, बहुत उदास हैं।",hinglish,"sadness,hopelessness,anger,help_seeking"
"थानेदार ने हमारी एफआईआर नहीं ली, अब हम बेइज्जत महसूस कर रहे हैं, क्या करूँ?",hinglish,"anger,sadness,help_seeking"
"टोले में नाली टूट गई है, बारिश में पानी भर रहा है, अभी तक कोई नहीं आया, बहुत परेशान हैं।",hinglish,"others,panic"
"मेरे भाई की स्कॉलरशिप का पैसा अभी तक नहीं आया, पढ़ाई रुक गई है, हम बहुत निराश हैं।",hinglish,"sadness,hopelessness,others"
"फोन पर दबंगों ने कहा अगर केस नहीं खींचा तो घर में आग लगा देंगे, हम बहुत डर रहे हैं, कृपया तुरंत मदद भेजें।",hinglish,"fear,intimidation,help_seeking"
"बाबू जी, हमारे पिता के ऊपर झूठी FIR दर्ज कर दी गई है, अब पुलिस हमें मारपीट की धमकी दे रही है, हम नहीं जानते क्या करें।",hi,"intimidation,fear,help_seeking"
"हम गरीब लोगन की बेटी को अस्पताल में चोट लगी, पर डॉक्टर ने मेडिकल रिपोर्ट नहीं दी, अब इलाज का खर्चा और मुआवजा नहीं मिल रहा, मदद चाहिए।",hi,"hopelessness,anger,help_seeking"
"हमारा केस कोर्ट में है, पर कानूनी सहायता का वकील नहीं मिला, थानेदार भी हमें अनसुना कर रहा है, कब तक इंतज़ार?",hi,"sadness,help_seeking"
"14566 पर दायर किए गए मुआवजे का पैसा अभी भी पोर्टल में दिखता नहीं, रोज़ी-रोटी चलाने के लिए इंतज़ार कर रहे हैं।",hi,"hopelessness,help_seeking"
"बाबू जी, 14566 हेल्पलाइन का कार्यालय कौन से समय खुला रहता है?",hi,others
"कानूनी सहायता के लिए कौन-कौन से कागजात चाहिए, कृपया बताइए।",hi,others
"हमारा डॉकेट नंबर 2023/4567 का स्टेटस क्या है, कृपया जानकारी दें।",hi,others
"हमारे टोले के पुरखों का पट्टा वाला जमीन अब दबंग लोग अपने घर बना रहे हैं, हम बेइज्जत हो रहे हैं, मदद करो।",hi,"intimidation,anger,help_seeking"
"कल रात हमारे खेत में धुआँ उठ गया, दबंगों ने हमारी फसल जलाकर रख दी, अब रोज़ी-रोटी नहीं बची।",hi,"panic,anger,help_seeking"
"हमारा ट्रैक्टर खेत के रास्ते में रखे बड़े पत्थर की वजह से नहीं चल पा रहा, पड़ोसी दबंग हमें रोक रहे हैं।",hi,"intimidation,fear,help_seeking"
"थानेदार ने हमें दारू पीकर गाली-गलौज करने की धमकी दी, अब हम डर के मारे घर नहीं निकलते।",hi,"intimidation,fear,panic"
"हमने जमीन के बारे में शिकायत की, अब पूरे गांव में हमें सामाजिक बहिष्कार का सामना करना पड़ रहा है, कोई मदद नहीं कर रहा।",hi,"sadness,hopelessness,help_seeking"
"बाबूजी, हमारे घर के बाहर दबंगों ने घेर लिया है, पत्थर फेंक रहे हैं, बंदूकें दिखा रहे हैं, दरवाज़े अंदर से बंद कर रखे हैं, कृपया तुरंत थानेदार को भेजें, हम डर के मारे नहीं चल पाएंगे।",hi,"immediate_danger,panic,fear,help_seeking"
"हमारी बस्ती के चौपाल में आज शाम से ही एक दल धड़ाम से खड़ा है, लोग दारू पीकर गाली-गलौज कर रहे हैं, हमारे बच्चों को मारने की धमकी दे रहे हैं, हमें तुरंत पुलिस की ज़रूरत है।",hi,"immediate_danger,intimidation,fear,help_seeking"
"पंचायत में जब मैं अपनी समस्या लेकर गया तो कुछ बड़े लोग मुझे जातिसूचक शब्दों से बेइज्जत करने लगे, कहा कि हम तो ""छछूरे"" हैं, अब हम सामाजिक बहिष्कार का सामना कर रहे हैं।",hi,"intimidation,sadness,anger,hopelessness"
"हमारे टोले के मंदिर के द्वार पर काली स्याही से लिखा गया ""छुआ नहीं"" का बोर्ड लगा दिया गया, हमें अंदर जाने नहीं दिया गया, और गाँव के लोग हमें धक्का मारते हुए बाहर निकाल रहे हैं।",hi,"intimidation,sadness,anger,help_seeking"
"पड़ोसी ने हमारे खेत की पट्टे की जमीन पर अवैध कब्जा कर लिया है, हमें कई बार चेतावनी दी, पर वह दारू पीकर गाली-गलौज करता रहता है, अब हम बेइज्जत हो रहे हैं।",hi,"anger,hopelessness,intimidation,help_seeking"
"हमारी बेटी पर झूठी एफआईआर दर्ज कर दी गई है, पुलिस ने कोई जांच नहीं की, और हमारे खिलाफ दुष्प्रचार कर रहे हैं, हमें सही एफआईआर दर्ज कराने में मदद चाहिए।",hi,"anger,hopelessness,help_seeking"
"हमें मेडिकल जांच का रिपोर्ट नहीं मिला, जबकि हम अस्पताल में चोटिल थे, और पोर्टल पर दिये गये मुआवजे का भुगतान अभी तक नहीं हुआ, हमें क्या करना चाहिए?",hi,others
"हमारी परिवार को एक झूठी क्रॉस‑एफआईआर के कारण जेल भेजा गया, वकील नहीं मिला, थानेदार ने भी मदद नहीं की, अब हम बहुत डर रहे हैं।",hi,"fear,intimidation,hopelessness,help_seeking"
"गाँव के चौपाल में मेरे पिता को दारू पीकर गाली‑गलौज के साथ धक्का मार कर गिरा दिया, अब वह बेहोशी में है, लेकिन कोई भी डॉक्टर नहीं आया, कृपया तुरंत एम्बुलेंस भेजें।",hi,"immediate_danger,panic,fear,help_seeking"
"हमारे गाँव में एक दबंग ने हमारे कुएँ को बंद कर दिया, पानी नहीं मिल रहा, और हमें सामाजिक बहिष्कार का सामना करना पड़ रहा है, कृपया हस्तक्षेप करें।",hi,"intimidation,hopelessness,help_seeking"
"पंचायत में मेरे बेटे को जातिसूचक शब्दों से गाली दी गई और उसे बाहर निकाल दिया गया, अब वह स्कूल नहीं जा रहा, हम बहुत उदास हैं।",hi,"sadness,anger,hopelessness"
"हमारी जमीन का पट्टा सरकारी रिकॉर्ड में नहीं दिख रहा, इसलिए हम पर अवैध कब्जा का आरोप लगा रहे हैं, हमें सही दस्तावेज़ और पुलिस की मदद चाहिए।",hi,"others,help_seeking"
"बाबूजी, हमारे टोले के पट्टे की जमीन पर सरकार का PoA राहत निधि अभी तक नहीं पहुँची, दो महीने हो गये, अब हमें गुजारिश है कि जल्दी भुगतान किया जाये।",hi,"hopelessness,help_seeking"
"मेरे बेटे की स्कॉलरशिप का भुगतान अभी तक नहीं आया, कॉलेज की फीस भरनी है, हम बेइज्जत हो रहे हैं, कृपया इस पर जल्दी कार्रवाई करें।",hi,"sadness,hopelessness,help_seeking"
"हमारे गाँव के मुख्य रास्ते पर धूल का ढेर है, दबंगों ने ट्रैक्टर लगाकर रोड को बंद कर रखा है, चौपाल में शिकायत की थी पर अभी तक ठीक नहीं हुआ।",hi,"others,anger"
"टोले के निचले हिस्से में जल निकासी का नाला जाम है, बरसात में पानी भर जाता है, कृपया जल निकासी की मरम्मत की गुहार लगाते हैं।",hi,"others,help_seeking"
"अबे! हमारे घर के बाहर दहाड़ते हुए लोग पत्थर फेंक रहे हैं, दरवाज़े बंद हैं, तुरंत पुलिस भेजो, हम तुरंत मदद चाहते हैं!",hi,"immediate_danger,panic,fear,help_seeking"
"हमारे घर के चारों ओर हथियार लेकर दबंग खड़े हैं, दरवाज़ा बंद है, हमें तुरंत थानेदार की जरूरत है, कृपया जल्दी भेजें।",hi,"immediate_danger,fear,panic"
"आज रात हमारे बस्ती में दारू पीकर गाली‑गलौज करने वाले लोग बंदूक लेकर आए हैं, हम सब डर के मारे छिपे हैं, कृपया तुरंत बचाव करें।",hi,"immediate_danger,fear,help_seeking"
"बजायबाबू, आरोपी अभी बॉल पर है और दारू पीकर हमारे परिवार को धमकी दे रहा है कि एफआईआर वापस ले लेंगे, बच्चों को भी पीछा कर रहा है, हमें बहुत डर लग रहा है और एफआईआर दर्ज कराने की गुहार लगानी है।",hi,"intimidation,fear,hopelessness,help_seeking"
"आरोपी ने हमारे बच्चे को स्कूल से लेकर घर तक घूरते हुए बार‑बार गाली‑गलौज की धमकी दी, अब हमें बहुत घबराहट है।",hi,"intimidation,fear,panic"
"बाबूजी, आरोपी ने कहा कि अगर हम एफआईआर दर्ज नहीं करवाएंगे तो हमारे खेत की पट्टे की जमीन को अवैध कब्जा करके ले लेगा, हम बहुत गुस्सा और निराश हैं।",hi,"intimidation,anger,hopelessness"
"हमने दो महीने पहले अपने केस का डॉकेट जमा किया था, अभी तक कोई जवाब नहीं मिला, कृपया स्थिति बताइए।",hi,"others,hopelessness,anger"
"टोले के कुएँ/हैंडपंप की पंपिंग नहीं चल रही, पानी नहीं निकल रहा, लोग बहुत परेशान हैं, कृपया जल्द ठीक करें।",hi,"others,sadness,help_seeking"
"बाबू जी, कल रात हमारे घर में दो दबंग लाठी से मारने आए, हम सब डर के मारे छुपे रहे, बच्चा भी रो रहा है।",hi,"fear,intimidation,immediate_danger"
"हमारी बहिन ने FIR दायर किया था, अब वही दबंग लोग हमारे घर के बाहर खड़ी गाड़ी से घूरते हैं और कह रहे हैं कि FIR वापस ले लो, नहीं तो परिवार को मार देंगे।",hi,"intimidation,fear,hopelessness"
"रात के अंधेरे में हमारे टोले की लड़कियों को दहाड़ते हुए दुष्ट लोग घेर ले रहे हैं, कह रहे हैं अगर हम आवाज़ उठाएंगे तो आग लगा देंगे।",hi,"panic,fear,immediate_danger"
"बाबू जी, जो आरोपी अभी बैंल पर आया है, वो हर रोज़ हमारे खेत में घुस कर हथियार दिखा रहा है, हमारे बच्चों को डराने की कोशिश कर रहा है।",hi,"intimidation,fear,anger"
"कल बाजार में दो लाठी वाले हमारे टोले के लोग हमें धक्का मार के लात मार रहे थे, हम सब बेइज्जत हो गए।",hi,"anger,sadness,immediate_danger"
"हमारी झोपड़ी के पास दबंगों ने आग लगाने की धमकी दी, अगर हम शिकायत करेंगे तो पूरी टोलिया जलाकर रख देंगे।",hi,"fear,panic,immediate_danger"
"जेल से बाहर आया वही काली स्याही वाला, अब हर शाम हमारे घर के सामने गाड़ी खड़ी कर देता है, कहता है कि FIR वापस ले लो, नहीं तो हाथापाई करेंगे।",hi,"intimidation,fear,hopelessness"
"बाबू जी, 14566 हेल्पलाइन का काम करने का समय कब से कब तक रहता है?",hi,others
"कृपया बताइए, कानूनी सहायता के लिये कौन-कौन से दस्तावेज़ चाहिए?",hi,others
"हमारा केस नंबर 2023/14566/07 का स्टेटस क्या है, कृपया जानकारी दें।",hi,others
अगर हम FIR दर्ज कराना चाहते हैं तो सबसे पहले हमें कौन सी प्रक्रिया अपनानी चाहिए?,hi,others
"रात को हमारे घर के सामने दो बंदूकधारी खड़े थे, उन्होंने कहा कि अगर हम शिकायत करेंगे तो गोली मार देंगे।",hi,"immediate_danger,fear,panic"
"भाई साब, हमारे टोले के दूकान वाले ने सब्ज़ी‑दाल नहीं दे रहे, बोले हम SC लोग हैं, अब क्या करें, सब बेइज्जत हो रहे हैं।",hi,"anger,sadness,hopelessness,help_seeking"
"हमारे नाई ने कहा कि हमारे बाल नहीं काटेगा, डरावनी गालियां दे रहा है, थानेदार सुनता ही ना, मदद चाहिए।",hi,"intimidation,fear,anger,help_seeking"
"हैंडपंप का पानी अब नहीं मिल रहा, लोग हमें धक्का मारते हैं, पानी नहीं मिलेगा तो बच्चा भी नहीं पी सकेगा, प्लीज़ जल्दी मदद करो।",hi,"panic,fear,immediate_danger,help_seeking"
"हमारे दादा जी का पट्टा वाला खेत दबंगों ने घुस कर फसल जला दी, अब हम भूखे हैं, कोई मदद नहीं कर रहा, बहुत गुस्सा आया है।",hi,"anger,intimidation,hopelessness,help_seeking"
"खेत का रास्ता रोक दियो, ट्रैक्टर को खड़ी कर दिया, हम ट्रैक्टर नहीं चला पा रहे, ऊपर वाले दबंग हमें धक्का दे रहे हैं, क्या करें?",hi,"intimidation,fear,anger,help_seeking"
"पॉए रिलीफ़ फंड का भुगतान अब तक नहीं आया, दो साल से इंतजार कर रहे हैं, बिन पैसे के कैसे चलेंगे, कृपया स्थिति बताइए।",hi,"hopelessness,sadness,others,help_seeking"
"मेरे बेटे की स्कॉलरशिप अभी तक नहीं मिली, कॉलेज फीस भर नहीं पा रहे, कब तक इंतजार करना पड़ेगा?",hi,"hopelessness,sadness,others,help_seeking"
"हमारे टोले की नाली टूट गई है, बारिश में पानी भर जाता है, सड़क भी गड्ढे से भर गई है, कृपया मरम्मत का आदेश दें।",hi,"others,help_seeking"
"दबंग दारू पीकर रोज़ गाली‑गलौज कर रहे, रात को हमारे घर के बाहर धमकी दे रहे, हमें डर लग रहा है, तुरंत मदद चाहिए।",hi,"intimidation,fear,panic,help_seeking"
"कुआँ तक जाने से भी रोक दिया गया, कहा गया कि हम SC हैं, अब प्यास कैसे बुझाएंगे, थानेदार सुनता ही नहीं।",hi,"intimidation,fear,anger,help_seeking"
"चौपाल की बैठकों में हमें बुलाया ही नहीं जाता, सब लोग हमें सामाजिक बहिष्कार कर रहे हैं, दिल टूट गया, क्या करें?",hi,"sadness,hopelessness,anger,help_seeking"
"कल रात दो दबंगों ने हमें मारने की धमकी दी, हमने एफआईआर नहीं दर्ज करवाई, थानेदार ने कहा कोई काम नहीं, तुरंत मदद चाहिए।",hi,"intimidation,fear,immediate_danger,help_seeking"
"बाबू जी, हमारे बेटे को दबंगों ने मारने की धमकी दी है, कह रहे हैं कि अगर हम FIR वापस नहीं लेते तो रोज़ी-रोटी छीन लेंगे।",hi,"intimidation,fear,help_seeking"
"हम गरीब लोगन को डर है, क्योंकि आरोपी अभी बैंल पर है, हर शाम हमारे घर के बाहर गन के साथ घूम रहा है, बच्चों को भी देख रहा है।",hi,"immediate_danger,fear,intimidation,help_seeking"
"हमारे टोले के लोगन को गाँव के कुएँ से पानी नहीं दिया जा रहा, दूकान वाले भी हमें बेइज्जत कर रहे हैं, कह रहे हैं कि हम दंगों के कारण नहीं आएँ।",hi,"sadness,anger,hopelessness,help_seeking"
"बाबू जी, नाई ने हमारे परिवार को कतर दिया, कहा कि हम जाति के कारण नहीं काटेंगे, इससे हमारे बच्चों की दाढ़ी नहीं कटती।",hi,"sadness,anger,hopelessness,help_seeking"
"पंचायत में जब हम अपना मुद्दा रखे, तो मुखिया ने हमें जातिसूचक गालियाँ दी, कहा कि हम ही तो दबंग हैं, अब हमें कोई भरोसा नहीं रहा।",hi,"sadness,anger,intimidation,help_seeking"
"हमारी बेटी को मंदिर में प्रवेश नहीं दिया गया, पुजारी ने कहा कि हमारे जैसे लोगन को पूजा नहीं करनी चाहिए, इससे हमें बहुत दुःख हुआ।",hi,"sadness,hopelessness,anger,help_seeking"
"हमें डर है कि अगर हम FIR वापस नहीं ले लेंगे तो हमारे घर को आग लगा दी जाएगी, दबंगों ने रात को हमारे घर के बाहर आग की बत्तियाँ जलाईं।",hi,"immediate_danger,fear,intimidation,help_seeking"
"हमारे दो बच्चों को रोज़ शाम को दबंग लोगन ने पीछा किया, उन्हें डर से रोते देखना हमारा दिल तोड़ देता है।",hi,"panic,fear,sadness,help_seeking"
"गाँव की सभी दुकानें हमारे टोले के लोगन को सामान नहीं बेचती, कहती हैं कि हम दंगों का कारण हैं, अब हम रोज़ी-रोटी नहीं कमा पा रहे।",hi,"hopelessness,anger,sadness,help_seeking"
"थानेदार ने हमारी शिकायत सुन ली, पर फिर भी वही दबंग फिर से आया, हमें लगता है कि थाना-कचहरी में हमारी आवाज़ नहीं पहुँच रही।",hi,"hopelessness,anger,intimidation,help_seeking"
"हाथापाई की बात है, जब हम कुएँ से पानी लेने गए तो दबंगों ने पिचकारी से पानी उड़ा दिया और कहा कि अगर फिर आए तो हम मार डालेंगे।",hi,"fear,intimidation,panic,help_seeking"
"हमारी पूरी टोल को सामाजिक बहिष्कार का सामना करना पड़ रहा है, लोग हमें घर में भी नहीं बुलाते, हमें लगता है कि सब कुछ खत्म हो गया है।",hi,"hopelessness,sadness,anger,help_seeking"
"भाई साहब, हमारे टोले के कुएँ का पानी अब हाथपंप से नहीं मिल रहा, दुकानदार भी हमें सामान नहीं बेच रहे, हम सब बेइज्जत महसूस कर रहे हैं, कृपया मदद करें।",hinglish,"fear,sadness,hopelessness,help_seeking"
"अब तो घर के बाहर पूरी भीड़ जमा हो गई है, पत्थर फेंक रहे हैं, बंदूकें दिखा रहे हैं, दरवाज़ा अंदर से बंद है, तुरंत पुलिस भेजिए!",hinglish,"immediate_danger,panic,fear,help_seeking"
"थानेदार बाबूजी हमारी शिकायत नहीं ले रहे, FIR का कागज़ फाड़ दिया, हमें दबंगों के साथ समझौता करने को कह रहे हैं, बहुत गुस्सा आ रहा है।",hinglish,"anger,hopelessness,intimidation,help_seeking"
"हमारे गाँव के नाई ने कहा कि वो हमारे बाल नहीं काटेगा, कहा हम दबंगों की तरह हैं, अब रोज़ सुबह बेइज्जत हो रहे हैं, मदद चाहिए।",hinglish,"sadness,anger,hopelessness,help_seeking"
"दबंगों ने कहा है कि अगर FIR दायर हुई तो केस वापस ले लेंगे, हमें धमकी दे रहे हैं, हम बहुत डर रहे हैं।",hinglish,"intimidation,fear,hopelessness,help_seeking"
"ग्राम की दुकान में सब्ज़ी नहीं दे रहे, कह रहे हैं हम सामाजिक बहिष्कार के कारण बेइज्जत हैं, हमें बहुत गुस्सा और दुःख हो रहा है।",hinglish,"anger,sadness,hopelessness,help_seeking"
"हमारी बस्ती के बाहर लोग घेर रहे हैं, दरवाज़े लॉक कर रखे हैं, चिल्ला रहे हैं कि बाहर निकलो, अभी तुरंत पुलिस चाहिए!",hinglish,"immediate_danger,panic,fear,help_seeking"
"DSP साहब अभी तक नहीं आए, थानेदार कहता है 'तुम लोग ही तो समस्या', हमें न्याय नहीं मिल रहा, बहुत गुस्सा है।",hinglish,"anger,hopelessness,intimidation,help_seeking"
"हैंडपंप से पानी नहीं मिला, पड़ोसी दारू पीकर गाली-गलौज कर रहे हैं, हमें डर लग रहा है कि आगे क्या होगा।",hinglish,"fear,intimidation,sadness,help_seeking"
"दबंगों ने हमारे खेत का पट्टा ले लिया, कहा अगर हम नहीं मानेंगे तो घर जलाकर रख देंगे, हम बहुत पैनिक में हैं।",hinglish,"intimidation,fear,panic,help_seeking"
"चौपाल में हमें बुलाया ही नहीं गया, सब लोग हमें सामाजिक बहिष्कार कर रहे हैं, हम बहुत उदास और निराश हैं।",hinglish,"sadness,hopelessness,anger,help_seeking"
"हमारी एफआईआर दर्ज हुई थी, अब तक कोई अपडेट नहीं मिला, कृपया स्थिति बताइए।",hinglish,others
"भाई, थानेदार सुनता ही ना, मैं डर के मारे घर से बाहर नहीं निकल पा रहा हूँ, वे हमें धमका रहे हैं।",hi,"fear,intimidation,help_seeking"
"पंचायत में जब मैं गया तो मेरे ऊपर जातिसूचक गाली दी, लोग कह रहे थे कि हम तो 'छछू' ही हैं, अब गाँव की चौपाल में भी बेइज्जत महसूस कर रहा हूँ।",hi,"sadness,anger,hopelessness"
"हमारे टोले के लोगों को गाँव के कुएँ से पानी नहीं मिलने दिया, दूकान वाले भी हमें सामान नहीं बेचते, पूरी तरह से सामाजिक बहिष्कार हो गया है।",hi,"sadness,hopelessness,help_seeking"
"जब मैंने थाने में एफआईआर लिखवाने की गुहार लगाई तो दारू पीकर गाली-गलौज वाले थानेदार ने कागज़ फाड़ दिया, अब क्या करूँ?",hi,"anger,hopelessness,help_seeking"
"हमारे खेत का रास्ता दबंगों ने ट्रैक्टर से रोक दियो, जब हम निकलने की कोशिश की तो उन्होंने धक्का मार कर हमें बेइज्जत की, अब हम डर के मारे घर नहीं जा पा रहे।",hi,"intimidation,fear,help_seeking"
"बाबूजी, जब मैं बाजार में गया तो दुकान वाले ने कहा कि हमारे टोले के लोग यहाँ नहीं आ सकते, हमें धक्का मार कर बाहर निकाल दिया।",hi,"sadness,anger,hopelessness"
"थानेदार ने कहा कि हमारे केस में कोई बड़ी बात नहीं, इसलिए मैं एफआईआर नहीं लिखवाऊँगा, हमें बस झेलना पड़ेगा।",hi,"hopelessness,anger,help_seeking"
"मैं अभी भी डर के मारे नहीं सो पा रहा, कल से ही लोग हमारे घर के सामने धक्का मारते रहे, लगता है हम पर हमला होगा।",hi,"panic,fear,help_seeking"
"हमारी बेटी को मंदिर में प्रवेश नहीं दिया गया, पुजारी ने कहा कि वह 'अशुद्ध' है, अब हमें बहुत दुख हो रहा है।",hi,"sadness,anger,hopelessness"
"गाँव का नाई हमारे टोले के लोगों को कतर देता है, कहता है कि वो मेरे बाल नहीं काटेगा, इससे हमें बहुत अपमानित महसूस हो रहा है।",hi,"sadness,anger,hopelessness"
"डिस्पी ने वादा किया था कि वह आएँगे, पर दो हफ्ते बीत गए, अभी तक कोई नहीं आया, हम फँसे हुए हैं।",hi,"hopelessness,anger,help_seeking"
"दबंगों ने हमें हथियार दिखा कर कहा कि अगर हम शिकायत करेंगे तो हम सबको मार देंगे, अब हम बहुत डर रहे हैं।",hi,"intimidation,fear,immediate_danger,help_seeking"
"बाबूजी, थानेदार ने मेरा FIR नहीं लिया, अब हम डर के मारे घर में ही छुपे हैं!",hinglish,"fear,immediate_danger,help_seeking"
"हमारे टोले में कल रात दबंगों ने लड़का मार डाला, पर थानेदार ने शिकायत नहीं ली, कागज फाड़ दिया और हमें समझाया कि हम ही गलती वाले हैं। अब परिवार बहुत स्केयर है और कोई मदद नहीं मिल रही।",hinglish,"fear,intimidation,hopelessness,help_seeking"
"पोलिस ने हमारे खिलाफ झूठी क्रॉस‑FIR दायर कर दी, मेडिकल रिपोर्ट भी नहीं मिली और वकील भी नहीं दिया, अब हम compensation portal पर भी इंतजार में हैं।",hinglish,"anger,hopelessness,help_seeking"
"हमारी दुकान ने हमें पानी का हैंडपंप नहीं दिया, लोग कह रहे हैं कि हम SC हैं, अब घर में बच्चा भी पानी नहीं पी पा रहा, पूरी सामुदायिक बहिष्कार है।",hinglish,"sadness,hopelessness,help_seeking"
"दबंगों ने कहा है कि अगर हम केस नहीं खींचेंगे तो हमारे घर को आग लगा देंगे, दारू पीकर गाली‑गलौज कर रहे हैं, अब हम बहुत डरे हुए हैं।",hinglish,"intimidation,fear,immediate_danger,help_seeking"
"पुलिस वाले हमारे गांव के पट्टा वाले को ही सुनते हैं, हमारे बेटे की चोट का रिपोर्ट नहीं बना रहे, थानेदार कह रहा है कि हम ही झगड़ा शुरू किया।",hinglish,"anger,hopelessness,help_seeking"
"कुंआ से पानी नहीं मिल रहा, दुकान वाले हमें बेइज्जत कर रहे, जल्दी मदद करो!",hinglish,"panic,immediate_danger,help_seeking"
"हमारे टोले में सब लोग हमारे घर से सामान नहीं ले रहे, नाई भी कतर रहा है, बच्चों को स्कूल से बाहर निकाल दिया, हमें पूरी तरह से सामाजिक बहिष्कार का सामना करना पड़ रहा है।",hinglish,"sadness,hopelessness,anger,help_seeking"
"DSP ने वादा किया था कि कल आएगा, पर अब दो हफ्ते हो गए, कोई भी कार्रवाई नहीं हुई, केस फाइल ही नहीं हुआ।",hinglish,"hopelessness,anger,help_seeking"
"हमारे पास कोई वकील नहीं है, पुलिस ने कहा है कि हम खुद ही केस लेंगे, अब हम बहुत परेशान हैं।",hinglish,"panic,hopelessness,help_seeking"
"कृपया बताइए, FIR दर्ज होने के बाद ऑनलाइन कॉम्पेंसेशन कैसे चेक करें?",hinglish,others
"थाने में शिकायत करने की प्रक्रिया क्या है, कौनसे दस्तावेज़ चाहिए?",hinglish,others
"कल सुबह मंदिर में प्रवेश की कोशिश की तो पुजारी ने जातिसूचक गालियां दीं और हमें बाहर निकाल दिया, अब हमें पूजा करने का अधिकार नहीं मिल रहा।",hi,"intimidation,anger,sadness"
"पंचायत की चौपाल में मेरे पिता को दबंगों ने घेर कर ""छछूरे"" कहकर बेइज्जत किया, हमें डर लग रहा है कि आगे कोई नुकसान हो।",hi,"fear,intimidation,anger"
"हमारे टोले में सभी दुकानदारों ने हमें सामान नहीं बेचना शुरू कर दिया, यहाँ तक कि दवाई की दुकान भी हमें बाहर रख देती है, हमें सामाजिक बहिष्कार का सामना करना पड़ रहा है।",hi,"hopelessness,sadness,anger"
"गांव के सार्वजनिक हैंडपंप से पानी लेने पर दारू पीकर गाली-गलौज करने वाले लोग हमें मारते हैं और पानी नहीं देते, अब बच्चों को पानी नहीं मिल रहा।",hi,"fear,panic,sadness"
"हमारे टोले का नाई अब हमें कंघी नहीं करता, कहता है कि हम ""छछूरे"" हैं, इससे हमें बहुत अपमानित महसूस हो रहा है।",hi,"sadness,anger,hopelessness"
"हमारी पट्टे की जमीन पर पड़ोसी ने अवैध कब्जा कर लिया है, उन्होंने हमारे खेत में ध्वस्त कर दिया और हमें कोई मदद नहीं मिल रही।",hi,"help_seeking,anger,intimidation"
"डर के मारे हम थानेदार से शिकायत नहीं कर पा रहे हैं, कृपया हमारे खिलाफ जातिसूचक गालियों और धमकी के लिए एफआईआर दर्ज कराएँ।",hi,"help_seeking,fear,intimidation"
"हमारी परिवार को पोए राहत निधि का भुगतान दो महीने से नहीं आया, अब हम खेती नहीं कर पा रहे हैं, कृपया जल्दी कार्रवाई करें।",hi,"hopelessness,sadness,help_seeking"
"मेरे बेटे की स्कॉलरशिप अभी तक नहीं मिली, स्कूल ने कहा कि दस्तावेज़ ठीक नहीं हैं, हमें बहुत चिंता है।",hi,"sadness,hopelessness,help_seeking"
"हमारे टोले की मुख्य सड़क में गड्ढे हैं, बारिश में गाड़ी फंस जाती है, कृपया जल्द से जल्द मरम्मत करवाएँ।",hi,others
"पिछले महीने से हमारे खलिहान के पास नाली बंद है, खेत में पानी भर रहा है, हमें मदद चाहिए।",hi,help_seeking
"गांव के दबंग ने कहा कि अगर हम शिकायत करेंगे तो घर में आग लगा देंगे, हमें अब डर लग रहा है।",hi,"fear,intimidation,panic"
"बाबू जी, हमारे घर के चारों ओर दबंगों ने पत्थर फेंकना शुरू कर दिया है, हाथ में तलवार‑तलवार लेकर दरवाज़ा बंद कर दिया, तुरंत मदद चाहिए, हम डर के मारे कांप रहे हैं।",hi,"immediate_danger,fear,panic,help_seeking"
